"orig.ident","nCount_RNA","nFeature_RNA","gsm","sample_id","condition","replicate","trem2_status","ad_status","percent.mt","integrated_snn_res.0.3","seurat_clusters","cluster_id","broad_celltype","is_glia","cell_barcode"
"WT1",1005,825,"GSM4173504","WT1","WT",1,"WT","non_5XFAD",0.597014925373134,"9","9","9","Microglia",TRUE,"WT1_AAACCTGTCCTCGCAT-1"
"WT1",798,673,"GSM4173504","WT1","WT",1,"WT","non_5XFAD",0.25062656641604,"9","9","9","Microglia",TRUE,"WT1_AAAGCAACAGCTTCGG-1"
"WT1",799,678,"GSM4173504","WT1","WT",1,"WT","non_5XFAD",0,"9","9","9","Microglia",TRUE,"WT1_AAAGTAGAGCCCTAAT-1"
"WT1",1174,980,"GSM4173504","WT1","WT",1,"WT","non_5XFAD",0.425894378194208,"9","9","9","Microglia",TRUE,"WT1_AAAGTAGTCGGTGTTA-1"
"WT1",1041,843,"GSM4173504","WT1","WT",1,"WT","non_5XFAD",0,"9","9","9","Microglia",TRUE,"WT1_AAATGCCAGGGAAACA-1"
"WT1",1844,1381,"GSM4173504","WT1","WT",1,"WT","non_5XFAD",0.488069414316703,"9","9","9","Microglia",TRUE,"WT1_AACCATGAGAGGTTAT-1"
"WT1",1001,808,"GSM4173504","WT1","WT",1,"WT","non_5XFAD",0.1998001998002,"9","9","9","Microglia",TRUE,"WT1_AACCATGGTATCGCAT-1"
"WT1",1135,923,"GSM4173504","WT1","WT",1,"WT","non_5XFAD",0.176211453744493,"9","9","9","Microglia",TRUE,"WT1_AACCGCGCATGCTAGT-1"
"WT1",982,799,"GSM4173504","WT1","WT",1,"WT","non_5XFAD",0.203665987780041,"9","9","9","Microglia",TRUE,"WT1_AACGTTGAGAGATGAG-1"
"WT1",1177,936,"GSM4173504","WT1","WT",1,"WT","non_5XFAD",0.339847068819031,"9","9","9","Microglia",TRUE,"WT1_AACTCAGGTGTCGCTG-1"
"WT1",1441,1135,"GSM4173504","WT1","WT",1,"WT","non_5XFAD",0.555170020818876,"9","9","9","Microglia",TRUE,"WT1_AACTCCCGTTTGTTTC-1"
"WT1",2002,1484,"GSM4173504","WT1","WT",1,"WT","non_5XFAD",0.14985014985015,"9","9","9","Microglia",TRUE,"WT1_AACTCCCTCTTCGGTC-1"
"WT1",1015,840,"GSM4173504","WT1","WT",1,"WT","non_5XFAD",0.0985221674876847,"9","9","9","Microglia",TRUE,"WT1_AACTCTTAGATGTGTA-1"
"WT1",1081,862,"GSM4173504","WT1","WT",1,"WT","non_5XFAD",0.462534690101758,"9","9","9","Microglia",TRUE,"WT1_AACTGGTAGAAACGAG-1"
"WT1",1157,961,"GSM4173504","WT1","WT",1,"WT","non_5XFAD",0.0864304235090752,"9","9","9","Microglia",TRUE,"WT1_AACTGGTTCGATCCCT-1"
"WT1",936,776,"GSM4173504","WT1","WT",1,"WT","non_5XFAD",0.213675213675214,"9","9","9","Microglia",TRUE,"WT1_AACTTTCCACGCGAAA-1"
"WT1",1048,823,"GSM4173504","WT1","WT",1,"WT","non_5XFAD",0,"9","9","9","Microglia",TRUE,"WT1_AACTTTCGTGAGGCTA-1"
"WT1",1104,925,"GSM4173504","WT1","WT",1,"WT","non_5XFAD",0.181159420289855,"9","9","9","Microglia",TRUE,"WT1_AAGACCTCAAAGCGGT-1"
"WT1",814,665,"GSM4173504","WT1","WT",1,"WT","non_5XFAD",3.68550368550369,"9","9","9","Microglia",TRUE,"WT1_AAGACCTGTGCTAGCC-1"
"WT1",990,807,"GSM4173504","WT1","WT",1,"WT","non_5XFAD",0.202020202020202,"9","9","9","Microglia",TRUE,"WT1_AAGCCGCAGAAGGGTA-1"
"WT1",843,646,"GSM4173504","WT1","WT",1,"WT","non_5XFAD",0.118623962040332,"9","9","9","Microglia",TRUE,"WT1_AAGCCGCTCCTAAGTG-1"
"WT1",831,688,"GSM4173504","WT1","WT",1,"WT","non_5XFAD",0,"9","9","9","Microglia",TRUE,"WT1_AAGGTTCTCTTTCCTC-1"
"WT1",823,707,"GSM4173504","WT1","WT",1,"WT","non_5XFAD",0.121506682867558,"9","9","9","Microglia",TRUE,"WT1_AATCGGTAGCTGGAAC-1"
"WT1",1230,961,"GSM4173504","WT1","WT",1,"WT","non_5XFAD",0.24390243902439,"9","9","9","Microglia",TRUE,"WT1_ACACCGGAGAGTACAT-1"
"WT1",1342,1065,"GSM4173504","WT1","WT",1,"WT","non_5XFAD",0.22354694485842,"9","9","9","Microglia",TRUE,"WT1_ACACCGGGTTGATTGC-1"
"WT1",1271,980,"GSM4173504","WT1","WT",1,"WT","non_5XFAD",0,"9","9","9","Microglia",TRUE,"WT1_ACACTGAAGATGGGTC-1"
"WT1",1119,930,"GSM4173504","WT1","WT",1,"WT","non_5XFAD",0.0893655049151028,"9","9","9","Microglia",TRUE,"WT1_ACATACGGTCAAACTC-1"
"WT1",1265,991,"GSM4173504","WT1","WT",1,"WT","non_5XFAD",0,"9","9","9","Microglia",TRUE,"WT1_ACATACGTCGACAGCC-1"
"WT1",1282,1015,"GSM4173504","WT1","WT",1,"WT","non_5XFAD",0,"9","9","9","Microglia",TRUE,"WT1_ACATCAGAGTAACCCT-1"
"WT1",1109,865,"GSM4173504","WT1","WT",1,"WT","non_5XFAD",0.991884580703336,"9","9","9","Microglia",TRUE,"WT1_ACATCAGAGTCTCAAC-1"
"WT1",1252,1014,"GSM4173504","WT1","WT",1,"WT","non_5XFAD",0.0798722044728434,"9","9","9","Microglia",TRUE,"WT1_ACATGGTGTTCCACAA-1"
"WT1",1179,918,"GSM4173504","WT1","WT",1,"WT","non_5XFAD",0.0848176420695505,"9","9","9","Microglia",TRUE,"WT1_ACCAGTACACCATCCT-1"
"WT1",896,756,"GSM4173504","WT1","WT",1,"WT","non_5XFAD",0,"9","9","9","Microglia",TRUE,"WT1_ACCAGTAGTTACCGAT-1"
"WT1",1233,950,"GSM4173504","WT1","WT",1,"WT","non_5XFAD",4.29845904298459,"9","9","9","Microglia",TRUE,"WT1_ACCCACTGTGCTTCTC-1"
"WT1",965,794,"GSM4173504","WT1","WT",1,"WT","non_5XFAD",0,"9","9","9","Microglia",TRUE,"WT1_ACCGTAAAGGACCACA-1"
"WT1",930,748,"GSM4173504","WT1","WT",1,"WT","non_5XFAD",0.43010752688172,"9","9","9","Microglia",TRUE,"WT1_ACCTTTAAGAAGATTC-1"
"WT1",965,820,"GSM4173504","WT1","WT",1,"WT","non_5XFAD",0,"9","9","9","Microglia",TRUE,"WT1_ACGAGCCAGCTCTCGG-1"
"WT1",1322,911,"GSM4173504","WT1","WT",1,"WT","non_5XFAD",0,"9","9","9","Microglia",TRUE,"WT1_ACGAGGACACGGTTTA-1"
"WT1",1255,988,"GSM4173504","WT1","WT",1,"WT","non_5XFAD",0.0796812749003984,"9","9","9","Microglia",TRUE,"WT1_ACGATACCAATAGAGT-1"
"WT1",1309,1043,"GSM4173504","WT1","WT",1,"WT","non_5XFAD",4.20168067226891,"9","9","9","Microglia",TRUE,"WT1_ACGATACCATACAGCT-1"
"WT1",942,708,"GSM4173504","WT1","WT",1,"WT","non_5XFAD",0.955414012738854,"9","9","9","Microglia",TRUE,"WT1_ACGCCAGAGGGAAACA-1"
"WT1",1085,882,"GSM4173504","WT1","WT",1,"WT","non_5XFAD",0,"9","9","9","Microglia",TRUE,"WT1_ACGCCGATCTGCTGCT-1"
"WT1",797,605,"GSM4173504","WT1","WT",1,"WT","non_5XFAD",0,"9","9","9","Microglia",TRUE,"WT1_ACGGCCACACGGTTTA-1"
"WT1",1533,1170,"GSM4173504","WT1","WT",1,"WT","non_5XFAD",0.0652315720808871,"9","9","9","Microglia",TRUE,"WT1_ACGGCCAGTGTGAAAT-1"
"WT1",769,647,"GSM4173504","WT1","WT",1,"WT","non_5XFAD",0,"9","9","9","Microglia",TRUE,"WT1_ACGGGTCCAAACGCGA-1"
"WT1",1045,855,"GSM4173504","WT1","WT",1,"WT","non_5XFAD",0.0956937799043062,"9","9","9","Microglia",TRUE,"WT1_ACTGATGTCATTCACT-1"
"WT1",1405,1125,"GSM4173504","WT1","WT",1,"WT","non_5XFAD",0,"9","9","9","Microglia",TRUE,"WT1_ACTGCTCAGATCTGAA-1"
"WT1",1021,854,"GSM4173504","WT1","WT",1,"WT","non_5XFAD",0.0979431929480901,"9","9","9","Microglia",TRUE,"WT1_ACTGCTCAGTTTGCGT-1"
"WT1",917,728,"GSM4173504","WT1","WT",1,"WT","non_5XFAD",0.763358778625954,"9","9","9","Microglia",TRUE,"WT1_ACTGCTCTCTGCGACG-1"
"WT1",705,574,"GSM4173504","WT1","WT",1,"WT","non_5XFAD",7.3758865248227,"9","9","9","Microglia",TRUE,"WT1_ACTTACTAGCCGTCGT-1"
"WT1",1157,866,"GSM4173504","WT1","WT",1,"WT","non_5XFAD",0,"9","9","9","Microglia",TRUE,"WT1_ACTTACTCAATGAAAC-1"
"WT1",932,751,"GSM4173504","WT1","WT",1,"WT","non_5XFAD",0.214592274678112,"9","9","9","Microglia",TRUE,"WT1_ACTTACTCACAGAGGT-1"
"WT1",904,759,"GSM4173504","WT1","WT",1,"WT","non_5XFAD",0,"9","9","9","Microglia",TRUE,"WT1_AGAATAGGTCCGCTGA-1"
"WT1",659,570,"GSM4173504","WT1","WT",1,"WT","non_5XFAD",0,"9","9","9","Microglia",TRUE,"WT1_AGAATAGTCAGCAACT-1"
"WT1",923,732,"GSM4173504","WT1","WT",1,"WT","non_5XFAD",0.108342361863489,"9","9","9","Microglia",TRUE,"WT1_AGAGCGAGTCAAAGAT-1"
"WT1",858,717,"GSM4173504","WT1","WT",1,"WT","non_5XFAD",0.34965034965035,"9","9","9","Microglia",TRUE,"WT1_AGAGCTTAGCTCAACT-1"
"WT1",1050,845,"GSM4173504","WT1","WT",1,"WT","non_5XFAD",0.285714285714286,"9","9","9","Microglia",TRUE,"WT1_AGAGTGGCATTCCTCG-1"
"WT1",1088,854,"GSM4173504","WT1","WT",1,"WT","non_5XFAD",0,"9","9","9","Microglia",TRUE,"WT1_AGATCTGCAATCTACG-1"
"WT1",1228,1006,"GSM4173504","WT1","WT",1,"WT","non_5XFAD",0,"9","9","9","Microglia",TRUE,"WT1_AGATCTGGTATTACCG-1"
"WT1",1029,852,"GSM4173504","WT1","WT",1,"WT","non_5XFAD",0.680272108843537,"9","9","9","Microglia",TRUE,"WT1_AGATTGCAGTTATCGC-1"
"WT1",1179,939,"GSM4173504","WT1","WT",1,"WT","non_5XFAD",0,"9","9","9","Microglia",TRUE,"WT1_AGATTGCCACCGAATT-1"
"WT1",1005,827,"GSM4173504","WT1","WT",1,"WT","non_5XFAD",0.099502487562189,"9","9","9","Microglia",TRUE,"WT1_AGATTGCGTAGCGATG-1"
"WT1",1157,942,"GSM4173504","WT1","WT",1,"WT","non_5XFAD",0.17286084701815,"9","9","9","Microglia",TRUE,"WT1_AGCCTAACAGTATGCT-1"
"WT1",1222,975,"GSM4173504","WT1","WT",1,"WT","non_5XFAD",0.736497545008183,"9","9","9","Microglia",TRUE,"WT1_AGCGGTCAGGCTAGAC-1"
"WT1",925,779,"GSM4173504","WT1","WT",1,"WT","non_5XFAD",1.08108108108108,"9","9","9","Microglia",TRUE,"WT1_AGCGTATAGATCTGAA-1"
"WT1",1229,967,"GSM4173504","WT1","WT",1,"WT","non_5XFAD",0.16273393002441,"9","9","9","Microglia",TRUE,"WT1_AGCTCCTCAAAGGTGC-1"
"WT1",1223,972,"GSM4173504","WT1","WT",1,"WT","non_5XFAD",0.163532297628782,"9","9","9","Microglia",TRUE,"WT1_AGGCCACTCATGTCCC-1"
"WT1",994,809,"GSM4173504","WT1","WT",1,"WT","non_5XFAD",0,"9","9","9","Microglia",TRUE,"WT1_AGGCCGTCAGATGGCA-1"
"WT1",1048,850,"GSM4173504","WT1","WT",1,"WT","non_5XFAD",0,"9","9","9","Microglia",TRUE,"WT1_AGGGATGCATTTCAGG-1"
"WT1",907,765,"GSM4173504","WT1","WT",1,"WT","non_5XFAD",0.110253583241455,"9","9","9","Microglia",TRUE,"WT1_AGGTCATGTAGAGTGC-1"
"WT1",991,793,"GSM4173504","WT1","WT",1,"WT","non_5XFAD",0.70635721493441,"9","9","9","Microglia",TRUE,"WT1_AGGTCATTCCTGCAGG-1"
"WT1",1236,1012,"GSM4173504","WT1","WT",1,"WT","non_5XFAD",0.161812297734628,"9","9","9","Microglia",TRUE,"WT1_AGTAGTCTCAATAAGG-1"
"WT1",1076,860,"GSM4173504","WT1","WT",1,"WT","non_5XFAD",0.185873605947955,"9","9","9","Microglia",TRUE,"WT1_AGTCTTTCAAGCCGTC-1"
"WT1",970,743,"GSM4173504","WT1","WT",1,"WT","non_5XFAD",8.24742268041237,"9","9","9","Microglia",TRUE,"WT1_AGTCTTTCAGCTCCGA-1"
"WT1",944,757,"GSM4173504","WT1","WT",1,"WT","non_5XFAD",0.105932203389831,"9","9","9","Microglia",TRUE,"WT1_AGTGAGGAGTTACCCA-1"
"WT1",1078,836,"GSM4173504","WT1","WT",1,"WT","non_5XFAD",0,"9","9","9","Microglia",TRUE,"WT1_AGTGTCATCAGAGACG-1"
"WT1",1125,948,"GSM4173504","WT1","WT",1,"WT","non_5XFAD",0.444444444444444,"9","9","9","Microglia",TRUE,"WT1_AGTTGGTCAGACACTT-1"
"WT1",863,735,"GSM4173504","WT1","WT",1,"WT","non_5XFAD",0,"9","9","9","Microglia",TRUE,"WT1_ATAAGAGAGTAGGTGC-1"
"WT1",1188,953,"GSM4173504","WT1","WT",1,"WT","non_5XFAD",0.420875420875421,"9","9","9","Microglia",TRUE,"WT1_ATAGACCTCGATGAGG-1"
"WT1",7729,4136,"GSM4173504","WT1","WT",1,"WT","non_5XFAD",0.0129382843834907,"9","9","9","Microglia",TRUE,"WT1_ATCACGACAAGTAATG-1"
"WT1",582,503,"GSM4173504","WT1","WT",1,"WT","non_5XFAD",0.515463917525773,"9","9","9","Microglia",TRUE,"WT1_ATCCGAAAGAAACCAT-1"
"WT1",545,470,"GSM4173504","WT1","WT",1,"WT","non_5XFAD",0.18348623853211,"9","9","9","Microglia",TRUE,"WT1_ATCCGAAAGCGATAGC-1"
"WT1",1017,850,"GSM4173504","WT1","WT",1,"WT","non_5XFAD",0.393313667649951,"9","9","9","Microglia",TRUE,"WT1_ATCCGAAGTATATGAG-1"
"WT1",1253,1021,"GSM4173504","WT1","WT",1,"WT","non_5XFAD",0.0798084596967279,"9","9","9","Microglia",TRUE,"WT1_ATCGAGTCAAACTGTC-1"
"WT1",1038,809,"GSM4173504","WT1","WT",1,"WT","non_5XFAD",0.0963391136801541,"9","9","9","Microglia",TRUE,"WT1_ATCGAGTCATGCCTAA-1"
"WT1",1833,1341,"GSM4173504","WT1","WT",1,"WT","non_5XFAD",0.16366612111293,"9","9","9","Microglia",TRUE,"WT1_ATCTGCCGTGTGACGA-1"
"WT1",781,661,"GSM4173504","WT1","WT",1,"WT","non_5XFAD",0.768245838668374,"9","9","9","Microglia",TRUE,"WT1_ATGCGATGTGCACGAA-1"
"WT1",1215,957,"GSM4173504","WT1","WT",1,"WT","non_5XFAD",0.0823045267489712,"9","9","9","Microglia",TRUE,"WT1_ATGCGATTCTGCTGCT-1"
"WT1",1151,949,"GSM4173504","WT1","WT",1,"WT","non_5XFAD",0.608166811468288,"9","9","9","Microglia",TRUE,"WT1_ATGGGAGAGGTGCTTT-1"
"WT1",1370,1076,"GSM4173504","WT1","WT",1,"WT","non_5XFAD",0.145985401459854,"9","9","9","Microglia",TRUE,"WT1_ATGTGTGTCGGCGGTT-1"
"WT1",808,676,"GSM4173504","WT1","WT",1,"WT","non_5XFAD",0.495049504950495,"9","9","9","Microglia",TRUE,"WT1_ATGTGTGTCGTACGGC-1"
"WT1",1342,1054,"GSM4173504","WT1","WT",1,"WT","non_5XFAD",0,"9","9","9","Microglia",TRUE,"WT1_ATTACTCTCGATGAGG-1"
"WT1",1016,821,"GSM4173504","WT1","WT",1,"WT","non_5XFAD",0.295275590551181,"9","9","9","Microglia",TRUE,"WT1_ATTCTACAGGCAGTCA-1"
"WT1",896,705,"GSM4173504","WT1","WT",1,"WT","non_5XFAD",0,"9","9","9","Microglia",TRUE,"WT1_ATTCTACAGTACGCCC-1"
"WT1",1090,893,"GSM4173504","WT1","WT",1,"WT","non_5XFAD",0.458715596330275,"9","9","9","Microglia",TRUE,"WT1_ATTGGACCAAATCCGT-1"
"WT1",983,792,"GSM4173504","WT1","WT",1,"WT","non_5XFAD",0.508646998982706,"9","9","9","Microglia",TRUE,"WT1_CAACCTCGTACCCAAT-1"
"WT1",1457,1126,"GSM4173504","WT1","WT",1,"WT","non_5XFAD",0.0686341798215511,"9","9","9","Microglia",TRUE,"WT1_CAACCTCGTCAGCTAT-1"
"WT1",1016,843,"GSM4173504","WT1","WT",1,"WT","non_5XFAD",0.0984251968503937,"9","9","9","Microglia",TRUE,"WT1_CAACTAGTCCGCGTTT-1"
"WT1",1108,921,"GSM4173504","WT1","WT",1,"WT","non_5XFAD",0.0902527075812274,"9","9","9","Microglia",TRUE,"WT1_CACACAAAGCTAAGAT-1"
"WT1",1336,1032,"GSM4173504","WT1","WT",1,"WT","non_5XFAD",0.374251497005988,"9","9","9","Microglia",TRUE,"WT1_CACACAACAGTACACT-1"
"WT1",977,811,"GSM4173504","WT1","WT",1,"WT","non_5XFAD",0.102354145342886,"9","9","9","Microglia",TRUE,"WT1_CACACCTAGCAGGCTA-1"
"WT1",1048,854,"GSM4173504","WT1","WT",1,"WT","non_5XFAD",0.286259541984733,"9","9","9","Microglia",TRUE,"WT1_CACACCTGTTAGTGGG-1"
"WT1",1470,1125,"GSM4173504","WT1","WT",1,"WT","non_5XFAD",0.0680272108843537,"9","9","9","Microglia",TRUE,"WT1_CACACCTTCACAATGC-1"
"WT1",1407,1094,"GSM4173504","WT1","WT",1,"WT","non_5XFAD",0.213219616204691,"9","9","9","Microglia",TRUE,"WT1_CACACTCAGGGTTTCT-1"
"WT1",1114,880,"GSM4173504","WT1","WT",1,"WT","non_5XFAD",0.269299820466786,"9","9","9","Microglia",TRUE,"WT1_CACAGTAAGCGGCTTC-1"
"WT1",1033,833,"GSM4173504","WT1","WT",1,"WT","non_5XFAD",0.580832526621491,"9","9","9","Microglia",TRUE,"WT1_CACATAGCAGCTTCGG-1"
"WT1",1393,1114,"GSM4173504","WT1","WT",1,"WT","non_5XFAD",0.215362526920316,"9","9","9","Microglia",TRUE,"WT1_CACCACTAGCACACAG-1"
"WT1",1011,832,"GSM4173504","WT1","WT",1,"WT","non_5XFAD",0,"9","9","9","Microglia",TRUE,"WT1_CACCAGGAGCCCTAAT-1"
"WT1",1308,1018,"GSM4173504","WT1","WT",1,"WT","non_5XFAD",0,"9","9","9","Microglia",TRUE,"WT1_CACCTTGGTTCGTGAT-1"
"WT1",782,640,"GSM4173504","WT1","WT",1,"WT","non_5XFAD",0.127877237851662,"9","9","9","Microglia",TRUE,"WT1_CAGAATCGTCTCAACA-1"
"WT1",1272,940,"GSM4173504","WT1","WT",1,"WT","non_5XFAD",0.393081761006289,"9","9","9","Microglia",TRUE,"WT1_CAGATCAAGGCAAAGA-1"
"WT1",630,532,"GSM4173504","WT1","WT",1,"WT","non_5XFAD",0.793650793650794,"9","9","9","Microglia",TRUE,"WT1_CAGATCAGTAACGTTC-1"
"WT1",1314,1049,"GSM4173504","WT1","WT",1,"WT","non_5XFAD",0.45662100456621,"9","9","9","Microglia",TRUE,"WT1_CAGCAGCAGCAGACTG-1"
"WT1",921,768,"GSM4173504","WT1","WT",1,"WT","non_5XFAD",0.1085776330076,"9","9","9","Microglia",TRUE,"WT1_CAGCAGCGTGTTTGTG-1"
"WT1",1010,848,"GSM4173504","WT1","WT",1,"WT","non_5XFAD",0.099009900990099,"9","9","9","Microglia",TRUE,"WT1_CAGCGACGTCAAACTC-1"
"WT1",546,465,"GSM4173504","WT1","WT",1,"WT","non_5XFAD",0,"9","9","9","Microglia",TRUE,"WT1_CATATGGCAACGCACC-1"
"WT1",917,754,"GSM4173504","WT1","WT",1,"WT","non_5XFAD",1.19956379498364,"9","9","9","Microglia",TRUE,"WT1_CATCAAGAGAGTACAT-1"
"WT1",646,559,"GSM4173504","WT1","WT",1,"WT","non_5XFAD",0.309597523219814,"9","9","9","Microglia",TRUE,"WT1_CATCAAGAGCGTGAAC-1"
"WT1",1110,864,"GSM4173504","WT1","WT",1,"WT","non_5XFAD",0.0900900900900901,"9","9","9","Microglia",TRUE,"WT1_CATCAAGAGTAGATGT-1"
"WT1",739,592,"GSM4173504","WT1","WT",1,"WT","non_5XFAD",0.13531799729364,"9","9","9","Microglia",TRUE,"WT1_CATCCACCAGATCGGA-1"
"WT1",899,748,"GSM4173504","WT1","WT",1,"WT","non_5XFAD",0.111234705228031,"9","9","9","Microglia",TRUE,"WT1_CATCGAACACAAGCCC-1"
"WT1",987,818,"GSM4173504","WT1","WT",1,"WT","non_5XFAD",0,"9","9","9","Microglia",TRUE,"WT1_CATGACATCACAGTAC-1"
"WT1",946,789,"GSM4173504","WT1","WT",1,"WT","non_5XFAD",0,"9","9","9","Microglia",TRUE,"WT1_CATTATCAGACTGGGT-1"
"WT1",1207,991,"GSM4173504","WT1","WT",1,"WT","non_5XFAD",0.0828500414250207,"9","9","9","Microglia",TRUE,"WT1_CATTCGCTCGGCCGAT-1"
"WT1",1002,801,"GSM4173504","WT1","WT",1,"WT","non_5XFAD",0.29940119760479,"9","9","9","Microglia",TRUE,"WT1_CCAATCCGTCGAACAG-1"
"WT1",1280,969,"GSM4173504","WT1","WT",1,"WT","non_5XFAD",0.3125,"9","9","9","Microglia",TRUE,"WT1_CCACCTAGTCTCCACT-1"
"WT1",929,769,"GSM4173504","WT1","WT",1,"WT","non_5XFAD",0.107642626480086,"9","9","9","Microglia",TRUE,"WT1_CCATGTCTCACCTTAT-1"
"WT1",1051,815,"GSM4173504","WT1","WT",1,"WT","non_5XFAD",0.0951474785918173,"9","9","9","Microglia",TRUE,"WT1_CCATTCGTCAAGGTAA-1"
"WT1",609,534,"GSM4173504","WT1","WT",1,"WT","non_5XFAD",0.164203612479475,"9","9","9","Microglia",TRUE,"WT1_CCCAGTTTCTTACCGC-1"
"WT1",806,669,"GSM4173504","WT1","WT",1,"WT","non_5XFAD",0.496277915632754,"9","9","9","Microglia",TRUE,"WT1_CCGGGATAGTCCCACG-1"
"WT1",705,601,"GSM4173504","WT1","WT",1,"WT","non_5XFAD",0,"9","9","9","Microglia",TRUE,"WT1_CCGGGATCACATTTCT-1"
"WT1",928,775,"GSM4173504","WT1","WT",1,"WT","non_5XFAD",0,"9","9","9","Microglia",TRUE,"WT1_CCGGGATCAGACTCGC-1"
"WT1",781,635,"GSM4173504","WT1","WT",1,"WT","non_5XFAD",0,"9","9","9","Microglia",TRUE,"WT1_CCGTACTAGAGACGAA-1"
"WT1",891,735,"GSM4173504","WT1","WT",1,"WT","non_5XFAD",0,"9","9","9","Microglia",TRUE,"WT1_CCGTACTCATATACCG-1"
"WT1",973,789,"GSM4173504","WT1","WT",1,"WT","non_5XFAD",0,"9","9","9","Microglia",TRUE,"WT1_CCTAAAGGTCTAGAGG-1"
"WT1",1476,1139,"GSM4173504","WT1","WT",1,"WT","non_5XFAD",0.0677506775067751,"9","9","9","Microglia",TRUE,"WT1_CCTACACTCCGCATCT-1"
"WT1",1252,980,"GSM4173504","WT1","WT",1,"WT","non_5XFAD",0.0798722044728434,"9","9","9","Microglia",TRUE,"WT1_CCTACCAAGGAATGGA-1"
"WT1",1758,1359,"GSM4173504","WT1","WT",1,"WT","non_5XFAD",0.170648464163823,"9","9","9","Microglia",TRUE,"WT1_CCTACCATCAAACAAG-1"
"WT1",1267,1001,"GSM4173504","WT1","WT",1,"WT","non_5XFAD",0.315706393054459,"9","9","9","Microglia",TRUE,"WT1_CCTACCATCAAACCAC-1"
"WT1",2332,1680,"GSM4173504","WT1","WT",1,"WT","non_5XFAD",0.0857632933104631,"9","9","9","Microglia",TRUE,"WT1_CCTCAGTAGAGGGCTT-1"
"WT1",1001,819,"GSM4173504","WT1","WT",1,"WT","non_5XFAD",0,"9","9","9","Microglia",TRUE,"WT1_CCTTCGACACGGTAGA-1"
"WT1",1398,1055,"GSM4173504","WT1","WT",1,"WT","non_5XFAD",0.286123032904149,"9","9","9","Microglia",TRUE,"WT1_CCTTCGAGTCTAGGTT-1"
"WT1",915,770,"GSM4173504","WT1","WT",1,"WT","non_5XFAD",0.109289617486339,"9","9","9","Microglia",TRUE,"WT1_CCTTTCTAGCGGATCA-1"
"WT1",860,734,"GSM4173504","WT1","WT",1,"WT","non_5XFAD",0.697674418604651,"9","9","9","Microglia",TRUE,"WT1_CCTTTCTAGGACTGGT-1"
"WT1",1148,899,"GSM4173504","WT1","WT",1,"WT","non_5XFAD",0.261324041811847,"9","9","9","Microglia",TRUE,"WT1_CCTTTCTTCGTTGACA-1"
"WT1",974,818,"GSM4173504","WT1","WT",1,"WT","non_5XFAD",0.205338809034908,"9","9","9","Microglia",TRUE,"WT1_CGAGAAGCAAACGCGA-1"
"WT1",1018,788,"GSM4173504","WT1","WT",1,"WT","non_5XFAD",0.196463654223969,"9","9","9","Microglia",TRUE,"WT1_CGAGCCATCAACACGT-1"
"WT1",1121,912,"GSM4173504","WT1","WT",1,"WT","non_5XFAD",0,"9","9","9","Microglia",TRUE,"WT1_CGATGGCTCCGAATGT-1"
"WT1",1003,804,"GSM4173504","WT1","WT",1,"WT","non_5XFAD",0.0997008973080758,"9","9","9","Microglia",TRUE,"WT1_CGATTGAAGAGGACGG-1"
"WT1",1315,1044,"GSM4173504","WT1","WT",1,"WT","non_5XFAD",0.0760456273764259,"9","9","9","Microglia",TRUE,"WT1_CGCCAAGAGACCTAGG-1"
"WT1",936,778,"GSM4173504","WT1","WT",1,"WT","non_5XFAD",0.213675213675214,"9","9","9","Microglia",TRUE,"WT1_CGCGTTTTCAACGGGA-1"
"WT1",1087,854,"GSM4173504","WT1","WT",1,"WT","non_5XFAD",0.0919963201471941,"9","9","9","Microglia",TRUE,"WT1_CGCTGGAAGACCGGAT-1"
"WT1",1128,938,"GSM4173504","WT1","WT",1,"WT","non_5XFAD",0,"9","9","9","Microglia",TRUE,"WT1_CGGACACGTCTCTCTG-1"
"WT1",1003,846,"GSM4173504","WT1","WT",1,"WT","non_5XFAD",0.598205383848455,"9","9","9","Microglia",TRUE,"WT1_CGGACACGTTGGTTTG-1"
"WT1",899,735,"GSM4173504","WT1","WT",1,"WT","non_5XFAD",0.111234705228031,"9","9","9","Microglia",TRUE,"WT1_CGGACTGTCCTGTACC-1"
"WT1",952,783,"GSM4173504","WT1","WT",1,"WT","non_5XFAD",0,"9","9","9","Microglia",TRUE,"WT1_CGGACTGTCGCCAAAT-1"
"WT1",1408,1152,"GSM4173504","WT1","WT",1,"WT","non_5XFAD",0.0710227272727273,"9","9","9","Microglia",TRUE,"WT1_CGGACTGTCGTCTGCT-1"
"WT1",828,703,"GSM4173504","WT1","WT",1,"WT","non_5XFAD",0.120772946859903,"9","9","9","Microglia",TRUE,"WT1_CGGAGCTTCAGCGACC-1"
"WT1",897,742,"GSM4173504","WT1","WT",1,"WT","non_5XFAD",0.222965440356745,"9","9","9","Microglia",TRUE,"WT1_CGGAGTCAGCTAGCCC-1"
"WT1",922,773,"GSM4173504","WT1","WT",1,"WT","non_5XFAD",0,"9","9","9","Microglia",TRUE,"WT1_CGGAGTCGTCTAAACC-1"
"WT1",4814,3082,"GSM4173504","WT1","WT",1,"WT","non_5XFAD",0.436227669297881,"9","9","9","Microglia",TRUE,"WT1_CGGCTAGGTCGAGATG-1"
"WT1",1086,826,"GSM4173504","WT1","WT",1,"WT","non_5XFAD",0.0920810313075506,"9","9","9","Microglia",TRUE,"WT1_CGGTTAAAGACTTGAA-1"
"WT1",953,790,"GSM4173504","WT1","WT",1,"WT","non_5XFAD",0,"9","9","9","Microglia",TRUE,"WT1_CGTCCATAGAGACGAA-1"
"WT1",1166,897,"GSM4173504","WT1","WT",1,"WT","non_5XFAD",0.0857632933104631,"9","9","9","Microglia",TRUE,"WT1_CGTCTACGTAAACACA-1"
"WT1",958,786,"GSM4173504","WT1","WT",1,"WT","non_5XFAD",0,"9","9","9","Microglia",TRUE,"WT1_CGTGAGCTCGCAAACT-1"
"WT1",1190,996,"GSM4173504","WT1","WT",1,"WT","non_5XFAD",0.168067226890756,"9","9","9","Microglia",TRUE,"WT1_CGTTAGAAGGCCATAG-1"
"WT1",1361,1051,"GSM4173504","WT1","WT",1,"WT","non_5XFAD",0.220426157237326,"9","9","9","Microglia",TRUE,"WT1_CGTTCTGCAAAGGAAG-1"
"WT1",2354,1730,"GSM4173504","WT1","WT",1,"WT","non_5XFAD",0,"9","9","9","Microglia",TRUE,"WT1_CGTTGGGCAAACAACA-1"
"WT1",1145,914,"GSM4173504","WT1","WT",1,"WT","non_5XFAD",0.349344978165939,"9","9","9","Microglia",TRUE,"WT1_CTAACTTGTGACAAAT-1"
"WT1",947,792,"GSM4173504","WT1","WT",1,"WT","non_5XFAD",0.105596620908131,"9","9","9","Microglia",TRUE,"WT1_CTAACTTTCCGTCAAA-1"
"WT1",830,709,"GSM4173504","WT1","WT",1,"WT","non_5XFAD",0,"9","9","9","Microglia",TRUE,"WT1_CTAAGACCAGACGTAG-1"
"WT1",1253,1021,"GSM4173504","WT1","WT",1,"WT","non_5XFAD",0.399042298483639,"9","9","9","Microglia",TRUE,"WT1_CTAAGACGTGGACGAT-1"
"WT1",1512,1205,"GSM4173504","WT1","WT",1,"WT","non_5XFAD",0.132275132275132,"9","9","9","Microglia",TRUE,"WT1_CTAAGACGTTACAGAA-1"
"WT1",970,814,"GSM4173504","WT1","WT",1,"WT","non_5XFAD",0.206185567010309,"9","9","9","Microglia",TRUE,"WT1_CTAATGGTCCGAATGT-1"
"WT1",987,799,"GSM4173504","WT1","WT",1,"WT","non_5XFAD",0.101317122593718,"9","9","9","Microglia",TRUE,"WT1_CTACACCCATCGATTG-1"
"WT1",1035,856,"GSM4173504","WT1","WT",1,"WT","non_5XFAD",0,"9","9","9","Microglia",TRUE,"WT1_CTACATTGTATCGCAT-1"
"WT1",1080,887,"GSM4173504","WT1","WT",1,"WT","non_5XFAD",0,"9","9","9","Microglia",TRUE,"WT1_CTACATTTCTAACCGA-1"
"WT1",951,754,"GSM4173504","WT1","WT",1,"WT","non_5XFAD",0.315457413249211,"9","9","9","Microglia",TRUE,"WT1_CTAGAGTCACACATGT-1"
"WT1",997,798,"GSM4173504","WT1","WT",1,"WT","non_5XFAD",0,"9","9","9","Microglia",TRUE,"WT1_CTAGAGTCACCACCAG-1"
"WT1",976,819,"GSM4173504","WT1","WT",1,"WT","non_5XFAD",0,"9","9","9","Microglia",TRUE,"WT1_CTAGCCTCATCAGTAC-1"
"WT1",1104,894,"GSM4173504","WT1","WT",1,"WT","non_5XFAD",0.36231884057971,"9","9","9","Microglia",TRUE,"WT1_CTAGTGACAAACAACA-1"
"WT1",1414,1115,"GSM4173504","WT1","WT",1,"WT","non_5XFAD",0.212164073550212,"9","9","9","Microglia",TRUE,"WT1_CTCACACTCGGCTTGG-1"
"WT1",1211,979,"GSM4173504","WT1","WT",1,"WT","non_5XFAD",0.165152766308836,"9","9","9","Microglia",TRUE,"WT1_CTCAGAATCAGCGATT-1"
"WT1",1159,928,"GSM4173504","WT1","WT",1,"WT","non_5XFAD",0,"9","9","9","Microglia",TRUE,"WT1_CTCCTAGAGACGCAAC-1"
"WT1",1291,1010,"GSM4173504","WT1","WT",1,"WT","non_5XFAD",0,"9","9","9","Microglia",TRUE,"WT1_CTCCTAGAGATATACG-1"
"WT1",1690,1293,"GSM4173504","WT1","WT",1,"WT","non_5XFAD",0.355029585798817,"9","9","9","Microglia",TRUE,"WT1_CTCCTAGCAGCGTAAG-1"
"WT1",1140,898,"GSM4173504","WT1","WT",1,"WT","non_5XFAD",0.087719298245614,"9","9","9","Microglia",TRUE,"WT1_CTCGAAAGTTCAGGCC-1"
"WT1",949,788,"GSM4173504","WT1","WT",1,"WT","non_5XFAD",0.210748155953635,"9","9","9","Microglia",TRUE,"WT1_CTCGAAAGTTGAGGTG-1"
"WT1",1325,1061,"GSM4173504","WT1","WT",1,"WT","non_5XFAD",0.226415094339623,"9","9","9","Microglia",TRUE,"WT1_CTCGTACTCTCGTTTA-1"
"WT1",1066,821,"GSM4173504","WT1","WT",1,"WT","non_5XFAD",1.03189493433396,"9","9","9","Microglia",TRUE,"WT1_CTCTAATTCTGATACG-1"
"WT1",1113,917,"GSM4173504","WT1","WT",1,"WT","non_5XFAD",0.628930817610063,"9","9","9","Microglia",TRUE,"WT1_CTCTGGTCACATGTGT-1"
"WT1",1193,955,"GSM4173504","WT1","WT",1,"WT","non_5XFAD",0,"9","9","9","Microglia",TRUE,"WT1_CTGATAGAGAGTACAT-1"
"WT1",1038,843,"GSM4173504","WT1","WT",1,"WT","non_5XFAD",0.0963391136801541,"9","9","9","Microglia",TRUE,"WT1_CTGATAGCACACAGAG-1"
"WT1",787,634,"GSM4173504","WT1","WT",1,"WT","non_5XFAD",0,"9","9","9","Microglia",TRUE,"WT1_CTGATCCGTAAGGGCT-1"
"WT1",925,769,"GSM4173504","WT1","WT",1,"WT","non_5XFAD",0.324324324324324,"9","9","9","Microglia",TRUE,"WT1_CTGCCTATCCCAAGAT-1"
"WT1",1321,1002,"GSM4173504","WT1","WT",1,"WT","non_5XFAD",0,"9","9","9","Microglia",TRUE,"WT1_CTGGTCTAGAGACTTA-1"
"WT1",1236,985,"GSM4173504","WT1","WT",1,"WT","non_5XFAD",0.0809061488673139,"9","9","9","Microglia",TRUE,"WT1_CTTAACTTCTCATTCA-1"
"WT1",794,679,"GSM4173504","WT1","WT",1,"WT","non_5XFAD",0,"9","9","9","Microglia",TRUE,"WT1_CTTAGGAGTTGCCTCT-1"
"WT1",1358,1038,"GSM4173504","WT1","WT",1,"WT","non_5XFAD",0.589101620029455,"9","9","9","Microglia",TRUE,"WT1_CTTCTCTAGTTGAGAT-1"
"WT1",1086,887,"GSM4173504","WT1","WT",1,"WT","non_5XFAD",0.0920810313075506,"9","9","9","Microglia",TRUE,"WT1_CTTGGCTCAGACACTT-1"
"WT1",1122,906,"GSM4173504","WT1","WT",1,"WT","non_5XFAD",0.53475935828877,"9","9","9","Microglia",TRUE,"WT1_GAAACTCTCCAAGCCG-1"
"WT1",1039,837,"GSM4173504","WT1","WT",1,"WT","non_5XFAD",0.192492781520693,"9","9","9","Microglia",TRUE,"WT1_GAACCTAAGAAACGAG-1"
"WT1",1198,991,"GSM4173504","WT1","WT",1,"WT","non_5XFAD",0,"9","9","9","Microglia",TRUE,"WT1_GAACCTAGTCCTGCTT-1"
"WT1",1261,1010,"GSM4173504","WT1","WT",1,"WT","non_5XFAD",0,"9","9","9","Microglia",TRUE,"WT1_GAAGCAGGTACTTGAC-1"
"WT1",989,811,"GSM4173504","WT1","WT",1,"WT","non_5XFAD",0.101112234580384,"9","9","9","Microglia",TRUE,"WT1_GACACGCGTAAATACG-1"
"WT1",802,664,"GSM4173504","WT1","WT",1,"WT","non_5XFAD",3.36658354114713,"9","9","9","Microglia",TRUE,"WT1_GACACGCGTTCAACCA-1"
"WT1",956,806,"GSM4173504","WT1","WT",1,"WT","non_5XFAD",0.104602510460251,"9","9","9","Microglia",TRUE,"WT1_GACAGAGCATGGGAAC-1"
"WT1",1417,1111,"GSM4173504","WT1","WT",1,"WT","non_5XFAD",0.564573041637262,"9","9","9","Microglia",TRUE,"WT1_GACCAATGTTTGTGTG-1"
"WT1",810,677,"GSM4173504","WT1","WT",1,"WT","non_5XFAD",0.123456790123457,"9","9","9","Microglia",TRUE,"WT1_GACGCGTTCAGGATCT-1"
"WT1",960,809,"GSM4173504","WT1","WT",1,"WT","non_5XFAD",0.104166666666667,"9","9","9","Microglia",TRUE,"WT1_GACGTGCTCGCTGATA-1"
"WT1",841,702,"GSM4173504","WT1","WT",1,"WT","non_5XFAD",0,"9","9","9","Microglia",TRUE,"WT1_GACGTTATCAAGCCTA-1"
"WT1",1224,982,"GSM4173504","WT1","WT",1,"WT","non_5XFAD",0.163398692810458,"9","9","9","Microglia",TRUE,"WT1_GACTAACTCTTGCAAG-1"
"WT1",1066,873,"GSM4173504","WT1","WT",1,"WT","non_5XFAD",0.0938086303939962,"9","9","9","Microglia",TRUE,"WT1_GACTACAGTAAGCACG-1"
"WT1",1230,939,"GSM4173504","WT1","WT",1,"WT","non_5XFAD",0.813008130081301,"9","9","9","Microglia",TRUE,"WT1_GAGCAGAAGCCGGTAA-1"
"WT1",1124,917,"GSM4173504","WT1","WT",1,"WT","non_5XFAD",0.622775800711744,"9","9","9","Microglia",TRUE,"WT1_GAGCAGAAGTGTTGAA-1"
"WT1",815,656,"GSM4173504","WT1","WT",1,"WT","non_5XFAD",0,"9","9","9","Microglia",TRUE,"WT1_GAGGTGACAGGTCCAC-1"
"WT1",1077,855,"GSM4173504","WT1","WT",1,"WT","non_5XFAD",0.185701021355617,"9","9","9","Microglia",TRUE,"WT1_GATCAGTAGCCAGGAT-1"
"WT1",1139,899,"GSM4173504","WT1","WT",1,"WT","non_5XFAD",0.175592625109745,"9","9","9","Microglia",TRUE,"WT1_GATCGTAAGTACCGGA-1"
"WT1",783,670,"GSM4173504","WT1","WT",1,"WT","non_5XFAD",0.255427841634738,"9","9","9","Microglia",TRUE,"WT1_GATCGTATCAAGGCTT-1"
"WT1",1764,1296,"GSM4173504","WT1","WT",1,"WT","non_5XFAD",0.0566893424036281,"9","9","9","Microglia",TRUE,"WT1_GATGAAAAGGGAACGG-1"
"WT1",1067,853,"GSM4173504","WT1","WT",1,"WT","non_5XFAD",0.0937207122774133,"9","9","9","Microglia",TRUE,"WT1_GATGAAAAGTTCGATC-1"
"WT1",824,701,"GSM4173504","WT1","WT",1,"WT","non_5XFAD",0,"9","9","9","Microglia",TRUE,"WT1_GATTCAGCAGCATACT-1"
"WT1",1145,899,"GSM4173504","WT1","WT",1,"WT","non_5XFAD",0,"9","9","9","Microglia",TRUE,"WT1_GCAATCACAGATGGGT-1"
"WT1",1725,1352,"GSM4173504","WT1","WT",1,"WT","non_5XFAD",0,"9","9","9","Microglia",TRUE,"WT1_GCAATCAGTTGATTCG-1"
"WT1",2874,1986,"GSM4173504","WT1","WT",1,"WT","non_5XFAD",0,"9","9","9","Microglia",TRUE,"WT1_GCAATCATCTAACGGT-1"
"WT1",1587,1170,"GSM4173504","WT1","WT",1,"WT","non_5XFAD",0.0630119722747322,"9","9","9","Microglia",TRUE,"WT1_GCACATATCCGTTGTC-1"
"WT1",1118,890,"GSM4173504","WT1","WT",1,"WT","non_5XFAD",0,"9","9","9","Microglia",TRUE,"WT1_GCAGTTAGTACCAGTT-1"
"WT1",1017,820,"GSM4173504","WT1","WT",1,"WT","non_5XFAD",0.0983284169124877,"9","9","9","Microglia",TRUE,"WT1_GCATGCGTCTACCTGC-1"
"WT1",1026,855,"GSM4173504","WT1","WT",1,"WT","non_5XFAD",0.0974658869395711,"9","9","9","Microglia",TRUE,"WT1_GCATGTAAGAGTAAGG-1"
"WT1",949,788,"GSM4173504","WT1","WT",1,"WT","non_5XFAD",0,"9","9","9","Microglia",TRUE,"WT1_GCATGTATCATCACCC-1"
"WT1",1687,1293,"GSM4173504","WT1","WT",1,"WT","non_5XFAD",0.1185536455246,"9","9","9","Microglia",TRUE,"WT1_GCCAAATTCGTTACGA-1"
"WT1",993,842,"GSM4173504","WT1","WT",1,"WT","non_5XFAD",0.201409869083585,"9","9","9","Microglia",TRUE,"WT1_GCGCAGTCAGCTGCAC-1"
"WT1",921,713,"GSM4173504","WT1","WT",1,"WT","non_5XFAD",0,"9","9","9","Microglia",TRUE,"WT1_GCGCCAATCCGCATAA-1"
"WT1",996,808,"GSM4173504","WT1","WT",1,"WT","non_5XFAD",0,"9","9","9","Microglia",TRUE,"WT1_GCGGGTTGTACTTGAC-1"
"WT1",1183,943,"GSM4173504","WT1","WT",1,"WT","non_5XFAD",0.084530853761623,"9","9","9","Microglia",TRUE,"WT1_GCGGGTTGTTAAGAAC-1"
"WT1",1379,1109,"GSM4173504","WT1","WT",1,"WT","non_5XFAD",0,"9","9","9","Microglia",TRUE,"WT1_GCTCTGTGTCCGTGAC-1"
"WT1",1045,856,"GSM4173504","WT1","WT",1,"WT","non_5XFAD",0.0956937799043062,"9","9","9","Microglia",TRUE,"WT1_GCTCTGTTCCATGAGT-1"
"WT1",1272,1013,"GSM4173504","WT1","WT",1,"WT","non_5XFAD",0,"9","9","9","Microglia",TRUE,"WT1_GCTGCAGTCTGATTCT-1"
"WT1",979,806,"GSM4173504","WT1","WT",1,"WT","non_5XFAD",0.204290091930541,"9","9","9","Microglia",TRUE,"WT1_GCTGCGAGTCTGGAGA-1"
"WT1",968,822,"GSM4173504","WT1","WT",1,"WT","non_5XFAD",0.103305785123967,"9","9","9","Microglia",TRUE,"WT1_GCTGCGATCGGAGCAA-1"
"WT1",1343,1033,"GSM4173504","WT1","WT",1,"WT","non_5XFAD",0.0744601638123604,"9","9","9","Microglia",TRUE,"WT1_GCTTCCAGTAAGTGTA-1"
"WT1",1123,915,"GSM4173504","WT1","WT",1,"WT","non_5XFAD",0,"9","9","9","Microglia",TRUE,"WT1_GCTTGAATCTTGCAAG-1"
"WT1",1015,838,"GSM4173504","WT1","WT",1,"WT","non_5XFAD",0.295566502463054,"9","9","9","Microglia",TRUE,"WT1_GGAATAAGTAGCTGCC-1"
"WT1",859,722,"GSM4173504","WT1","WT",1,"WT","non_5XFAD",0,"9","9","9","Microglia",TRUE,"WT1_GGACGTCCATGGTAGG-1"
"WT1",1269,1008,"GSM4173504","WT1","WT",1,"WT","non_5XFAD",0.0788022064617809,"9","9","9","Microglia",TRUE,"WT1_GGATTACAGAGGTTAT-1"
"WT1",1475,1140,"GSM4173504","WT1","WT",1,"WT","non_5XFAD",0.338983050847458,"9","9","9","Microglia",TRUE,"WT1_GGATTACTCAATCACG-1"
"WT1",862,705,"GSM4173504","WT1","WT",1,"WT","non_5XFAD",0,"9","9","9","Microglia",TRUE,"WT1_GGCCGATAGAAGAAGC-1"
"WT1",1224,991,"GSM4173504","WT1","WT",1,"WT","non_5XFAD",0.571895424836601,"9","9","9","Microglia",TRUE,"WT1_GGCGACTCATGGTCTA-1"
"WT1",1319,1079,"GSM4173504","WT1","WT",1,"WT","non_5XFAD",0.606520090978014,"9","9","9","Microglia",TRUE,"WT1_GGCGACTTCAACGCTA-1"
"WT1",1243,977,"GSM4173504","WT1","WT",1,"WT","non_5XFAD",0.643604183427192,"9","9","9","Microglia",TRUE,"WT1_GGCTCGACATACCATG-1"
"WT1",1174,970,"GSM4173504","WT1","WT",1,"WT","non_5XFAD",0.170357751277683,"9","9","9","Microglia",TRUE,"WT1_GGCTGGTAGCTAGTCT-1"
"WT1",945,783,"GSM4173504","WT1","WT",1,"WT","non_5XFAD",0.105820105820106,"9","9","9","Microglia",TRUE,"WT1_GGGAATGAGTGGGCTA-1"
"WT1",707,583,"GSM4173504","WT1","WT",1,"WT","non_5XFAD",0.848656294200849,"9","9","9","Microglia",TRUE,"WT1_GGGAATGGTCTAGTCA-1"
"WT1",1838,1379,"GSM4173504","WT1","WT",1,"WT","non_5XFAD",0.0544069640914037,"9","9","9","Microglia",TRUE,"WT1_GGGACCTAGTTGTAGA-1"
"WT1",760,640,"GSM4173504","WT1","WT",1,"WT","non_5XFAD",0,"9","9","9","Microglia",TRUE,"WT1_GGGATGAGTTCGGGCT-1"
"WT1",1062,880,"GSM4173504","WT1","WT",1,"WT","non_5XFAD",0,"9","9","9","Microglia",TRUE,"WT1_GGGCACTGTCCGTGAC-1"
"WT1",779,671,"GSM4173504","WT1","WT",1,"WT","non_5XFAD",0,"9","9","9","Microglia",TRUE,"WT1_GGGCACTGTCTCCATC-1"
"WT1",1399,1098,"GSM4173504","WT1","WT",1,"WT","non_5XFAD",0.214438884917798,"9","9","9","Microglia",TRUE,"WT1_GGGTTGCCAATGTTGC-1"
"WT1",1311,972,"GSM4173504","WT1","WT",1,"WT","non_5XFAD",0.07627765064836,"9","9","9","Microglia",TRUE,"WT1_GTAACGTAGCGGATCA-1"
"WT1",1129,897,"GSM4173504","WT1","WT",1,"WT","non_5XFAD",0.0885739592559787,"9","9","9","Microglia",TRUE,"WT1_GTAACGTGTTTAGCTG-1"
"WT1",1164,937,"GSM4173504","WT1","WT",1,"WT","non_5XFAD",0,"9","9","9","Microglia",TRUE,"WT1_GTAACTGGTTTGTGTG-1"
"WT1",1160,966,"GSM4173504","WT1","WT",1,"WT","non_5XFAD",0.172413793103448,"9","9","9","Microglia",TRUE,"WT1_GTACTCCAGTGGGATC-1"
"WT1",1403,1137,"GSM4173504","WT1","WT",1,"WT","non_5XFAD",0,"9","9","9","Microglia",TRUE,"WT1_GTACTCCGTCTCTTTA-1"
"WT1",1033,835,"GSM4173504","WT1","WT",1,"WT","non_5XFAD",0,"9","9","9","Microglia",TRUE,"WT1_GTACTTTGTAGAGGAA-1"
"WT1",1032,835,"GSM4173504","WT1","WT",1,"WT","non_5XFAD",0,"9","9","9","Microglia",TRUE,"WT1_GTAGGCCAGAGCTGGT-1"
"WT1",843,671,"GSM4173504","WT1","WT",1,"WT","non_5XFAD",0.237247924080664,"9","9","9","Microglia",TRUE,"WT1_GTAGTCAAGCCCAGCT-1"
"WT1",1365,1095,"GSM4173504","WT1","WT",1,"WT","non_5XFAD",0.21978021978022,"9","9","9","Microglia",TRUE,"WT1_GTATTCTAGAGATGAG-1"
"WT1",840,719,"GSM4173504","WT1","WT",1,"WT","non_5XFAD",0.119047619047619,"9","9","9","Microglia",TRUE,"WT1_GTATTCTCACTTCTGC-1"
"WT1",947,763,"GSM4173504","WT1","WT",1,"WT","non_5XFAD",0.211193241816262,"9","9","9","Microglia",TRUE,"WT1_GTATTCTGTGGTCCGT-1"
"WT1",991,826,"GSM4173504","WT1","WT",1,"WT","non_5XFAD",0,"9","9","9","Microglia",TRUE,"WT1_GTATTCTTCCAGAAGG-1"
"WT1",1012,834,"GSM4173504","WT1","WT",1,"WT","non_5XFAD",0.197628458498024,"9","9","9","Microglia",TRUE,"WT1_GTCACAAAGATAGGAG-1"
"WT1",1429,1073,"GSM4173504","WT1","WT",1,"WT","non_5XFAD",2.23932820153954,"9","9","9","Microglia",TRUE,"WT1_GTCACGGTCGTTGCCT-1"
"WT1",4268,2844,"GSM4173504","WT1","WT",1,"WT","non_5XFAD",0.07029053420806,"9","9","9","Microglia",TRUE,"WT1_GTCCTCACATCCGTGG-1"
"WT1",1111,896,"GSM4173504","WT1","WT",1,"WT","non_5XFAD",0.54005400540054,"9","9","9","Microglia",TRUE,"WT1_GTCGGGTCATGACATC-1"
"WT1",1120,924,"GSM4173504","WT1","WT",1,"WT","non_5XFAD",0,"9","9","9","Microglia",TRUE,"WT1_GTCGTAAGTTCTGTTT-1"
"WT1",1269,950,"GSM4173504","WT1","WT",1,"WT","non_5XFAD",0.394011032308905,"9","9","9","Microglia",TRUE,"WT1_GTCTCGTCATCGGGTC-1"
"WT1",1046,867,"GSM4173504","WT1","WT",1,"WT","non_5XFAD",0.956022944550669,"9","9","9","Microglia",TRUE,"WT1_GTGCAGCAGCTAAGAT-1"
"WT1",812,672,"GSM4173504","WT1","WT",1,"WT","non_5XFAD",0.123152709359606,"9","9","9","Microglia",TRUE,"WT1_GTGCGGTGTTCAGGCC-1"
"WT1",666,572,"GSM4173504","WT1","WT",1,"WT","non_5XFAD",0,"9","9","9","Microglia",TRUE,"WT1_GTGGGTCGTCACCCAG-1"
"WT1",800,676,"GSM4173504","WT1","WT",1,"WT","non_5XFAD",0.625,"9","9","9","Microglia",TRUE,"WT1_GTGGGTCTCATGTGGT-1"
"WT1",936,752,"GSM4173504","WT1","WT",1,"WT","non_5XFAD",0.106837606837607,"9","9","9","Microglia",TRUE,"WT1_GTTAAGCAGACTCGGA-1"
"WT1",1056,846,"GSM4173504","WT1","WT",1,"WT","non_5XFAD",0.0946969696969697,"9","9","9","Microglia",TRUE,"WT1_GTTAAGCAGGGTCTCC-1"
"WT1",1023,858,"GSM4173504","WT1","WT",1,"WT","non_5XFAD",1.27077223851417,"9","9","9","Microglia",TRUE,"WT1_GTTCGGGCATGGTAGG-1"
"WT1",1071,889,"GSM4173504","WT1","WT",1,"WT","non_5XFAD",0,"9","9","9","Microglia",TRUE,"WT1_GTTTCTAAGCGTGAGT-1"
"WT1",985,814,"GSM4173504","WT1","WT",1,"WT","non_5XFAD",0,"9","9","9","Microglia",TRUE,"WT1_TAAACCGAGATGCCAG-1"
"WT1",729,625,"GSM4173504","WT1","WT",1,"WT","non_5XFAD",0,"9","9","9","Microglia",TRUE,"WT1_TAAACCGCATCCAACA-1"
"WT1",920,778,"GSM4173504","WT1","WT",1,"WT","non_5XFAD",0.326086956521739,"9","9","9","Microglia",TRUE,"WT1_TAAGAGAGTCAGAGGT-1"
"WT1",968,802,"GSM4173504","WT1","WT",1,"WT","non_5XFAD",0.103305785123967,"9","9","9","Microglia",TRUE,"WT1_TAAGCGTTCCAGGGCT-1"
"WT1",969,800,"GSM4173504","WT1","WT",1,"WT","non_5XFAD",0.103199174406605,"9","9","9","Microglia",TRUE,"WT1_TAAGTGCAGATATACG-1"
"WT1",992,826,"GSM4173504","WT1","WT",1,"WT","non_5XFAD",0.100806451612903,"9","9","9","Microglia",TRUE,"WT1_TACAGTGGTTAAAGTG-1"
"WT1",985,817,"GSM4173504","WT1","WT",1,"WT","non_5XFAD",0.203045685279188,"9","9","9","Microglia",TRUE,"WT1_TACAGTGTCCCACTTG-1"
"WT1",1109,890,"GSM4173504","WT1","WT",1,"WT","non_5XFAD",0.0901713255184851,"9","9","9","Microglia",TRUE,"WT1_TACCTATAGCTATGCT-1"
"WT1",980,798,"GSM4173504","WT1","WT",1,"WT","non_5XFAD",0.102040816326531,"9","9","9","Microglia",TRUE,"WT1_TACTCATTCAAGGCTT-1"
"WT1",555,459,"GSM4173504","WT1","WT",1,"WT","non_5XFAD",0.18018018018018,"9","9","9","Microglia",TRUE,"WT1_TAGAGCTCACTGTCGG-1"
"WT1",1020,854,"GSM4173504","WT1","WT",1,"WT","non_5XFAD",0.392156862745098,"9","9","9","Microglia",TRUE,"WT1_TAGGCATGTAAACACA-1"
"WT1",1312,999,"GSM4173504","WT1","WT",1,"WT","non_5XFAD",0.152439024390244,"9","9","9","Microglia",TRUE,"WT1_TATCAGGCACATCCGG-1"
"WT1",1076,849,"GSM4173504","WT1","WT",1,"WT","non_5XFAD",0.0929368029739777,"9","9","9","Microglia",TRUE,"WT1_TATCTCAGTTACCGAT-1"
"WT1",863,753,"GSM4173504","WT1","WT",1,"WT","non_5XFAD",0.115874855156431,"9","9","9","Microglia",TRUE,"WT1_TATCTCAGTTGCTCCT-1"
"WT1",1649,1262,"GSM4173504","WT1","WT",1,"WT","non_5XFAD",0.121285627653123,"9","9","9","Microglia",TRUE,"WT1_TCACGAACAAGGCTCC-1"
"WT1",1290,1063,"GSM4173504","WT1","WT",1,"WT","non_5XFAD",0.0775193798449612,"9","9","9","Microglia",TRUE,"WT1_TCACGAACATTCCTCG-1"
"WT1",850,709,"GSM4173504","WT1","WT",1,"WT","non_5XFAD",0,"9","9","9","Microglia",TRUE,"WT1_TCAGCTCAGGGTGTGT-1"
"WT1",1164,943,"GSM4173504","WT1","WT",1,"WT","non_5XFAD",0.0859106529209622,"9","9","9","Microglia",TRUE,"WT1_TCAGCTCCAACACCCG-1"
"WT1",1196,947,"GSM4173504","WT1","WT",1,"WT","non_5XFAD",0.0836120401337793,"9","9","9","Microglia",TRUE,"WT1_TCAGCTCGTGAGGGTT-1"
"WT1",887,751,"GSM4173504","WT1","WT",1,"WT","non_5XFAD",0.56369785794814,"9","9","9","Microglia",TRUE,"WT1_TCAGGATGTTGACGTT-1"
"WT1",870,732,"GSM4173504","WT1","WT",1,"WT","non_5XFAD",0.229885057471264,"9","9","9","Microglia",TRUE,"WT1_TCAGGATTCCTTCAAT-1"
"WT1",630,538,"GSM4173504","WT1","WT",1,"WT","non_5XFAD",0.476190476190476,"9","9","9","Microglia",TRUE,"WT1_TCAGGTATCATCACCC-1"
"WT1",952,784,"GSM4173504","WT1","WT",1,"WT","non_5XFAD",0,"9","9","9","Microglia",TRUE,"WT1_TCCCGATAGGTGTGGT-1"
"WT1",1323,1026,"GSM4173504","WT1","WT",1,"WT","non_5XFAD",0.0755857898715042,"9","9","9","Microglia",TRUE,"WT1_TCGAGGCTCGGTCTAA-1"
"WT1",635,559,"GSM4173504","WT1","WT",1,"WT","non_5XFAD",0,"9","9","9","Microglia",TRUE,"WT1_TCGCGAGAGAAGATTC-1"
"WT1",995,800,"GSM4173504","WT1","WT",1,"WT","non_5XFAD",0.201005025125628,"9","9","9","Microglia",TRUE,"WT1_TCGGTAAAGGGTCGAT-1"
"WT1",878,751,"GSM4173504","WT1","WT",1,"WT","non_5XFAD",0.227790432801822,"9","9","9","Microglia",TRUE,"WT1_TCGTAGAAGAGGGCTT-1"
"WT1",1246,1024,"GSM4173504","WT1","WT",1,"WT","non_5XFAD",0,"9","9","9","Microglia",TRUE,"WT1_TCTCTAAAGACGCTTT-1"
"WT1",1238,995,"GSM4173504","WT1","WT",1,"WT","non_5XFAD",0.403877221324717,"9","9","9","Microglia",TRUE,"WT1_TCTGAGAGTTCCACAA-1"
"WT1",1377,1023,"GSM4173504","WT1","WT",1,"WT","non_5XFAD",0.0726216412490922,"9","9","9","Microglia",TRUE,"WT1_TCTGAGATCTAACGGT-1"
"WT1",1023,838,"GSM4173504","WT1","WT",1,"WT","non_5XFAD",0.195503421309873,"9","9","9","Microglia",TRUE,"WT1_TCTGAGATCTGGCGTG-1"
"WT1",1315,1080,"GSM4173504","WT1","WT",1,"WT","non_5XFAD",0.152091254752852,"9","9","9","Microglia",TRUE,"WT1_TCTGGAAGTGTTTGGT-1"
"WT1",759,651,"GSM4173504","WT1","WT",1,"WT","non_5XFAD",0,"9","9","9","Microglia",TRUE,"WT1_TCTTCGGGTCCCTTGT-1"
"WT1",1188,973,"GSM4173504","WT1","WT",1,"WT","non_5XFAD",0,"9","9","9","Microglia",TRUE,"WT1_TCTTCGGTCCGAAGAG-1"
"WT1",1259,977,"GSM4173504","WT1","WT",1,"WT","non_5XFAD",0,"9","9","9","Microglia",TRUE,"WT1_TCTTTCCAGGATATAC-1"
"WT1",920,757,"GSM4173504","WT1","WT",1,"WT","non_5XFAD",0,"9","9","9","Microglia",TRUE,"WT1_TCTTTCCGTACCGAGA-1"
"WT1",1224,948,"GSM4173504","WT1","WT",1,"WT","non_5XFAD",0.0816993464052288,"9","9","9","Microglia",TRUE,"WT1_TGACGGCCAGTCAGAG-1"
"WT1",1472,1080,"GSM4173504","WT1","WT",1,"WT","non_5XFAD",0,"9","9","9","Microglia",TRUE,"WT1_TGACTTTGTCCAGTGC-1"
"WT1",1341,1060,"GSM4173504","WT1","WT",1,"WT","non_5XFAD",0.596569724086503,"9","9","9","Microglia",TRUE,"WT1_TGAGGGATCAAACCGT-1"
"WT1",787,637,"GSM4173504","WT1","WT",1,"WT","non_5XFAD",0.254129606099111,"9","9","9","Microglia",TRUE,"WT1_TGATTTCAGAGTCTGG-1"
"WT1",736,613,"GSM4173504","WT1","WT",1,"WT","non_5XFAD",0.679347826086957,"9","9","9","Microglia",TRUE,"WT1_TGCACCTCATCGGTTA-1"
"WT1",1227,959,"GSM4173504","WT1","WT",1,"WT","non_5XFAD",0.407497962510187,"9","9","9","Microglia",TRUE,"WT1_TGCCAAATCGCTTAGA-1"
"WT1",1023,837,"GSM4173504","WT1","WT",1,"WT","non_5XFAD",0.391006842619746,"9","9","9","Microglia",TRUE,"WT1_TGCCCTACATGCTGGC-1"
"WT1",1137,906,"GSM4173504","WT1","WT",1,"WT","non_5XFAD",0,"9","9","9","Microglia",TRUE,"WT1_TGCCCTATCCTTTCTC-1"
"WT1",936,775,"GSM4173504","WT1","WT",1,"WT","non_5XFAD",0.106837606837607,"9","9","9","Microglia",TRUE,"WT1_TGCGCAGAGATGGCGT-1"
"WT1",1502,1146,"GSM4173504","WT1","WT",1,"WT","non_5XFAD",0.532623169107856,"9","9","9","Microglia",TRUE,"WT1_TGCGCAGCACAACGTT-1"
"WT1",871,701,"GSM4173504","WT1","WT",1,"WT","non_5XFAD",0,"9","9","9","Microglia",TRUE,"WT1_TGCGGGTAGTAGCCGA-1"
"WT1",1638,1229,"GSM4173504","WT1","WT",1,"WT","non_5XFAD",0.183150183150183,"9","9","9","Microglia",TRUE,"WT1_TGCTGCTCAAGAGGCT-1"
"WT1",1200,977,"GSM4173504","WT1","WT",1,"WT","non_5XFAD",0.166666666666667,"9","9","9","Microglia",TRUE,"WT1_TGCTGCTGTCATCCCT-1"
"WT1",1037,870,"GSM4173504","WT1","WT",1,"WT","non_5XFAD",0,"9","9","9","Microglia",TRUE,"WT1_TGGACGCCAATCCGAT-1"
"WT1",836,684,"GSM4173504","WT1","WT",1,"WT","non_5XFAD",0,"9","9","9","Microglia",TRUE,"WT1_TGGCCAGAGTTAACGA-1"
"WT1",760,642,"GSM4173504","WT1","WT",1,"WT","non_5XFAD",0,"9","9","9","Microglia",TRUE,"WT1_TGGGCGTGTGCTGTAT-1"
"WT1",1198,946,"GSM4173504","WT1","WT",1,"WT","non_5XFAD",0.0834724540901502,"9","9","9","Microglia",TRUE,"WT1_TGGTTAGGTGCAGGTA-1"
"WT1",1062,867,"GSM4173504","WT1","WT",1,"WT","non_5XFAD",1.12994350282486,"9","9","9","Microglia",TRUE,"WT1_TGTATTCAGATGTAAC-1"
"WT1",893,744,"GSM4173504","WT1","WT",1,"WT","non_5XFAD",0,"9","9","9","Microglia",TRUE,"WT1_TGTGGTAGTCGATTGT-1"
"WT1",1159,949,"GSM4173504","WT1","WT",1,"WT","non_5XFAD",0.0862812769628991,"9","9","9","Microglia",TRUE,"WT1_TGTGTTTCACGTGAGA-1"
"WT1",1301,1039,"GSM4173504","WT1","WT",1,"WT","non_5XFAD",0.307455803228286,"9","9","9","Microglia",TRUE,"WT1_TTAGGCATCGCAAGCC-1"
"WT1",1155,911,"GSM4173504","WT1","WT",1,"WT","non_5XFAD",0.346320346320346,"9","9","9","Microglia",TRUE,"WT1_TTAGGCATCTTCGGTC-1"
"WT1",1398,1060,"GSM4173504","WT1","WT",1,"WT","non_5XFAD",0,"9","9","9","Microglia",TRUE,"WT1_TTAGTTCAGAACAACT-1"
"WT1",974,806,"GSM4173504","WT1","WT",1,"WT","non_5XFAD",0,"9","9","9","Microglia",TRUE,"WT1_TTCCCAGAGGCGTACA-1"
"WT1",929,753,"GSM4173504","WT1","WT",1,"WT","non_5XFAD",0.322927879440258,"9","9","9","Microglia",TRUE,"WT1_TTCTACACATCAGTCA-1"
"WT1",1371,1122,"GSM4173504","WT1","WT",1,"WT","non_5XFAD",0.0729394602479942,"9","9","9","Microglia",TRUE,"WT1_TTCTCAAGTTACTGAC-1"
"WT1",1178,923,"GSM4173504","WT1","WT",1,"WT","non_5XFAD",0,"9","9","9","Microglia",TRUE,"WT1_TTCTTAGGTTAGATGA-1"
"WT1",1069,836,"GSM4173504","WT1","WT",1,"WT","non_5XFAD",0.0935453695042095,"9","9","9","Microglia",TRUE,"WT1_TTGACTTGTACCATCA-1"
"WT1",2147,1542,"GSM4173504","WT1","WT",1,"WT","non_5XFAD",0.139729855612483,"9","9","9","Microglia",TRUE,"WT1_TTGCCGTGTATAGTAG-1"
"WT1",768,645,"GSM4173504","WT1","WT",1,"WT","non_5XFAD",0,"9","9","9","Microglia",TRUE,"WT1_TTGGAACGTCAGAGGT-1"
"WT1",839,692,"GSM4173504","WT1","WT",1,"WT","non_5XFAD",0,"9","9","9","Microglia",TRUE,"WT1_TTTACTGGTCCGAACC-1"
"WT1",933,782,"GSM4173504","WT1","WT",1,"WT","non_5XFAD",0.321543408360129,"9","9","9","Microglia",TRUE,"WT1_TTTATGCTCCTCGCAT-1"
"WT2",1053,850,"GSM4173505","WT2","WT",2,"WT","non_5XFAD",0.0949667616334283,"9","9","9","Microglia",TRUE,"WT2_AACTCAGGTAGCCTAT-1"
"WT2",1201,939,"GSM4173505","WT2","WT",2,"WT","non_5XFAD",0,"9","9","9","Microglia",TRUE,"WT2_AACTCTTAGACAGACC-1"
"WT2",867,722,"GSM4173505","WT2","WT",2,"WT","non_5XFAD",1.73010380622837,"9","9","9","Microglia",TRUE,"WT2_AACTGGTCAAGCTGGA-1"
"WT2",1345,1054,"GSM4173505","WT2","WT",2,"WT","non_5XFAD",0,"9","9","9","Microglia",TRUE,"WT2_AACTTTCTCAGTACGT-1"
"WT2",1195,940,"GSM4173505","WT2","WT",2,"WT","non_5XFAD",0.836820083682008,"9","9","9","Microglia",TRUE,"WT2_AAGACCTCACCGCTAG-1"
"WT2",1042,851,"GSM4173505","WT2","WT",2,"WT","non_5XFAD",0,"9","9","9","Microglia",TRUE,"WT2_AAGGTTCTCCTATTCA-1"
"WT2",801,624,"GSM4173505","WT2","WT",2,"WT","non_5XFAD",1.12359550561798,"9","9","9","Microglia",TRUE,"WT2_AAGTCTGAGCTAGCCC-1"
"WT2",1434,1094,"GSM4173505","WT2","WT",2,"WT","non_5XFAD",0,"9","9","9","Microglia",TRUE,"WT2_ACACCAATCCTTTCTC-1"
"WT2",1318,1037,"GSM4173505","WT2","WT",2,"WT","non_5XFAD",0.0758725341426404,"9","9","9","Microglia",TRUE,"WT2_ACACCCTTCAGCTTAG-1"
"WT2",1071,862,"GSM4173505","WT2","WT",2,"WT","non_5XFAD",0.0933706816059757,"9","9","9","Microglia",TRUE,"WT2_ACACCGGAGATGGCGT-1"
"WT2",1403,1127,"GSM4173505","WT2","WT",2,"WT","non_5XFAD",0.356379187455453,"9","9","9","Microglia",TRUE,"WT2_ACAGCTAAGGAATTAC-1"
"WT2",994,808,"GSM4173505","WT2","WT",2,"WT","non_5XFAD",0,"9","9","9","Microglia",TRUE,"WT2_ACATACGCAGATGGCA-1"
"WT2",1010,811,"GSM4173505","WT2","WT",2,"WT","non_5XFAD",0.198019801980198,"9","9","9","Microglia",TRUE,"WT2_ACCCACTTCAAGATCC-1"
"WT2",1226,946,"GSM4173505","WT2","WT",2,"WT","non_5XFAD",0,"9","9","9","Microglia",TRUE,"WT2_ACCTTTACAGGATCGA-1"
"WT2",1384,1074,"GSM4173505","WT2","WT",2,"WT","non_5XFAD",0.0722543352601156,"9","9","9","Microglia",TRUE,"WT2_ACCTTTATCGTCCGTT-1"
"WT2",1077,846,"GSM4173505","WT2","WT",2,"WT","non_5XFAD",0,"9","9","9","Microglia",TRUE,"WT2_ACCTTTATCTAGAGTC-1"
"WT2",1291,974,"GSM4173505","WT2","WT",2,"WT","non_5XFAD",0.387296669248644,"9","9","9","Microglia",TRUE,"WT2_ACGCCAGCAATCGAAA-1"
"WT2",910,732,"GSM4173505","WT2","WT",2,"WT","non_5XFAD",0.10989010989011,"9","9","9","Microglia",TRUE,"WT2_ACGCCGACAAGCTGTT-1"
"WT2",1197,947,"GSM4173505","WT2","WT",2,"WT","non_5XFAD",0.25062656641604,"9","9","9","Microglia",TRUE,"WT2_ACGGGCTAGCTTATCG-1"
"WT2",1297,994,"GSM4173505","WT2","WT",2,"WT","non_5XFAD",1.38781804163454,"9","9","9","Microglia",TRUE,"WT2_ACTATCTAGAGCAATT-1"
"WT2",1149,934,"GSM4173505","WT2","WT",2,"WT","non_5XFAD",0,"9","9","9","Microglia",TRUE,"WT2_ACTGAACGTTTGACAC-1"
"WT2",1228,987,"GSM4173505","WT2","WT",2,"WT","non_5XFAD",0.407166123778502,"9","9","9","Microglia",TRUE,"WT2_ACTGTCCGTACAGTTC-1"
"WT2",1360,1089,"GSM4173505","WT2","WT",2,"WT","non_5XFAD",0.588235294117647,"9","9","9","Microglia",TRUE,"WT2_ACTTTCATCTGACCTC-1"
"WT2",983,780,"GSM4173505","WT2","WT",2,"WT","non_5XFAD",0.101729399796541,"9","9","9","Microglia",TRUE,"WT2_AGCGGTCGTAGGGACT-1"
"WT2",753,608,"GSM4173505","WT2","WT",2,"WT","non_5XFAD",0.531208499335989,"9","9","9","Microglia",TRUE,"WT2_AGGCCGTCACCGAATT-1"
"WT2",1195,954,"GSM4173505","WT2","WT",2,"WT","non_5XFAD",0.334728033472803,"9","9","9","Microglia",TRUE,"WT2_AGGCCGTGTAACGACG-1"
"WT2",715,609,"GSM4173505","WT2","WT",2,"WT","non_5XFAD",0.13986013986014,"9","9","9","Microglia",TRUE,"WT2_AGGGATGCAAGAAAGG-1"
"WT2",645,518,"GSM4173505","WT2","WT",2,"WT","non_5XFAD",0,"9","9","9","Microglia",TRUE,"WT2_AGGTCCGCAATAAGCA-1"
"WT2",1098,901,"GSM4173505","WT2","WT",2,"WT","non_5XFAD",0,"9","9","9","Microglia",TRUE,"WT2_AGTAGTCTCGTTACGA-1"
"WT2",1211,986,"GSM4173505","WT2","WT",2,"WT","non_5XFAD",0.330305532617671,"9","9","9","Microglia",TRUE,"WT2_AGTCTTTTCATAAAGG-1"
"WT2",1052,868,"GSM4173505","WT2","WT",2,"WT","non_5XFAD",0,"9","9","9","Microglia",TRUE,"WT2_ATAACGCGTAAACGCG-1"
"WT2",1233,1017,"GSM4173505","WT2","WT",2,"WT","non_5XFAD",0.24330900243309,"9","9","9","Microglia",TRUE,"WT2_ATAGACCCACTAAGTC-1"
"WT2",810,670,"GSM4173505","WT2","WT",2,"WT","non_5XFAD",0.123456790123457,"9","9","9","Microglia",TRUE,"WT2_ATAGACCTCATCGGAT-1"
"WT2",1203,940,"GSM4173505","WT2","WT",2,"WT","non_5XFAD",0.166251039068994,"9","9","9","Microglia",TRUE,"WT2_ATAGACCTCTGCGACG-1"
"WT2",1409,1059,"GSM4173505","WT2","WT",2,"WT","non_5XFAD",0.14194464158978,"9","9","9","Microglia",TRUE,"WT2_ATCACGAGTATAGGTA-1"
"WT2",990,828,"GSM4173505","WT2","WT",2,"WT","non_5XFAD",0.101010101010101,"9","9","9","Microglia",TRUE,"WT2_ATCATCTGTGGCTCCA-1"
"WT2",1259,943,"GSM4173505","WT2","WT",2,"WT","non_5XFAD",1.19142176330421,"9","9","9","Microglia",TRUE,"WT2_ATCCACCTCGCCATAA-1"
"WT2",1229,969,"GSM4173505","WT2","WT",2,"WT","non_5XFAD",0.081366965012205,"9","9","9","Microglia",TRUE,"WT2_ATCCGAAGTGTTTGTG-1"
"WT2",1093,866,"GSM4173505","WT2","WT",2,"WT","non_5XFAD",0,"9","9","9","Microglia",TRUE,"WT2_ATGAGGGCAAGTTCTG-1"
"WT2",1150,906,"GSM4173505","WT2","WT",2,"WT","non_5XFAD",0.347826086956522,"9","9","9","Microglia",TRUE,"WT2_ATGCGATAGCCACTAT-1"
"WT2",1244,989,"GSM4173505","WT2","WT",2,"WT","non_5XFAD",0.0803858520900322,"9","9","9","Microglia",TRUE,"WT2_ATGCGATGTACTCTCC-1"
"WT2",1180,942,"GSM4173505","WT2","WT",2,"WT","non_5XFAD",0.169491525423729,"9","9","9","Microglia",TRUE,"WT2_ATGTGTGAGAGTCTGG-1"
"WT2",1166,954,"GSM4173505","WT2","WT",2,"WT","non_5XFAD",0.257289879931389,"9","9","9","Microglia",TRUE,"WT2_ATTACTCTCCGTAGGC-1"
"WT2",943,783,"GSM4173505","WT2","WT",2,"WT","non_5XFAD",0,"9","9","9","Microglia",TRUE,"WT2_ATTACTCTCCGTTGCT-1"
"WT2",1135,909,"GSM4173505","WT2","WT",2,"WT","non_5XFAD",0.176211453744493,"9","9","9","Microglia",TRUE,"WT2_ATTATCCAGCGACGTA-1"
"WT2",1264,952,"GSM4173505","WT2","WT",2,"WT","non_5XFAD",0.237341772151899,"9","9","9","Microglia",TRUE,"WT2_ATTATCCGTAGTACCT-1"
"WT2",859,705,"GSM4173505","WT2","WT",2,"WT","non_5XFAD",1.0477299185099,"9","9","9","Microglia",TRUE,"WT2_ATTATCCTCATTGCCC-1"
"WT2",1100,899,"GSM4173505","WT2","WT",2,"WT","non_5XFAD",0.454545454545455,"9","9","9","Microglia",TRUE,"WT2_ATTCTACTCTCATTCA-1"
"WT2",1104,891,"GSM4173505","WT2","WT",2,"WT","non_5XFAD",0,"9","9","9","Microglia",TRUE,"WT2_CAACCAAGTCACTTCC-1"
"WT2",1273,974,"GSM4173505","WT2","WT",2,"WT","non_5XFAD",0.549882168106834,"9","9","9","Microglia",TRUE,"WT2_CAACCAAGTCTGCAAT-1"
"WT2",1064,873,"GSM4173505","WT2","WT",2,"WT","non_5XFAD",0.093984962406015,"9","9","9","Microglia",TRUE,"WT2_CACATAGAGTACGTTC-1"
"WT2",1169,959,"GSM4173505","WT2","WT",2,"WT","non_5XFAD",0,"9","9","9","Microglia",TRUE,"WT2_CACCAGGTCGAGCCCA-1"
"WT2",1357,1035,"GSM4173505","WT2","WT",2,"WT","non_5XFAD",0.736919675755343,"9","9","9","Microglia",TRUE,"WT2_CACCTTGCATCCGGGT-1"
"WT2",1405,1071,"GSM4173505","WT2","WT",2,"WT","non_5XFAD",0.355871886120996,"9","9","9","Microglia",TRUE,"WT2_CACCTTGGTTATTCTC-1"
"WT2",938,773,"GSM4173505","WT2","WT",2,"WT","non_5XFAD",0,"9","9","9","Microglia",TRUE,"WT2_CAGCAGCGTGATGTCT-1"
"WT2",613,538,"GSM4173505","WT2","WT",2,"WT","non_5XFAD",0.163132137030995,"9","9","9","Microglia",TRUE,"WT2_CAGCCGAAGGCACATG-1"
"WT2",1025,823,"GSM4173505","WT2","WT",2,"WT","non_5XFAD",0.780487804878049,"9","9","9","Microglia",TRUE,"WT2_CAGCTAAAGCCAGTAG-1"
"WT2",1194,977,"GSM4173505","WT2","WT",2,"WT","non_5XFAD",0.50251256281407,"9","9","9","Microglia",TRUE,"WT2_CAGCTAAGTTGGTTTG-1"
"WT2",1605,1183,"GSM4173505","WT2","WT",2,"WT","non_5XFAD",0.43613707165109,"9","9","9","Microglia",TRUE,"WT2_CAGTCCTAGGTGCAAC-1"
"WT2",539,441,"GSM4173505","WT2","WT",2,"WT","non_5XFAD",1.2987012987013,"9","9","9","Microglia",TRUE,"WT2_CATATGGTCAAACAAG-1"
"WT2",1473,1149,"GSM4173505","WT2","WT",2,"WT","non_5XFAD",0,"9","9","9","Microglia",TRUE,"WT2_CATCAAGGTATTCTCT-1"
"WT2",1064,860,"GSM4173505","WT2","WT",2,"WT","non_5XFAD",0.281954887218045,"9","9","9","Microglia",TRUE,"WT2_CATCAAGTCCAGTAGT-1"
"WT2",884,726,"GSM4173505","WT2","WT",2,"WT","non_5XFAD",0.113122171945701,"9","9","9","Microglia",TRUE,"WT2_CATGCCTCAAGCGTAG-1"
"WT2",1373,1056,"GSM4173505","WT2","WT",2,"WT","non_5XFAD",0.0728332119446468,"9","9","9","Microglia",TRUE,"WT2_CATTCGCGTTCCATGA-1"
"WT2",1162,923,"GSM4173505","WT2","WT",2,"WT","non_5XFAD",0.0860585197934596,"9","9","9","Microglia",TRUE,"WT2_CCACCTACACGAAATA-1"
"WT2",1061,852,"GSM4173505","WT2","WT",2,"WT","non_5XFAD",0,"9","9","9","Microglia",TRUE,"WT2_CCACGGACACTTAACG-1"
"WT2",1357,997,"GSM4173505","WT2","WT",2,"WT","non_5XFAD",7.7376565954311,"9","9","9","Microglia",TRUE,"WT2_CCACTACAGCTAGTCT-1"
"WT2",1344,1062,"GSM4173505","WT2","WT",2,"WT","non_5XFAD",0.0744047619047619,"9","9","9","Microglia",TRUE,"WT2_CCACTACCAACAACCT-1"
"WT2",1217,968,"GSM4173505","WT2","WT",2,"WT","non_5XFAD",0,"9","9","9","Microglia",TRUE,"WT2_CCACTACCACATTCGA-1"
"WT2",1142,913,"GSM4173505","WT2","WT",2,"WT","non_5XFAD",0.175131348511384,"9","9","9","Microglia",TRUE,"WT2_CCGGGATAGTCTCAAC-1"
"WT2",1008,808,"GSM4173505","WT2","WT",2,"WT","non_5XFAD",0.0992063492063492,"9","9","9","Microglia",TRUE,"WT2_CCGGGATGTTGTGGCC-1"
"WT2",1140,938,"GSM4173505","WT2","WT",2,"WT","non_5XFAD",0,"9","9","9","Microglia",TRUE,"WT2_CCGTTCATCTTGACGA-1"
"WT2",1099,875,"GSM4173505","WT2","WT",2,"WT","non_5XFAD",1.00090991810737,"9","9","9","Microglia",TRUE,"WT2_CCTAAAGCAAAGGTGC-1"
"WT2",1581,1212,"GSM4173505","WT2","WT",2,"WT","non_5XFAD",0,"9","9","9","Microglia",TRUE,"WT2_CCTAAAGGTAAATGTG-1"
"WT2",749,603,"GSM4173505","WT2","WT",2,"WT","non_5XFAD",1.33511348464619,"9","9","9","Microglia",TRUE,"WT2_CCTAAAGGTCACCCAG-1"
"WT2",837,720,"GSM4173505","WT2","WT",2,"WT","non_5XFAD",0.2389486260454,"9","9","9","Microglia",TRUE,"WT2_CCTACCAAGTGGTCCC-1"
"WT2",803,655,"GSM4173505","WT2","WT",2,"WT","non_5XFAD",0.12453300124533,"9","9","9","Microglia",TRUE,"WT2_CCTAGCTCATCATCCC-1"
"WT2",918,767,"GSM4173505","WT2","WT",2,"WT","non_5XFAD",0.217864923747277,"9","9","9","Microglia",TRUE,"WT2_CGAACATAGAATTCCC-1"
"WT2",1092,865,"GSM4173505","WT2","WT",2,"WT","non_5XFAD",0.183150183150183,"9","9","9","Microglia",TRUE,"WT2_CGACCTTGTATATGGA-1"
"WT2",1026,823,"GSM4173505","WT2","WT",2,"WT","non_5XFAD",0.292397660818713,"9","9","9","Microglia",TRUE,"WT2_CGAGAAGTCCCTGACT-1"
"WT2",1011,831,"GSM4173505","WT2","WT",2,"WT","non_5XFAD",0.494559841740851,"9","9","9","Microglia",TRUE,"WT2_CGAGCCAAGCGATATA-1"
"WT2",1118,874,"GSM4173505","WT2","WT",2,"WT","non_5XFAD",0.268336314847943,"9","9","9","Microglia",TRUE,"WT2_CGATCGGCAATCCGAT-1"
"WT2",1095,877,"GSM4173505","WT2","WT",2,"WT","non_5XFAD",0.273972602739726,"9","9","9","Microglia",TRUE,"WT2_CGATGGCAGGTGATTA-1"
"WT2",909,731,"GSM4173505","WT2","WT",2,"WT","non_5XFAD",0,"9","9","9","Microglia",TRUE,"WT2_CGCGGTAAGACACTAA-1"
"WT2",1119,853,"GSM4173505","WT2","WT",2,"WT","non_5XFAD",0.0893655049151028,"9","9","9","Microglia",TRUE,"WT2_CGCGGTACACATCTTT-1"
"WT2",1010,815,"GSM4173505","WT2","WT",2,"WT","non_5XFAD",0.297029702970297,"9","9","9","Microglia",TRUE,"WT2_CGGAGTCCACACCGCA-1"
"WT2",1163,953,"GSM4173505","WT2","WT",2,"WT","non_5XFAD",0.0859845227858985,"9","9","9","Microglia",TRUE,"WT2_CGTAGCGAGATGTAAC-1"
"WT2",1172,887,"GSM4173505","WT2","WT",2,"WT","non_5XFAD",0.0853242320819113,"9","9","9","Microglia",TRUE,"WT2_CGTCCATAGATGGGTC-1"
"WT2",1273,993,"GSM4173505","WT2","WT",2,"WT","non_5XFAD",0,"9","9","9","Microglia",TRUE,"WT2_CGTCCATTCCCAACGG-1"
"WT2",1057,849,"GSM4173505","WT2","WT",2,"WT","non_5XFAD",0.378429517502365,"9","9","9","Microglia",TRUE,"WT2_CGTGAGCAGAACAACT-1"
"WT2",870,695,"GSM4173505","WT2","WT",2,"WT","non_5XFAD",0,"9","9","9","Microglia",TRUE,"WT2_CGTGTAATCAAACAAG-1"
"WT2",1165,906,"GSM4173505","WT2","WT",2,"WT","non_5XFAD",0.0858369098712446,"9","9","9","Microglia",TRUE,"WT2_CGTTCTGCAAACGCGA-1"
"WT2",1074,884,"GSM4173505","WT2","WT",2,"WT","non_5XFAD",0.0931098696461825,"9","9","9","Microglia",TRUE,"WT2_CTAACTTGTGCTTCTC-1"
"WT2",992,823,"GSM4173505","WT2","WT",2,"WT","non_5XFAD",0.604838709677419,"9","9","9","Microglia",TRUE,"WT2_CTAAGACCAACACCTA-1"
"WT2",1255,1031,"GSM4173505","WT2","WT",2,"WT","non_5XFAD",0.956175298804781,"9","9","9","Microglia",TRUE,"WT2_CTACACCCACACGCTG-1"
"WT2",862,722,"GSM4173505","WT2","WT",2,"WT","non_5XFAD",0.464037122969838,"9","9","9","Microglia",TRUE,"WT2_CTACACCTCCGAGCCA-1"
"WT2",1426,1128,"GSM4173505","WT2","WT",2,"WT","non_5XFAD",0.210378681626928,"9","9","9","Microglia",TRUE,"WT2_CTACACCTCTCAAGTG-1"
"WT2",966,764,"GSM4173505","WT2","WT",2,"WT","non_5XFAD",0.62111801242236,"9","9","9","Microglia",TRUE,"WT2_CTCGAGGGTTGTGGAG-1"
"WT2",1129,893,"GSM4173505","WT2","WT",2,"WT","non_5XFAD",0.265721877767936,"9","9","9","Microglia",TRUE,"WT2_CTCGTACTCGAGAACG-1"
"WT2",1352,1034,"GSM4173505","WT2","WT",2,"WT","non_5XFAD",0,"9","9","9","Microglia",TRUE,"WT2_CTCTACGTCCGGGTGT-1"
"WT2",1338,1064,"GSM4173505","WT2","WT",2,"WT","non_5XFAD",1.34529147982063,"9","9","9","Microglia",TRUE,"WT2_CTCTACGTCTGACCTC-1"
"WT2",1230,958,"GSM4173505","WT2","WT",2,"WT","non_5XFAD",0.0813008130081301,"9","9","9","Microglia",TRUE,"WT2_CTCTGGTAGTATGACA-1"
"WT2",1011,816,"GSM4173505","WT2","WT",2,"WT","non_5XFAD",0.593471810089021,"9","9","9","Microglia",TRUE,"WT2_CTGAAGTAGGATTCGG-1"
"WT2",1244,990,"GSM4173505","WT2","WT",2,"WT","non_5XFAD",0.0803858520900322,"9","9","9","Microglia",TRUE,"WT2_CTGAAGTGTCAACATC-1"
"WT2",1597,1218,"GSM4173505","WT2","WT",2,"WT","non_5XFAD",0.50093926111459,"9","9","9","Microglia",TRUE,"WT2_CTGCTGTAGGCTAGCA-1"
"WT2",1556,1221,"GSM4173505","WT2","WT",2,"WT","non_5XFAD",0.06426735218509,"9","9","9","Microglia",TRUE,"WT2_CTGCTGTGTTTGTTTC-1"
"WT2",1247,999,"GSM4173505","WT2","WT",2,"WT","non_5XFAD",0.240577385725742,"9","9","9","Microglia",TRUE,"WT2_CTTAACTAGAAGGTTT-1"
"WT2",1219,968,"GSM4173505","WT2","WT",2,"WT","non_5XFAD",0.0820344544708778,"9","9","9","Microglia",TRUE,"WT2_CTTAGGAAGTGAATTG-1"
"WT2",507,449,"GSM4173505","WT2","WT",2,"WT","non_5XFAD",0,"9","9","9","Microglia",TRUE,"WT2_CTTGGCTCATCTATGG-1"
"WT2",1087,865,"GSM4173505","WT2","WT",2,"WT","non_5XFAD",0.459981600735971,"9","9","9","Microglia",TRUE,"WT2_GAAATGATCCGAACGC-1"
"WT2",1293,1022,"GSM4173505","WT2","WT",2,"WT","non_5XFAD",0.618716163959783,"9","9","9","Microglia",TRUE,"WT2_GAACATCGTACAGTGG-1"
"WT2",1135,907,"GSM4173505","WT2","WT",2,"WT","non_5XFAD",0,"9","9","9","Microglia",TRUE,"WT2_GAACCTATCGTAGGAG-1"
"WT2",1759,1314,"GSM4173505","WT2","WT",2,"WT","non_5XFAD",0.0568504832291074,"9","9","9","Microglia",TRUE,"WT2_GACCAATGTCAACTGT-1"
"WT2",1135,923,"GSM4173505","WT2","WT",2,"WT","non_5XFAD",0.0881057268722467,"9","9","9","Microglia",TRUE,"WT2_GACCAATGTGTGACGA-1"
"WT2",1069,849,"GSM4173505","WT2","WT",2,"WT","non_5XFAD",0.0935453695042095,"9","9","9","Microglia",TRUE,"WT2_GACGTGCCAGACGCCT-1"
"WT2",1021,846,"GSM4173505","WT2","WT",2,"WT","non_5XFAD",0.0979431929480901,"9","9","9","Microglia",TRUE,"WT2_GACTACACAGGACCCT-1"
"WT2",1179,911,"GSM4173505","WT2","WT",2,"WT","non_5XFAD",1.69635284139101,"9","9","9","Microglia",TRUE,"WT2_GACTGCGTCCGAATGT-1"
"WT2",1031,847,"GSM4173505","WT2","WT",2,"WT","non_5XFAD",0,"9","9","9","Microglia",TRUE,"WT2_GAGGTGAGTGAGTATA-1"
"WT2",1216,979,"GSM4173505","WT2","WT",2,"WT","non_5XFAD",0.493421052631579,"9","9","9","Microglia",TRUE,"WT2_GATCAGTTCACATAGC-1"
"WT2",720,609,"GSM4173505","WT2","WT",2,"WT","non_5XFAD",0.277777777777778,"9","9","9","Microglia",TRUE,"WT2_GATCGTACACACCGAC-1"
"WT2",893,733,"GSM4173505","WT2","WT",2,"WT","non_5XFAD",0.111982082866741,"9","9","9","Microglia",TRUE,"WT2_GCAAACTGTGAGGCTA-1"
"WT2",1282,1003,"GSM4173505","WT2","WT",2,"WT","non_5XFAD",0.62402496099844,"9","9","9","Microglia",TRUE,"WT2_GCAATCACACCAGTTA-1"
"WT2",835,651,"GSM4173505","WT2","WT",2,"WT","non_5XFAD",0.359281437125749,"9","9","9","Microglia",TRUE,"WT2_GCAGCCAAGGATGCGT-1"
"WT2",1077,859,"GSM4173505","WT2","WT",2,"WT","non_5XFAD",0,"9","9","9","Microglia",TRUE,"WT2_GCAGCCATCCTAGGGC-1"
"WT2",1823,1306,"GSM4173505","WT2","WT",2,"WT","non_5XFAD",0.164563905650027,"9","9","9","Microglia",TRUE,"WT2_GCATACACAAGTTGTC-1"
"WT2",1046,844,"GSM4173505","WT2","WT",2,"WT","non_5XFAD",0.0956022944550669,"9","9","9","Microglia",TRUE,"WT2_GCGCAACGTACTCAAC-1"
"WT2",725,591,"GSM4173505","WT2","WT",2,"WT","non_5XFAD",2.75862068965517,"9","9","9","Microglia",TRUE,"WT2_GCGGGTTTCGACAGCC-1"
"WT2",1020,845,"GSM4173505","WT2","WT",2,"WT","non_5XFAD",0.0980392156862745,"9","9","9","Microglia",TRUE,"WT2_GCTGCTTCAAGGTTCT-1"
"WT2",1017,852,"GSM4173505","WT2","WT",2,"WT","non_5XFAD",0.0983284169124877,"9","9","9","Microglia",TRUE,"WT2_GCTTCCAAGCGTTGCC-1"
"WT2",1394,1075,"GSM4173505","WT2","WT",2,"WT","non_5XFAD",0.143472022955524,"9","9","9","Microglia",TRUE,"WT2_GCTTCCATCACTCCTG-1"
"WT2",1612,1221,"GSM4173505","WT2","WT",2,"WT","non_5XFAD",0.992555831265509,"9","9","9","Microglia",TRUE,"WT2_GGAAAGCCAGGGCATA-1"
"WT2",1021,831,"GSM4173505","WT2","WT",2,"WT","non_5XFAD",0.29382957884427,"9","9","9","Microglia",TRUE,"WT2_GGACAAGAGCTAAGAT-1"
"WT2",1070,878,"GSM4173505","WT2","WT",2,"WT","non_5XFAD",0,"9","9","9","Microglia",TRUE,"WT2_GGACATTGTCGCGTGT-1"
"WT2",962,770,"GSM4173505","WT2","WT",2,"WT","non_5XFAD",0,"9","9","9","Microglia",TRUE,"WT2_GGACGTCTCAGCTCGG-1"
"WT2",1876,1330,"GSM4173505","WT2","WT",2,"WT","non_5XFAD",0.639658848614073,"9","9","9","Microglia",TRUE,"WT2_GGATGTTAGAATGTGT-1"
"WT2",1186,940,"GSM4173505","WT2","WT",2,"WT","non_5XFAD",0.168634064080944,"9","9","9","Microglia",TRUE,"WT2_GGCGACTTCAAACCAC-1"
"WT2",961,799,"GSM4173505","WT2","WT",2,"WT","non_5XFAD",0,"9","9","9","Microglia",TRUE,"WT2_GGCTCGAAGGTGATAT-1"
"WT2",1226,954,"GSM4173505","WT2","WT",2,"WT","non_5XFAD",0.163132137030995,"9","9","9","Microglia",TRUE,"WT2_GGGAGATCACGTCTCT-1"
"WT2",1400,1095,"GSM4173505","WT2","WT",2,"WT","non_5XFAD",0.214285714285714,"9","9","9","Microglia",TRUE,"WT2_GGGATGATCCTAAGTG-1"
"WT2",1582,1169,"GSM4173505","WT2","WT",2,"WT","non_5XFAD",0.442477876106195,"9","9","9","Microglia",TRUE,"WT2_GGGCATCCAAGCGAGT-1"
"WT2",1107,834,"GSM4173505","WT2","WT",2,"WT","non_5XFAD",0.1806684733514,"9","9","9","Microglia",TRUE,"WT2_GGGTTGCCAGTGGGAT-1"
"WT2",1015,813,"GSM4173505","WT2","WT",2,"WT","non_5XFAD",0,"9","9","9","Microglia",TRUE,"WT2_GGTGCGTCAGACACTT-1"
"WT2",1129,882,"GSM4173505","WT2","WT",2,"WT","non_5XFAD",0.797165633303809,"9","9","9","Microglia",TRUE,"WT2_GGTGCGTTCCTGTAGA-1"
"WT2",1105,874,"GSM4173505","WT2","WT",2,"WT","non_5XFAD",0.271493212669683,"9","9","9","Microglia",TRUE,"WT2_GGTGTTACAATGAATG-1"
"WT2",1061,884,"GSM4173505","WT2","WT",2,"WT","non_5XFAD",0,"9","9","9","Microglia",TRUE,"WT2_GTAACTGTCAACCATG-1"
"WT2",1335,1055,"GSM4173505","WT2","WT",2,"WT","non_5XFAD",0.52434456928839,"9","9","9","Microglia",TRUE,"WT2_GTAACTGTCCGAATGT-1"
"WT2",1176,946,"GSM4173505","WT2","WT",2,"WT","non_5XFAD",0.0850340136054422,"9","9","9","Microglia",TRUE,"WT2_GTACGTAGTCCAAGTT-1"
"WT2",1131,923,"GSM4173505","WT2","WT",2,"WT","non_5XFAD",0.0884173297966401,"9","9","9","Microglia",TRUE,"WT2_GTACTCCGTCCAGTTA-1"
"WT2",1305,1000,"GSM4173505","WT2","WT",2,"WT","non_5XFAD",0.0766283524904215,"9","9","9","Microglia",TRUE,"WT2_GTAGGCCTCGGAGGTA-1"
"WT2",1379,1062,"GSM4173505","WT2","WT",2,"WT","non_5XFAD",0.217548948513416,"9","9","9","Microglia",TRUE,"WT2_GTATCTTGTGTAACGG-1"
"WT2",1054,864,"GSM4173505","WT2","WT",2,"WT","non_5XFAD",0.759013282732448,"9","9","9","Microglia",TRUE,"WT2_GTATTCTAGTATGACA-1"
"WT2",1373,1054,"GSM4173505","WT2","WT",2,"WT","non_5XFAD",0,"9","9","9","Microglia",TRUE,"WT2_GTCGTAAAGACTAGAT-1"
"WT2",1139,936,"GSM4173505","WT2","WT",2,"WT","non_5XFAD",0.526777875329236,"9","9","9","Microglia",TRUE,"WT2_GTCGTAAGTAGCCTAT-1"
"WT2",1454,1094,"GSM4173505","WT2","WT",2,"WT","non_5XFAD",0.343878954607978,"9","9","9","Microglia",TRUE,"WT2_GTCTCGTGTTCAGTAC-1"
"WT2",1096,840,"GSM4173505","WT2","WT",2,"WT","non_5XFAD",1.09489051094891,"9","9","9","Microglia",TRUE,"WT2_GTCTCGTTCCTAAGTG-1"
"WT2",1276,994,"GSM4173505","WT2","WT",2,"WT","non_5XFAD",0.156739811912226,"9","9","9","Microglia",TRUE,"WT2_GTGCAGCGTATGAATG-1"
"WT2",1206,953,"GSM4173505","WT2","WT",2,"WT","non_5XFAD",2.07296849087894,"9","9","9","Microglia",TRUE,"WT2_GTGCGGTCAATAAGCA-1"
"WT2",1031,790,"GSM4173505","WT2","WT",2,"WT","non_5XFAD",0,"9","9","9","Microglia",TRUE,"WT2_GTGCTTCAGCGACGTA-1"
"WT2",1005,801,"GSM4173505","WT2","WT",2,"WT","non_5XFAD",0.298507462686567,"9","9","9","Microglia",TRUE,"WT2_GTGTTAGTCACGAAGG-1"
"WT2",625,548,"GSM4173505","WT2","WT",2,"WT","non_5XFAD",0,"9","9","9","Microglia",TRUE,"WT2_GTTTCTAAGGCAATTA-1"
"WT2",1037,846,"GSM4173505","WT2","WT",2,"WT","non_5XFAD",0.38572806171649,"9","9","9","Microglia",TRUE,"WT2_GTTTCTAGTACTTGAC-1"
"WT2",1042,857,"GSM4173505","WT2","WT",2,"WT","non_5XFAD",0,"9","9","9","Microglia",TRUE,"WT2_TAAGAGAGTTCAGGCC-1"
"WT2",2183,1551,"GSM4173505","WT2","WT",2,"WT","non_5XFAD",0,"9","9","9","Microglia",TRUE,"WT2_TAAGTGCCAGGAATGC-1"
"WT2",978,790,"GSM4173505","WT2","WT",2,"WT","non_5XFAD",0.204498977505113,"9","9","9","Microglia",TRUE,"WT2_TACACGAAGTGTTGAA-1"
"WT2",1154,908,"GSM4173505","WT2","WT",2,"WT","non_5XFAD",0.173310225303293,"9","9","9","Microglia",TRUE,"WT2_TACCTTAAGAGTGAGA-1"
"WT2",1247,952,"GSM4173505","WT2","WT",2,"WT","non_5XFAD",3.04731355252606,"9","9","9","Microglia",TRUE,"WT2_TACCTTAGTACAGACG-1"
"WT2",975,806,"GSM4173505","WT2","WT",2,"WT","non_5XFAD",0.102564102564103,"9","9","9","Microglia",TRUE,"WT2_TACCTTATCGCCAAAT-1"
"WT2",916,757,"GSM4173505","WT2","WT",2,"WT","non_5XFAD",0.218340611353712,"9","9","9","Microglia",TRUE,"WT2_TACGGATCAAACTGCT-1"
"WT2",1150,924,"GSM4173505","WT2","WT",2,"WT","non_5XFAD",0.0869565217391304,"9","9","9","Microglia",TRUE,"WT2_TACGGATCAACACCCG-1"
"WT2",1170,949,"GSM4173505","WT2","WT",2,"WT","non_5XFAD",0.427350427350427,"9","9","9","Microglia",TRUE,"WT2_TACGGATCATGAACCT-1"
"WT2",968,770,"GSM4173505","WT2","WT",2,"WT","non_5XFAD",0.619834710743802,"9","9","9","Microglia",TRUE,"WT2_TACGGGCTCCAGATCA-1"
"WT2",1109,866,"GSM4173505","WT2","WT",2,"WT","non_5XFAD",0.0901713255184851,"9","9","9","Microglia",TRUE,"WT2_TACTTACCAGTAAGCG-1"
"WT2",1913,1398,"GSM4173505","WT2","WT",2,"WT","non_5XFAD",0.627286983795086,"9","9","9","Microglia",TRUE,"WT2_TAGACCAAGCTGTTCA-1"
"WT2",1038,849,"GSM4173505","WT2","WT",2,"WT","non_5XFAD",0.0963391136801541,"9","9","9","Microglia",TRUE,"WT2_TAGACCATCGTCTGAA-1"
"WT2",1298,971,"GSM4173505","WT2","WT",2,"WT","non_5XFAD",0.0770416024653313,"9","9","9","Microglia",TRUE,"WT2_TAGACCATCTACTTAC-1"
"WT2",1364,1074,"GSM4173505","WT2","WT",2,"WT","non_5XFAD",0.146627565982405,"9","9","9","Microglia",TRUE,"WT2_TAGTGGTGTCTTCAAG-1"
"WT2",1122,934,"GSM4173505","WT2","WT",2,"WT","non_5XFAD",0.089126559714795,"9","9","9","Microglia",TRUE,"WT2_TAGTTGGCAAGGACTG-1"
"WT2",679,532,"GSM4173505","WT2","WT",2,"WT","non_5XFAD",0.147275405007364,"9","9","9","Microglia",TRUE,"WT2_TATGCCCCAGCTGTTA-1"
"WT2",1462,1094,"GSM4173505","WT2","WT",2,"WT","non_5XFAD",0,"9","9","9","Microglia",TRUE,"WT2_TCAGATGGTAAAGTCA-1"
"WT2",1416,1112,"GSM4173505","WT2","WT",2,"WT","non_5XFAD",0.0706214689265537,"9","9","9","Microglia",TRUE,"WT2_TCATTTGGTATAGTAG-1"
"WT2",1189,927,"GSM4173505","WT2","WT",2,"WT","non_5XFAD",0.504625735912532,"9","9","9","Microglia",TRUE,"WT2_TCCACACAGTCATCCA-1"
"WT2",1233,964,"GSM4173505","WT2","WT",2,"WT","non_5XFAD",0.08110300081103,"9","9","9","Microglia",TRUE,"WT2_TCCACACAGTCTCGGC-1"
"WT2",1379,1057,"GSM4173505","WT2","WT",2,"WT","non_5XFAD",0.725163161711385,"9","9","9","Microglia",TRUE,"WT2_TCCACACAGTTTGCGT-1"
"WT2",1222,952,"GSM4173505","WT2","WT",2,"WT","non_5XFAD",0,"9","9","9","Microglia",TRUE,"WT2_TCGCGTTGTAGCTTGT-1"
"WT2",1311,1000,"GSM4173505","WT2","WT",2,"WT","non_5XFAD",0.07627765064836,"9","9","9","Microglia",TRUE,"WT2_TCGGGACAGGCTAGCA-1"
"WT2",1109,900,"GSM4173505","WT2","WT",2,"WT","non_5XFAD",0,"9","9","9","Microglia",TRUE,"WT2_TCGGTAAGTTAGGGTG-1"
"WT2",885,733,"GSM4173505","WT2","WT",2,"WT","non_5XFAD",0.112994350282486,"9","9","9","Microglia",TRUE,"WT2_TCGGTAAGTTGGACCC-1"
"WT2",1035,855,"GSM4173505","WT2","WT",2,"WT","non_5XFAD",0.483091787439614,"9","9","9","Microglia",TRUE,"WT2_TCGGTAATCAACACAC-1"
"WT2",1148,930,"GSM4173505","WT2","WT",2,"WT","non_5XFAD",0.261324041811847,"9","9","9","Microglia",TRUE,"WT2_TCTCATAAGTCGATAA-1"
"WT2",1171,969,"GSM4173505","WT2","WT",2,"WT","non_5XFAD",0.085397096498719,"9","9","9","Microglia",TRUE,"WT2_TCTCTAAAGACTTTCG-1"
"WT2",978,811,"GSM4173505","WT2","WT",2,"WT","non_5XFAD",0.102249488752556,"9","9","9","Microglia",TRUE,"WT2_TCTTCGGGTCTAGTCA-1"
"WT2",808,666,"GSM4173505","WT2","WT",2,"WT","non_5XFAD",0.618811881188119,"9","9","9","Microglia",TRUE,"WT2_TCTTTCCTCATCACCC-1"
"WT2",1062,840,"GSM4173505","WT2","WT",2,"WT","non_5XFAD",0.753295668549906,"9","9","9","Microglia",TRUE,"WT2_TGACTAGAGTTCGCGC-1"
"WT2",1089,865,"GSM4173505","WT2","WT",2,"WT","non_5XFAD",0,"9","9","9","Microglia",TRUE,"WT2_TGAGAGGGTTGTCTTT-1"
"WT2",1248,942,"GSM4173505","WT2","WT",2,"WT","non_5XFAD",0.0801282051282051,"9","9","9","Microglia",TRUE,"WT2_TGAGAGGTCAAAGACA-1"
"WT2",1469,1141,"GSM4173505","WT2","WT",2,"WT","non_5XFAD",0,"9","9","9","Microglia",TRUE,"WT2_TGAGCCGGTAAATGTG-1"
"WT2",1084,869,"GSM4173505","WT2","WT",2,"WT","non_5XFAD",0,"9","9","9","Microglia",TRUE,"WT2_TGAGCCGTCCGTTGCT-1"
"WT2",1385,1077,"GSM4173505","WT2","WT",2,"WT","non_5XFAD",0.216606498194946,"9","9","9","Microglia",TRUE,"WT2_TGATTTCAGGCTAGCA-1"
"WT2",986,800,"GSM4173505","WT2","WT",2,"WT","non_5XFAD",0,"9","9","9","Microglia",TRUE,"WT2_TGCCAAACAAGCGCTC-1"
"WT2",1342,1010,"GSM4173505","WT2","WT",2,"WT","non_5XFAD",0,"9","9","9","Microglia",TRUE,"WT2_TGCGCAGCACGCGAAA-1"
"WT2",1163,841,"GSM4173505","WT2","WT",2,"WT","non_5XFAD",8.59845227858985,"9","9","9","Microglia",TRUE,"WT2_TGCGGGTAGCGAGAAA-1"
"WT2",930,771,"GSM4173505","WT2","WT",2,"WT","non_5XFAD",0.10752688172043,"9","9","9","Microglia",TRUE,"WT2_TGCTGCTTCCGTCAAA-1"
"WT2",925,764,"GSM4173505","WT2","WT",2,"WT","non_5XFAD",0.432432432432432,"9","9","9","Microglia",TRUE,"WT2_TGGCCAGAGCAACGGT-1"
"WT2",1120,904,"GSM4173505","WT2","WT",2,"WT","non_5XFAD",0.0892857142857143,"9","9","9","Microglia",TRUE,"WT2_TGGTTAGAGCAGATCG-1"
"WT2",1257,1007,"GSM4173505","WT2","WT",2,"WT","non_5XFAD",0,"9","9","9","Microglia",TRUE,"WT2_TGGTTAGAGTTGCAGG-1"
"WT2",1016,789,"GSM4173505","WT2","WT",2,"WT","non_5XFAD",0,"9","9","9","Microglia",TRUE,"WT2_TGTGTTTTCTATCGCC-1"
"WT2",1023,820,"GSM4173505","WT2","WT",2,"WT","non_5XFAD",0.0977517106549365,"9","9","9","Microglia",TRUE,"WT2_TTAGGACGTTTCCACC-1"
"WT2",1330,1021,"GSM4173505","WT2","WT",2,"WT","non_5XFAD",0.225563909774436,"9","9","9","Microglia",TRUE,"WT2_TTAGTTCCATCACGTA-1"
"WT2",1063,873,"GSM4173505","WT2","WT",2,"WT","non_5XFAD",0,"9","9","9","Microglia",TRUE,"WT2_TTATGCTGTTCTGGTA-1"
"WT2",894,736,"GSM4173505","WT2","WT",2,"WT","non_5XFAD",0.559284116331096,"9","9","9","Microglia",TRUE,"WT2_TTCTCAAAGCCCGAAA-1"
"WT2",841,692,"GSM4173505","WT2","WT",2,"WT","non_5XFAD",0.118906064209275,"9","9","9","Microglia",TRUE,"WT2_TTCTCCTGTCAGATAA-1"
"WT2",924,761,"GSM4173505","WT2","WT",2,"WT","non_5XFAD",0.216450216450216,"9","9","9","Microglia",TRUE,"WT2_TTGAACGTCCCAAGAT-1"
"WT2",684,577,"GSM4173505","WT2","WT",2,"WT","non_5XFAD",1.0233918128655,"9","9","9","Microglia",TRUE,"WT2_TTGGAACTCTTTAGGG-1"
"WT2",803,684,"GSM4173505","WT2","WT",2,"WT","non_5XFAD",0.12453300124533,"9","9","9","Microglia",TRUE,"WT2_TTGTAGGCACGAAACG-1"
"WT2",1087,892,"GSM4173505","WT2","WT",2,"WT","non_5XFAD",0.0919963201471941,"9","9","9","Microglia",TRUE,"WT2_TTTACTGGTCTCACCT-1"
"WT2",706,593,"GSM4173505","WT2","WT",2,"WT","non_5XFAD",0.141643059490085,"9","9","9","Microglia",TRUE,"WT2_TTTGCGCGTTCCACTC-1"
"WT2",1272,1001,"GSM4173505","WT2","WT",2,"WT","non_5XFAD",0.0786163522012579,"9","9","9","Microglia",TRUE,"WT2_TTTGGTTGTAAATACG-1"
"WT3",1055,879,"GSM4173506","WT3","WT",3,"WT","non_5XFAD",0.28436018957346,"9","9","9","Microglia",TRUE,"WT3_AAACCTGAGCACCGTC-1"
"WT3",1369,1111,"GSM4173506","WT3","WT",3,"WT","non_5XFAD",0.657414170927684,"9","9","9","Microglia",TRUE,"WT3_AAAGATGAGGTGGGTT-1"
"WT3",1408,1129,"GSM4173506","WT3","WT",3,"WT","non_5XFAD",0.355113636363636,"9","9","9","Microglia",TRUE,"WT3_AAAGATGTCCTTTACA-1"
"WT3",1374,1105,"GSM4173506","WT3","WT",3,"WT","non_5XFAD",0.0727802037845706,"9","9","9","Microglia",TRUE,"WT3_AAATGCCCACCAGGTC-1"
"WT3",1427,1075,"GSM4173506","WT3","WT",3,"WT","non_5XFAD",0.560616678346181,"9","9","9","Microglia",TRUE,"WT3_AACCATGCATATACGC-1"
"WT3",1044,825,"GSM4173506","WT3","WT",3,"WT","non_5XFAD",0,"9","9","9","Microglia",TRUE,"WT3_AACTCAGAGGAGTACC-1"
"WT3",648,554,"GSM4173506","WT3","WT",3,"WT","non_5XFAD",0.925925925925926,"9","9","9","Microglia",TRUE,"WT3_AACTGGTAGCTAACAA-1"
"WT3",977,814,"GSM4173506","WT3","WT",3,"WT","non_5XFAD",0.409416581371546,"9","9","9","Microglia",TRUE,"WT3_AACTGGTAGGCGACAT-1"
"WT3",758,646,"GSM4173506","WT3","WT",3,"WT","non_5XFAD",0.131926121372032,"9","9","9","Microglia",TRUE,"WT3_AAGACCTCAGCCTTTC-1"
"WT3",940,778,"GSM4173506","WT3","WT",3,"WT","non_5XFAD",0.106382978723404,"9","9","9","Microglia",TRUE,"WT3_ACACCAAGTGTCGCTG-1"
"WT3",1019,829,"GSM4173506","WT3","WT",3,"WT","non_5XFAD",0,"9","9","9","Microglia",TRUE,"WT3_ACACCCTCATGAGCGA-1"
"WT3",1163,924,"GSM4173506","WT3","WT",3,"WT","non_5XFAD",0,"9","9","9","Microglia",TRUE,"WT3_ACACTGAAGTAACCCT-1"
"WT3",1405,980,"GSM4173506","WT3","WT",3,"WT","non_5XFAD",0.854092526690391,"9","9","9","Microglia",TRUE,"WT3_ACCAGTAGTCCGAACC-1"
"WT3",1027,823,"GSM4173506","WT3","WT",3,"WT","non_5XFAD",0.389483933787731,"9","9","9","Microglia",TRUE,"WT3_ACCTTTACACCAGCAC-1"
"WT3",822,679,"GSM4173506","WT3","WT",3,"WT","non_5XFAD",0,"9","9","9","Microglia",TRUE,"WT3_ACGAGCCTCATGTCCC-1"
"WT3",1285,928,"GSM4173506","WT3","WT",3,"WT","non_5XFAD",5.44747081712062,"9","9","9","Microglia",TRUE,"WT3_ACGAGGATCGCACTCT-1"
"WT3",1145,903,"GSM4173506","WT3","WT",3,"WT","non_5XFAD",1.1353711790393,"9","9","9","Microglia",TRUE,"WT3_ACGAGGATCTGTACGA-1"
"WT3",1047,849,"GSM4173506","WT3","WT",3,"WT","non_5XFAD",0.191021967526266,"9","9","9","Microglia",TRUE,"WT3_ACGTCAAAGCAACGGT-1"
"WT3",1102,888,"GSM4173506","WT3","WT",3,"WT","non_5XFAD",0,"9","9","9","Microglia",TRUE,"WT3_ACGTCAACAATTGCTG-1"
"WT3",984,802,"GSM4173506","WT3","WT",3,"WT","non_5XFAD",0,"9","9","9","Microglia",TRUE,"WT3_ACTGAACGTGACGCCT-1"
"WT3",879,727,"GSM4173506","WT3","WT",3,"WT","non_5XFAD",0,"9","9","9","Microglia",TRUE,"WT3_ACTGAGTCAATGGATA-1"
"WT3",1355,1089,"GSM4173506","WT3","WT",3,"WT","non_5XFAD",0.516605166051661,"9","9","9","Microglia",TRUE,"WT3_ACTGATGGTCCATGAT-1"
"WT3",681,552,"GSM4173506","WT3","WT",3,"WT","non_5XFAD",0,"9","9","9","Microglia",TRUE,"WT3_ACTTACTTCGGATGGA-1"
"WT3",610,524,"GSM4173506","WT3","WT",3,"WT","non_5XFAD",0.327868852459016,"9","9","9","Microglia",TRUE,"WT3_ACTTTCATCTGTCAAG-1"
"WT3",789,651,"GSM4173506","WT3","WT",3,"WT","non_5XFAD",0.253485424588086,"9","9","9","Microglia",TRUE,"WT3_AGACGTTTCCTATGTT-1"
"WT3",1174,934,"GSM4173506","WT3","WT",3,"WT","non_5XFAD",0,"9","9","9","Microglia",TRUE,"WT3_AGAGCGACACAGACTT-1"
"WT3",937,776,"GSM4173506","WT3","WT",3,"WT","non_5XFAD",0,"9","9","9","Microglia",TRUE,"WT3_AGAGCTTCACGAAACG-1"
"WT3",989,809,"GSM4173506","WT3","WT",3,"WT","non_5XFAD",0,"9","9","9","Microglia",TRUE,"WT3_AGAGTGGAGAGGTAGA-1"
"WT3",1031,804,"GSM4173506","WT3","WT",3,"WT","non_5XFAD",0.0969932104752667,"9","9","9","Microglia",TRUE,"WT3_AGCAGCCTCAGGATCT-1"
"WT3",1113,892,"GSM4173506","WT3","WT",3,"WT","non_5XFAD",0,"9","9","9","Microglia",TRUE,"WT3_AGCCTAAAGTGCTGCC-1"
"WT3",1928,1454,"GSM4173506","WT3","WT",3,"WT","non_5XFAD",0,"9","9","9","Microglia",TRUE,"WT3_AGGCCACTCTCTGCTG-1"
"WT3",873,740,"GSM4173506","WT3","WT",3,"WT","non_5XFAD",0.458190148911798,"9","9","9","Microglia",TRUE,"WT3_AGGCCGTAGAGTGACC-1"
"WT3",779,644,"GSM4173506","WT3","WT",3,"WT","non_5XFAD",0.256739409499358,"9","9","9","Microglia",TRUE,"WT3_AGGGTGAAGGAGCGAG-1"
"WT3",1842,1392,"GSM4173506","WT3","WT",3,"WT","non_5XFAD",0.271444082519001,"9","9","9","Microglia",TRUE,"WT3_AGGTCCGCACTATCTT-1"
"WT3",966,775,"GSM4173506","WT3","WT",3,"WT","non_5XFAD",0.10351966873706,"9","9","9","Microglia",TRUE,"WT3_AGTAGTCGTAGAAAGG-1"
"WT3",946,737,"GSM4173506","WT3","WT",3,"WT","non_5XFAD",0.211416490486258,"9","9","9","Microglia",TRUE,"WT3_AGTGGGAAGGCATGTG-1"
"WT3",1042,836,"GSM4173506","WT3","WT",3,"WT","non_5XFAD",0,"9","9","9","Microglia",TRUE,"WT3_AGTGGGAGTCAATACC-1"
"WT3",1401,1092,"GSM4173506","WT3","WT",3,"WT","non_5XFAD",0.142755174875089,"9","9","9","Microglia",TRUE,"WT3_AGTGTCACACACTGCG-1"
"WT3",897,747,"GSM4173506","WT3","WT",3,"WT","non_5XFAD",0.222965440356745,"9","9","9","Microglia",TRUE,"WT3_AGTGTCACACCGATAT-1"
"WT3",1320,1063,"GSM4173506","WT3","WT",3,"WT","non_5XFAD",0.0757575757575758,"9","9","9","Microglia",TRUE,"WT3_ATAAGAGCACTATCTT-1"
"WT3",1231,962,"GSM4173506","WT3","WT",3,"WT","non_5XFAD",0.16246953696182,"9","9","9","Microglia",TRUE,"WT3_ATAAGAGTCTGCAGTA-1"
"WT3",1013,848,"GSM4173506","WT3","WT",3,"WT","non_5XFAD",0.0987166831194472,"9","9","9","Microglia",TRUE,"WT3_ATAGACCCATCTCGCT-1"
"WT3",1078,848,"GSM4173506","WT3","WT",3,"WT","non_5XFAD",0,"9","9","9","Microglia",TRUE,"WT3_ATCACGAAGGGAACGG-1"
"WT3",1282,1022,"GSM4173506","WT3","WT",3,"WT","non_5XFAD",0,"9","9","9","Microglia",TRUE,"WT3_ATCATCTGTCTCCACT-1"
"WT3",1354,1113,"GSM4173506","WT3","WT",3,"WT","non_5XFAD",0.147710487444609,"9","9","9","Microglia",TRUE,"WT3_ATCTACTTCGGTGTTA-1"
"WT3",997,801,"GSM4173506","WT3","WT",3,"WT","non_5XFAD",0.200601805416249,"9","9","9","Microglia",TRUE,"WT3_ATGCGATAGTCGATAA-1"
"WT3",1227,966,"GSM4173506","WT3","WT",3,"WT","non_5XFAD",0.244498777506112,"9","9","9","Microglia",TRUE,"WT3_ATGCGATGTAAGGATT-1"
"WT3",911,762,"GSM4173506","WT3","WT",3,"WT","non_5XFAD",0.21953896816685,"9","9","9","Microglia",TRUE,"WT3_ATTACTCAGTCCCACG-1"
"WT3",1368,1104,"GSM4173506","WT3","WT",3,"WT","non_5XFAD",0,"9","9","9","Microglia",TRUE,"WT3_ATTCTACTCCTCAACC-1"
"WT3",934,768,"GSM4173506","WT3","WT",3,"WT","non_5XFAD",0.428265524625268,"9","9","9","Microglia",TRUE,"WT3_ATTGGACGTTCAGGCC-1"
"WT3",842,696,"GSM4173506","WT3","WT",3,"WT","non_5XFAD",0.712589073634204,"9","9","9","Microglia",TRUE,"WT3_ATTGGTGCATTACCTT-1"
"WT3",1108,915,"GSM4173506","WT3","WT",3,"WT","non_5XFAD",1.35379061371841,"9","9","9","Microglia",TRUE,"WT3_CAACTAGAGGTACTCT-1"
"WT3",1615,1231,"GSM4173506","WT3","WT",3,"WT","non_5XFAD",0.619195046439629,"9","9","9","Microglia",TRUE,"WT3_CAACTAGTCTAACTCT-1"
"WT3",652,536,"GSM4173506","WT3","WT",3,"WT","non_5XFAD",0,"9","9","9","Microglia",TRUE,"WT3_CAAGAAATCTTGACGA-1"
"WT3",815,662,"GSM4173506","WT3","WT",3,"WT","non_5XFAD",0,"9","9","9","Microglia",TRUE,"WT3_CAAGATCTCACCCTCA-1"
"WT3",1004,809,"GSM4173506","WT3","WT",3,"WT","non_5XFAD",0.298804780876494,"9","9","9","Microglia",TRUE,"WT3_CAAGTTGTCTGATACG-1"
"WT3",899,727,"GSM4173506","WT3","WT",3,"WT","non_5XFAD",0.111234705228031,"9","9","9","Microglia",TRUE,"WT3_CACAAACCAACAACCT-1"
"WT3",1099,878,"GSM4173506","WT3","WT",3,"WT","non_5XFAD",0,"9","9","9","Microglia",TRUE,"WT3_CACACAAAGTTATCGC-1"
"WT3",1270,987,"GSM4173506","WT3","WT",3,"WT","non_5XFAD",0.15748031496063,"9","9","9","Microglia",TRUE,"WT3_CACACTCCATGGTCAT-1"
"WT3",1203,964,"GSM4173506","WT3","WT",3,"WT","non_5XFAD",0,"9","9","9","Microglia",TRUE,"WT3_CACATAGTCAACGGGA-1"
"WT3",1267,981,"GSM4173506","WT3","WT",3,"WT","non_5XFAD",0,"9","9","9","Microglia",TRUE,"WT3_CACATAGTCGGAGGTA-1"
"WT3",1882,1436,"GSM4173506","WT3","WT",3,"WT","non_5XFAD",0.106269925611052,"9","9","9","Microglia",TRUE,"WT3_CACATTTTCTTGACGA-1"
"WT3",896,738,"GSM4173506","WT3","WT",3,"WT","non_5XFAD",0.334821428571429,"9","9","9","Microglia",TRUE,"WT3_CACCACTTCTTTCCTC-1"
"WT3",1458,1180,"GSM4173506","WT3","WT",3,"WT","non_5XFAD",0.480109739368999,"9","9","9","Microglia",TRUE,"WT3_CACCAGGTCGCGATCG-1"
"WT3",691,567,"GSM4173506","WT3","WT",3,"WT","non_5XFAD",0.144717800289436,"9","9","9","Microglia",TRUE,"WT3_CACTCCATCGACGGAA-1"
"WT3",1084,877,"GSM4173506","WT3","WT",3,"WT","non_5XFAD",0,"9","9","9","Microglia",TRUE,"WT3_CAGCAGCGTTCAGACT-1"
"WT3",923,754,"GSM4173506","WT3","WT",3,"WT","non_5XFAD",0.216684723726977,"9","9","9","Microglia",TRUE,"WT3_CAGCATATCACCCGAG-1"
"WT3",844,691,"GSM4173506","WT3","WT",3,"WT","non_5XFAD",0.355450236966825,"9","9","9","Microglia",TRUE,"WT3_CAGTCCTCATTGTGCA-1"
"WT3",682,568,"GSM4173506","WT3","WT",3,"WT","non_5XFAD",0,"9","9","9","Microglia",TRUE,"WT3_CATATGGCACAGTCGC-1"
"WT3",1593,1193,"GSM4173506","WT3","WT",3,"WT","non_5XFAD",0,"9","9","9","Microglia",TRUE,"WT3_CATATGGTCCCTCAGT-1"
"WT3",844,721,"GSM4173506","WT3","WT",3,"WT","non_5XFAD",0,"9","9","9","Microglia",TRUE,"WT3_CATCAAGGTGACCAAG-1"
"WT3",1220,1004,"GSM4173506","WT3","WT",3,"WT","non_5XFAD",0.491803278688525,"9","9","9","Microglia",TRUE,"WT3_CATCAAGTCTTTAGTC-1"
"WT3",1277,987,"GSM4173506","WT3","WT",3,"WT","non_5XFAD",0.156617071260767,"9","9","9","Microglia",TRUE,"WT3_CATCGGGCAATCAGAA-1"
"WT3",1212,969,"GSM4173506","WT3","WT",3,"WT","non_5XFAD",0.99009900990099,"9","9","9","Microglia",TRUE,"WT3_CATCGGGCATACGCTA-1"
"WT3",1226,997,"GSM4173506","WT3","WT",3,"WT","non_5XFAD",0.163132137030995,"9","9","9","Microglia",TRUE,"WT3_CATGACACATTGGTAC-1"
"WT3",1064,869,"GSM4173506","WT3","WT",3,"WT","non_5XFAD",0.093984962406015,"9","9","9","Microglia",TRUE,"WT3_CATTATCGTTCTGGTA-1"
"WT3",900,710,"GSM4173506","WT3","WT",3,"WT","non_5XFAD",0.555555555555556,"9","9","9","Microglia",TRUE,"WT3_CCAATCCTCGCAGGCT-1"
"WT3",1581,1179,"GSM4173506","WT3","WT",3,"WT","non_5XFAD",0.442757748260595,"9","9","9","Microglia",TRUE,"WT3_CCACCTAAGTTGAGAT-1"
"WT3",521,469,"GSM4173506","WT3","WT",3,"WT","non_5XFAD",0,"9","9","9","Microglia",TRUE,"WT3_CCACTACAGATTACCC-1"
"WT3",869,718,"GSM4173506","WT3","WT",3,"WT","non_5XFAD",0.115074798619102,"9","9","9","Microglia",TRUE,"WT3_CCAGCGAAGATGGCGT-1"
"WT3",1217,942,"GSM4173506","WT3","WT",3,"WT","non_5XFAD",0,"9","9","9","Microglia",TRUE,"WT3_CCAGCGACAGGATTGG-1"
"WT3",632,530,"GSM4173506","WT3","WT",3,"WT","non_5XFAD",0,"9","9","9","Microglia",TRUE,"WT3_CCATGTCAGAGTACAT-1"
"WT3",1546,1172,"GSM4173506","WT3","WT",3,"WT","non_5XFAD",0,"9","9","9","Microglia",TRUE,"WT3_CCATTCGTCTCAAGTG-1"
"WT3",1130,920,"GSM4173506","WT3","WT",3,"WT","non_5XFAD",2.21238938053097,"9","9","9","Microglia",TRUE,"WT3_CCGGGATTCCGCATAA-1"
"WT3",1074,853,"GSM4173506","WT3","WT",3,"WT","non_5XFAD",0.0931098696461825,"9","9","9","Microglia",TRUE,"WT3_CCTAAAGTCAACGGGA-1"
"WT3",887,728,"GSM4173506","WT3","WT",3,"WT","non_5XFAD",0.112739571589628,"9","9","9","Microglia",TRUE,"WT3_CCTCAGTAGGCTATCT-1"
"WT3",1327,1055,"GSM4173506","WT3","WT",3,"WT","non_5XFAD",0.0753579502637528,"9","9","9","Microglia",TRUE,"WT3_CCTCTGACACGTCAGC-1"
"WT3",766,647,"GSM4173506","WT3","WT",3,"WT","non_5XFAD",0.391644908616188,"9","9","9","Microglia",TRUE,"WT3_CCTTACGCAAGCCCAC-1"
"WT3",1934,1414,"GSM4173506","WT3","WT",3,"WT","non_5XFAD",0.258531540847983,"9","9","9","Microglia",TRUE,"WT3_CCTTCGAGTACGCTGC-1"
"WT3",993,785,"GSM4173506","WT3","WT",3,"WT","non_5XFAD",0,"9","9","9","Microglia",TRUE,"WT3_CCTTCGAGTCGATTGT-1"
"WT3",1073,822,"GSM4173506","WT3","WT",3,"WT","non_5XFAD",0.465983224603914,"9","9","9","Microglia",TRUE,"WT3_CGAACATTCTGAAAGA-1"
"WT3",1053,861,"GSM4173506","WT3","WT",3,"WT","non_5XFAD",0.284900284900285,"9","9","9","Microglia",TRUE,"WT3_CGAATGTTCAAACCGT-1"
"WT3",996,809,"GSM4173506","WT3","WT",3,"WT","non_5XFAD",0.200803212851406,"9","9","9","Microglia",TRUE,"WT3_CGACTTCAGTTCGCGC-1"
"WT3",1099,897,"GSM4173506","WT3","WT",3,"WT","non_5XFAD",0.0909918107370337,"9","9","9","Microglia",TRUE,"WT3_CGCTATCAGGCTAGCA-1"
"WT3",2039,1513,"GSM4173506","WT3","WT",3,"WT","non_5XFAD",0,"9","9","9","Microglia",TRUE,"WT3_CGCTATCGTCTAGGTT-1"
"WT3",1141,926,"GSM4173506","WT3","WT",3,"WT","non_5XFAD",0.876424189307625,"9","9","9","Microglia",TRUE,"WT3_CGCTATCTCCGGCACA-1"
"WT3",1019,835,"GSM4173506","WT3","WT",3,"WT","non_5XFAD",0.098135426889107,"9","9","9","Microglia",TRUE,"WT3_CGCTGGAAGTTGTAGA-1"
"WT3",1125,854,"GSM4173506","WT3","WT",3,"WT","non_5XFAD",0,"9","9","9","Microglia",TRUE,"WT3_CGCTTCAGTACTCTCC-1"
"WT3",791,662,"GSM4173506","WT3","WT",3,"WT","non_5XFAD",0,"9","9","9","Microglia",TRUE,"WT3_CGGACACAGTGTTGAA-1"
"WT3",967,787,"GSM4173506","WT3","WT",3,"WT","non_5XFAD",0.31023784901758,"9","9","9","Microglia",TRUE,"WT3_CGGAGCTTCTTCAACT-1"
"WT3",1326,1023,"GSM4173506","WT3","WT",3,"WT","non_5XFAD",0,"9","9","9","Microglia",TRUE,"WT3_CGGAGTCCACCGAAAG-1"
"WT3",911,749,"GSM4173506","WT3","WT",3,"WT","non_5XFAD",0,"9","9","9","Microglia",TRUE,"WT3_CGGAGTCCAGACGCCT-1"
"WT3",1054,869,"GSM4173506","WT3","WT",3,"WT","non_5XFAD",0.094876660341556,"9","9","9","Microglia",TRUE,"WT3_CGGAGTCTCTCAAGTG-1"
"WT3",1125,906,"GSM4173506","WT3","WT",3,"WT","non_5XFAD",0.355555555555556,"9","9","9","Microglia",TRUE,"WT3_CGGGTCACAATGTTGC-1"
"WT3",1048,873,"GSM4173506","WT3","WT",3,"WT","non_5XFAD",0.0954198473282443,"9","9","9","Microglia",TRUE,"WT3_CGGTTAAGTGCACCAC-1"
"WT3",1226,972,"GSM4173506","WT3","WT",3,"WT","non_5XFAD",0,"9","9","9","Microglia",TRUE,"WT3_CGTAGCGGTCGGCTCA-1"
"WT3",935,739,"GSM4173506","WT3","WT",3,"WT","non_5XFAD",0.106951871657754,"9","9","9","Microglia",TRUE,"WT3_CGTCCATGTAAGTTCC-1"
"WT3",889,706,"GSM4173506","WT3","WT",3,"WT","non_5XFAD",8.32395950506187,"9","9","9","Microglia",TRUE,"WT3_CGTCTACAGCCGATTT-1"
"WT3",859,741,"GSM4173506","WT3","WT",3,"WT","non_5XFAD",0,"9","9","9","Microglia",TRUE,"WT3_CGTGTCTGTGTCAATC-1"
"WT3",612,492,"GSM4173506","WT3","WT",3,"WT","non_5XFAD",0.163398692810458,"9","9","9","Microglia",TRUE,"WT3_CGTTCTGAGCGGATCA-1"
"WT3",1027,811,"GSM4173506","WT3","WT",3,"WT","non_5XFAD",0,"9","9","9","Microglia",TRUE,"WT3_CGTTCTGGTACTTGAC-1"
"WT3",1078,855,"GSM4173506","WT3","WT",3,"WT","non_5XFAD",0.185528756957328,"9","9","9","Microglia",TRUE,"WT3_CTAACTTTCTGATTCT-1"
"WT3",1117,912,"GSM4173506","WT3","WT",3,"WT","non_5XFAD",0.26857654431513,"9","9","9","Microglia",TRUE,"WT3_CTACGTCAGTTACGGG-1"
"WT3",547,471,"GSM4173506","WT3","WT",3,"WT","non_5XFAD",0,"9","9","9","Microglia",TRUE,"WT3_CTAGAGTAGCGTGAAC-1"
"WT3",1269,998,"GSM4173506","WT3","WT",3,"WT","non_5XFAD",1.41843971631206,"9","9","9","Microglia",TRUE,"WT3_CTCACACAGTTGAGTA-1"
"WT3",1106,908,"GSM4173506","WT3","WT",3,"WT","non_5XFAD",0.0904159132007233,"9","9","9","Microglia",TRUE,"WT3_CTCATTACACCGCTAG-1"
"WT3",694,600,"GSM4173506","WT3","WT",3,"WT","non_5XFAD",0,"9","9","9","Microglia",TRUE,"WT3_CTCGGGAGTCGAATCT-1"
"WT3",705,583,"GSM4173506","WT3","WT",3,"WT","non_5XFAD",0.567375886524823,"9","9","9","Microglia",TRUE,"WT3_CTCGGGATCAACACTG-1"
"WT3",889,748,"GSM4173506","WT3","WT",3,"WT","non_5XFAD",0.112485939257593,"9","9","9","Microglia",TRUE,"WT3_CTGATCCGTCAGAAGC-1"
"WT3",1185,961,"GSM4173506","WT3","WT",3,"WT","non_5XFAD",0.253164556962025,"9","9","9","Microglia",TRUE,"WT3_CTGTTTACATCCGCGA-1"
"WT3",1520,1145,"GSM4173506","WT3","WT",3,"WT","non_5XFAD",0.0657894736842105,"9","9","9","Microglia",TRUE,"WT3_CTGTTTAGTACTCGCG-1"
"WT3",1078,886,"GSM4173506","WT3","WT",3,"WT","non_5XFAD",0.0927643784786642,"9","9","9","Microglia",TRUE,"WT3_CTTAACTGTAAGGGAA-1"
"WT3",796,665,"GSM4173506","WT3","WT",3,"WT","non_5XFAD",0,"9","9","9","Microglia",TRUE,"WT3_CTTCTCTCACGGCCAT-1"
"WT3",875,707,"GSM4173506","WT3","WT",3,"WT","non_5XFAD",0.228571428571429,"9","9","9","Microglia",TRUE,"WT3_GAACATCTCGATGAGG-1"
"WT3",898,746,"GSM4173506","WT3","WT",3,"WT","non_5XFAD",0.334075723830735,"9","9","9","Microglia",TRUE,"WT3_GAACCTAAGCCTCGTG-1"
"WT3",1527,1157,"GSM4173506","WT3","WT",3,"WT","non_5XFAD",0.0654878847413229,"9","9","9","Microglia",TRUE,"WT3_GAACCTACAAACTGTC-1"
"WT3",1207,916,"GSM4173506","WT3","WT",3,"WT","non_5XFAD",6.46230323115162,"9","9","9","Microglia",TRUE,"WT3_GAATAAGAGAAGATTC-1"
"WT3",951,782,"GSM4173506","WT3","WT",3,"WT","non_5XFAD",0.10515247108307,"9","9","9","Microglia",TRUE,"WT3_GAATAAGCAAACTGCT-1"
"WT3",938,746,"GSM4173506","WT3","WT",3,"WT","non_5XFAD",0,"9","9","9","Microglia",TRUE,"WT3_GACACGCAGGATGGAA-1"
"WT3",1369,1092,"GSM4173506","WT3","WT",3,"WT","non_5XFAD",0,"9","9","9","Microglia",TRUE,"WT3_GACCTGGGTGTAAGTA-1"
"WT3",1137,907,"GSM4173506","WT3","WT",3,"WT","non_5XFAD",0,"9","9","9","Microglia",TRUE,"WT3_GACGCGTAGAACAATC-1"
"WT3",1224,951,"GSM4173506","WT3","WT",3,"WT","non_5XFAD",0,"9","9","9","Microglia",TRUE,"WT3_GACGGCTAGACCTAGG-1"
"WT3",4220,2706,"GSM4173506","WT3","WT",3,"WT","non_5XFAD",0,"9","9","9","Microglia",TRUE,"WT3_GACGGCTGTCACTTCC-1"
"WT3",971,760,"GSM4173506","WT3","WT",3,"WT","non_5XFAD",0,"9","9","9","Microglia",TRUE,"WT3_GACGTTAAGGCCCGTT-1"
"WT3",1159,923,"GSM4173506","WT3","WT",3,"WT","non_5XFAD",0.0862812769628991,"9","9","9","Microglia",TRUE,"WT3_GACGTTACAATCTGCA-1"
"WT3",1398,1095,"GSM4173506","WT3","WT",3,"WT","non_5XFAD",0.143061516452074,"9","9","9","Microglia",TRUE,"WT3_GACTGCGAGCCACGTC-1"
"WT3",1252,977,"GSM4173506","WT3","WT",3,"WT","non_5XFAD",0,"9","9","9","Microglia",TRUE,"WT3_GATCTAGCACGAAAGC-1"
"WT3",1166,957,"GSM4173506","WT3","WT",3,"WT","non_5XFAD",0,"9","9","9","Microglia",TRUE,"WT3_GATTCAGTCTGCAAGT-1"
"WT3",1594,1191,"GSM4173506","WT3","WT",3,"WT","non_5XFAD",0.0627352572145546,"9","9","9","Microglia",TRUE,"WT3_GCACATAGTCATACTG-1"
"WT3",1243,986,"GSM4173506","WT3","WT",3,"WT","non_5XFAD",0.643604183427192,"9","9","9","Microglia",TRUE,"WT3_GCACTCTTCCATGAGT-1"
"WT3",1391,1075,"GSM4173506","WT3","WT",3,"WT","non_5XFAD",0.503235082674335,"9","9","9","Microglia",TRUE,"WT3_GCAGTTACAAGGTGTG-1"
"WT3",665,554,"GSM4173506","WT3","WT",3,"WT","non_5XFAD",0,"9","9","9","Microglia",TRUE,"WT3_GCCTCTAGTCGAAAGC-1"
"WT3",1245,985,"GSM4173506","WT3","WT",3,"WT","non_5XFAD",0.240963855421687,"9","9","9","Microglia",TRUE,"WT3_GCGCAGTCAAGACGTG-1"
"WT3",797,673,"GSM4173506","WT3","WT",3,"WT","non_5XFAD",0.250941028858218,"9","9","9","Microglia",TRUE,"WT3_GCTGCAGCATACGCTA-1"
"WT3",1153,922,"GSM4173506","WT3","WT",3,"WT","non_5XFAD",0.520381613183001,"9","9","9","Microglia",TRUE,"WT3_GCTGCTTTCTTGGGTA-1"
"WT3",1366,1029,"GSM4173506","WT3","WT",3,"WT","non_5XFAD",0.219619326500732,"9","9","9","Microglia",TRUE,"WT3_GCTTCCATCGCAGGCT-1"
"WT3",1303,1004,"GSM4173506","WT3","WT",3,"WT","non_5XFAD",0.230237912509593,"9","9","9","Microglia",TRUE,"WT3_GCTTGAACAGGGCATA-1"
"WT3",902,772,"GSM4173506","WT3","WT",3,"WT","non_5XFAD",0,"9","9","9","Microglia",TRUE,"WT3_GGAATAATCACTATTC-1"
"WT3",935,767,"GSM4173506","WT3","WT",3,"WT","non_5XFAD",0.213903743315508,"9","9","9","Microglia",TRUE,"WT3_GGACAAGGTTACGACT-1"
"WT3",864,714,"GSM4173506","WT3","WT",3,"WT","non_5XFAD",0,"9","9","9","Microglia",TRUE,"WT3_GGACAAGTCACCCGAG-1"
"WT3",1098,896,"GSM4173506","WT3","WT",3,"WT","non_5XFAD",0.546448087431694,"9","9","9","Microglia",TRUE,"WT3_GGACAGAAGTCCGGTC-1"
"WT3",1280,1022,"GSM4173506","WT3","WT",3,"WT","non_5XFAD",0,"9","9","9","Microglia",TRUE,"WT3_GGATGTTCATGCATGT-1"
"WT3",1234,980,"GSM4173506","WT3","WT",3,"WT","non_5XFAD",0,"9","9","9","Microglia",TRUE,"WT3_GGCAATTCAATCGAAA-1"
"WT3",1096,884,"GSM4173506","WT3","WT",3,"WT","non_5XFAD",1.55109489051095,"9","9","9","Microglia",TRUE,"WT3_GGCAATTGTCTGGTCG-1"
"WT3",1327,1062,"GSM4173506","WT3","WT",3,"WT","non_5XFAD",0.301431801055011,"9","9","9","Microglia",TRUE,"WT3_GGCCGATAGCACCGTC-1"
"WT3",1438,1076,"GSM4173506","WT3","WT",3,"WT","non_5XFAD",0,"9","9","9","Microglia",TRUE,"WT3_GGCGACTGTAAGTGTA-1"
"WT3",1176,896,"GSM4173506","WT3","WT",3,"WT","non_5XFAD",0.935374149659864,"9","9","9","Microglia",TRUE,"WT3_GGGAATGAGCCGGTAA-1"
"WT3",1166,937,"GSM4173506","WT3","WT",3,"WT","non_5XFAD",0,"9","9","9","Microglia",TRUE,"WT3_GGGACCTTCCTTTACA-1"
"WT3",1248,953,"GSM4173506","WT3","WT",3,"WT","non_5XFAD",0,"9","9","9","Microglia",TRUE,"WT3_GGGCACTTCAGCGATT-1"
"WT3",926,749,"GSM4173506","WT3","WT",3,"WT","non_5XFAD",0.107991360691145,"9","9","9","Microglia",TRUE,"WT3_GGGTTGCAGCAACGGT-1"
"WT3",976,803,"GSM4173506","WT3","WT",3,"WT","non_5XFAD",0,"9","9","9","Microglia",TRUE,"WT3_GGGTTGCCAATAAGCA-1"
"WT3",858,723,"GSM4173506","WT3","WT",3,"WT","non_5XFAD",1.63170163170163,"9","9","9","Microglia",TRUE,"WT3_GGTGAAGGTGTGACCC-1"
"WT3",848,714,"GSM4173506","WT3","WT",3,"WT","non_5XFAD",0.707547169811321,"9","9","9","Microglia",TRUE,"WT3_GTAACGTAGCCCAATT-1"
"WT3",1775,1365,"GSM4173506","WT3","WT",3,"WT","non_5XFAD",0.338028169014085,"9","9","9","Microglia",TRUE,"WT3_GTAACTGTCGCCAAAT-1"
"WT3",581,502,"GSM4173506","WT3","WT",3,"WT","non_5XFAD",0.172117039586919,"9","9","9","Microglia",TRUE,"WT3_GTACGTAAGAGTACCG-1"
"WT3",1258,935,"GSM4173506","WT3","WT",3,"WT","non_5XFAD",0.0794912559618442,"9","9","9","Microglia",TRUE,"WT3_GTACGTATCAGTTAGC-1"
"WT3",1424,1146,"GSM4173506","WT3","WT",3,"WT","non_5XFAD",0.351123595505618,"9","9","9","Microglia",TRUE,"WT3_GTACTTTCAAGTTAAG-1"
"WT3",1043,834,"GSM4173506","WT3","WT",3,"WT","non_5XFAD",0,"9","9","9","Microglia",TRUE,"WT3_GTACTTTTCCATGCTC-1"
"WT3",989,812,"GSM4173506","WT3","WT",3,"WT","non_5XFAD",0,"9","9","9","Microglia",TRUE,"WT3_GTAGTCAAGATGCCTT-1"
"WT3",1021,843,"GSM4173506","WT3","WT",3,"WT","non_5XFAD",0.29382957884427,"9","9","9","Microglia",TRUE,"WT3_GTAGTCATCTCGGACG-1"
"WT3",797,649,"GSM4173506","WT3","WT",3,"WT","non_5XFAD",0,"9","9","9","Microglia",TRUE,"WT3_GTATTCTAGCTAGCCC-1"
"WT3",504,430,"GSM4173506","WT3","WT",3,"WT","non_5XFAD",0.396825396825397,"9","9","9","Microglia",TRUE,"WT3_GTATTCTCACATTCGA-1"
"WT3",1232,992,"GSM4173506","WT3","WT",3,"WT","non_5XFAD",0,"9","9","9","Microglia",TRUE,"WT3_GTATTCTGTTAGAACA-1"
"WT3",914,722,"GSM4173506","WT3","WT",3,"WT","non_5XFAD",0,"9","9","9","Microglia",TRUE,"WT3_GTCACGGTCTGGCGTG-1"
"WT3",1009,803,"GSM4173506","WT3","WT",3,"WT","non_5XFAD",0,"9","9","9","Microglia",TRUE,"WT3_GTCGGGTCAATGAAAC-1"
"WT3",953,797,"GSM4173506","WT3","WT",3,"WT","non_5XFAD",0,"9","9","9","Microglia",TRUE,"WT3_GTCGTAAGTTTGACAC-1"
"WT3",1524,1139,"GSM4173506","WT3","WT",3,"WT","non_5XFAD",0,"9","9","9","Microglia",TRUE,"WT3_GTCGTAATCATCACCC-1"
"WT3",1174,934,"GSM4173506","WT3","WT",3,"WT","non_5XFAD",0,"9","9","9","Microglia",TRUE,"WT3_GTGTGCGGTTGATTGC-1"
"WT3",1066,878,"GSM4173506","WT3","WT",3,"WT","non_5XFAD",0.0938086303939962,"9","9","9","Microglia",TRUE,"WT3_GTGTTAGTCAAACAAG-1"
"WT3",1002,817,"GSM4173506","WT3","WT",3,"WT","non_5XFAD",0,"9","9","9","Microglia",TRUE,"WT3_TAAGTGCCAATAAGCA-1"
"WT3",843,701,"GSM4173506","WT3","WT",3,"WT","non_5XFAD",0,"9","9","9","Microglia",TRUE,"WT3_TACACGACAGGGAGAG-1"
"WT3",1133,932,"GSM4173506","WT3","WT",3,"WT","non_5XFAD",0.706090026478376,"9","9","9","Microglia",TRUE,"WT3_TACCTATTCCTTGACC-1"
"WT3",1010,813,"GSM4173506","WT3","WT",3,"WT","non_5XFAD",0,"9","9","9","Microglia",TRUE,"WT3_TACTCATGTAGCTGCC-1"
"WT3",1193,946,"GSM4173506","WT3","WT",3,"WT","non_5XFAD",0.0838222967309304,"9","9","9","Microglia",TRUE,"WT3_TAGCCGGTCTAGCACA-1"
"WT3",1202,951,"GSM4173506","WT3","WT",3,"WT","non_5XFAD",0,"9","9","9","Microglia",TRUE,"WT3_TAGCCGGTCTCTGCTG-1"
"WT3",918,770,"GSM4173506","WT3","WT",3,"WT","non_5XFAD",0,"9","9","9","Microglia",TRUE,"WT3_TAGGCATGTTCTGGTA-1"
"WT3",933,784,"GSM4173506","WT3","WT",3,"WT","non_5XFAD",0,"9","9","9","Microglia",TRUE,"WT3_TATCAGGCACGACGAA-1"
"WT3",902,768,"GSM4173506","WT3","WT",3,"WT","non_5XFAD",0.665188470066519,"9","9","9","Microglia",TRUE,"WT3_TATCAGGCAGGTCGTC-1"
"WT3",700,595,"GSM4173506","WT3","WT",3,"WT","non_5XFAD",0.428571428571429,"9","9","9","Microglia",TRUE,"WT3_TATGCCCAGAACTCGG-1"
"WT3",633,550,"GSM4173506","WT3","WT",3,"WT","non_5XFAD",0,"9","9","9","Microglia",TRUE,"WT3_TATGCCCCAAGCGATG-1"
"WT3",619,531,"GSM4173506","WT3","WT",3,"WT","non_5XFAD",0.969305331179321,"9","9","9","Microglia",TRUE,"WT3_TATTACCCATATGGTC-1"
"WT3",1576,1177,"GSM4173506","WT3","WT",3,"WT","non_5XFAD",0.0634517766497462,"9","9","9","Microglia",TRUE,"WT3_TCAACGACATTTCAGG-1"
"WT3",1102,892,"GSM4173506","WT3","WT",3,"WT","non_5XFAD",0.272232304900181,"9","9","9","Microglia",TRUE,"WT3_TCAATCTAGTGGGCTA-1"
"WT3",797,652,"GSM4173506","WT3","WT",3,"WT","non_5XFAD",1.25470514429109,"9","9","9","Microglia",TRUE,"WT3_TCAATCTCAAGCCCAC-1"
"WT3",1029,799,"GSM4173506","WT3","WT",3,"WT","non_5XFAD",0,"9","9","9","Microglia",TRUE,"WT3_TCACGAAAGAAGCCCA-1"
"WT3",1904,1387,"GSM4173506","WT3","WT",3,"WT","non_5XFAD",0.105042016806723,"9","9","9","Microglia",TRUE,"WT3_TCAGATGAGTACGTAA-1"
"WT3",1895,1346,"GSM4173506","WT3","WT",3,"WT","non_5XFAD",0.0527704485488127,"9","9","9","Microglia",TRUE,"WT3_TCAGCAAAGTGGAGTC-1"
"WT3",1173,910,"GSM4173506","WT3","WT",3,"WT","non_5XFAD",1.44927536231884,"9","9","9","Microglia",TRUE,"WT3_TCAGCTCGTCGCGGTT-1"
"WT3",1140,924,"GSM4173506","WT3","WT",3,"WT","non_5XFAD",0.175438596491228,"9","9","9","Microglia",TRUE,"WT3_TCCCGATCACGTTGGC-1"
"WT3",1517,1148,"GSM4173506","WT3","WT",3,"WT","non_5XFAD",0.0659195781147001,"9","9","9","Microglia",TRUE,"WT3_TCGTACCGTACAAGTA-1"
"WT3",1546,1172,"GSM4173506","WT3","WT",3,"WT","non_5XFAD",0.0646830530401035,"9","9","9","Microglia",TRUE,"WT3_TCTCATACACATCTTT-1"
"WT3",1119,904,"GSM4173506","WT3","WT",3,"WT","non_5XFAD",0.0893655049151028,"9","9","9","Microglia",TRUE,"WT3_TCTCTAAGTACATGTC-1"
"WT3",1046,836,"GSM4173506","WT3","WT",3,"WT","non_5XFAD",0,"9","9","9","Microglia",TRUE,"WT3_TCTCTAAGTTGGTAAA-1"
"WT3",655,555,"GSM4173506","WT3","WT",3,"WT","non_5XFAD",0,"9","9","9","Microglia",TRUE,"WT3_TCTTCGGTCTCTGTCG-1"
"WT3",1792,1369,"GSM4173506","WT3","WT",3,"WT","non_5XFAD",0.111607142857143,"9","9","9","Microglia",TRUE,"WT3_TGACAACAGGGTTTCT-1"
"WT3",1144,913,"GSM4173506","WT3","WT",3,"WT","non_5XFAD",0,"9","9","9","Microglia",TRUE,"WT3_TGACAACAGTGGGTTG-1"
"WT3",650,564,"GSM4173506","WT3","WT",3,"WT","non_5XFAD",0.153846153846154,"9","9","9","Microglia",TRUE,"WT3_TGAGCATAGTTGCAGG-1"
"WT3",834,710,"GSM4173506","WT3","WT",3,"WT","non_5XFAD",0,"9","9","9","Microglia",TRUE,"WT3_TGAGCATTCTGTCAAG-1"
"WT3",1298,1032,"GSM4173506","WT3","WT",3,"WT","non_5XFAD",0.0770416024653313,"9","9","9","Microglia",TRUE,"WT3_TGAGGGACAATAGAGT-1"
"WT3",861,709,"GSM4173506","WT3","WT",3,"WT","non_5XFAD",0,"9","9","9","Microglia",TRUE,"WT3_TGCACCTGTAGAAAGG-1"
"WT3",891,730,"GSM4173506","WT3","WT",3,"WT","non_5XFAD",0.112233445566779,"9","9","9","Microglia",TRUE,"WT3_TGCCAAAGTTTGGGCC-1"
"WT3",1111,914,"GSM4173506","WT3","WT",3,"WT","non_5XFAD",0.09000900090009,"9","9","9","Microglia",TRUE,"WT3_TGCCAAATCACGGTTA-1"
"WT3",546,442,"GSM4173506","WT3","WT",3,"WT","non_5XFAD",0.915750915750916,"9","9","9","Microglia",TRUE,"WT3_TGCGGGTGTTGATTGC-1"
"WT3",936,770,"GSM4173506","WT3","WT",3,"WT","non_5XFAD",0,"9","9","9","Microglia",TRUE,"WT3_TGCGGGTGTTGGACCC-1"
"WT3",1059,855,"GSM4173506","WT3","WT",3,"WT","non_5XFAD",0.28328611898017,"9","9","9","Microglia",TRUE,"WT3_TGCGTGGTCACCCGAG-1"
"WT3",1012,803,"GSM4173506","WT3","WT",3,"WT","non_5XFAD",1.08695652173913,"9","9","9","Microglia",TRUE,"WT3_TGCTACCGTACAGACG-1"
"WT3",1208,982,"GSM4173506","WT3","WT",3,"WT","non_5XFAD",0.0827814569536424,"9","9","9","Microglia",TRUE,"WT3_TGGACGCTCACGACTA-1"
"WT3",901,733,"GSM4173506","WT3","WT",3,"WT","non_5XFAD",0,"9","9","9","Microglia",TRUE,"WT3_TGGCCAGCAATCAGAA-1"
"WT3",877,743,"GSM4173506","WT3","WT",3,"WT","non_5XFAD",0.456100342075257,"9","9","9","Microglia",TRUE,"WT3_TGGCCAGGTATAGGTA-1"
"WT3",1095,886,"GSM4173506","WT3","WT",3,"WT","non_5XFAD",1.64383561643836,"9","9","9","Microglia",TRUE,"WT3_TGGCGCAAGATATGGT-1"
"WT3",1484,1082,"GSM4173506","WT3","WT",3,"WT","non_5XFAD",0.134770889487871,"9","9","9","Microglia",TRUE,"WT3_TGGTTCCTCGCGTTTC-1"
"WT3",1068,848,"GSM4173506","WT3","WT",3,"WT","non_5XFAD",0.842696629213483,"9","9","9","Microglia",TRUE,"WT3_TGTATTCGTAAGTTCC-1"
"WT3",1552,1010,"GSM4173506","WT3","WT",3,"WT","non_5XFAD",0.38659793814433,"9","9","9","Microglia",TRUE,"WT3_TTAGGCAGTACTTCTT-1"
"WT3",771,644,"GSM4173506","WT3","WT",3,"WT","non_5XFAD",0.12970168612192,"9","9","9","Microglia",TRUE,"WT3_TTAGTTCCAATGAATG-1"
"WT3",1033,827,"GSM4173506","WT3","WT",3,"WT","non_5XFAD",0,"9","9","9","Microglia",TRUE,"WT3_TTATGCTGTTACGCGC-1"
"WT3",1029,844,"GSM4173506","WT3","WT",3,"WT","non_5XFAD",0,"9","9","9","Microglia",TRUE,"WT3_TTGTAGGAGATGTGTA-1"
"WT3",1032,826,"GSM4173506","WT3","WT",3,"WT","non_5XFAD",2.61627906976744,"9","9","9","Microglia",TRUE,"WT3_TTGTAGGAGATTACCC-1"
"WT3",842,709,"GSM4173506","WT3","WT",3,"WT","non_5XFAD",0,"9","9","9","Microglia",TRUE,"WT3_TTGTAGGTCTGCAGTA-1"
"WT3",864,736,"GSM4173506","WT3","WT",3,"WT","non_5XFAD",0,"9","9","9","Microglia",TRUE,"WT3_TTTACTGCAGGGTATG-1"
"WT3",1003,831,"GSM4173506","WT3","WT",3,"WT","non_5XFAD",0.199401794616152,"9","9","9","Microglia",TRUE,"WT3_TTTACTGTCAACGAAA-1"
"WT3",1240,1035,"GSM4173506","WT3","WT",3,"WT","non_5XFAD",0.0806451612903226,"9","9","9","Microglia",TRUE,"WT3_TTTGCGCTCGCAAGCC-1"
"WT3",1025,841,"GSM4173506","WT3","WT",3,"WT","non_5XFAD",0,"9","9","9","Microglia",TRUE,"WT3_TTTGTCATCATGCATG-1"
"Trem2_KO1",912,717,"GSM4173507","Trem2_KO1","Trem2_KO",1,"KO","non_5XFAD",0.328947368421053,"9","9","9","Microglia",TRUE,"Trem2_KO1_AAACCTGAGATGCCAG-1"
"Trem2_KO1",1002,815,"GSM4173507","Trem2_KO1","Trem2_KO",1,"KO","non_5XFAD",0,"9","9","9","Microglia",TRUE,"Trem2_KO1_AAAGATGCATGGTCAT-1"
"Trem2_KO1",1337,1067,"GSM4173507","Trem2_KO1","Trem2_KO",1,"KO","non_5XFAD",0.673148840688108,"9","9","9","Microglia",TRUE,"Trem2_KO1_AACGTTGGTGCCTGCA-1"
"Trem2_KO1",903,764,"GSM4173507","Trem2_KO1","Trem2_KO",1,"KO","non_5XFAD",0.110741971207087,"9","9","9","Microglia",TRUE,"Trem2_KO1_AACTCTTCACAGTCGC-1"
"Trem2_KO1",1299,1044,"GSM4173507","Trem2_KO1","Trem2_KO",1,"KO","non_5XFAD",1.00076982294072,"9","9","9","Microglia",TRUE,"Trem2_KO1_AACTCTTTCTGGGCCA-1"
"Trem2_KO1",1324,1033,"GSM4173507","Trem2_KO1","Trem2_KO",1,"KO","non_5XFAD",0.0755287009063444,"9","9","9","Microglia",TRUE,"Trem2_KO1_AACTGGTAGGCGTACA-1"
"Trem2_KO1",913,752,"GSM4173507","Trem2_KO1","Trem2_KO",1,"KO","non_5XFAD",0.876232201533406,"9","9","9","Microglia",TRUE,"Trem2_KO1_AATCCAGAGGATTCGG-1"
"Trem2_KO1",1362,1026,"GSM4173507","Trem2_KO1","Trem2_KO",1,"KO","non_5XFAD",0,"9","9","9","Microglia",TRUE,"Trem2_KO1_AATCCAGAGTTACGGG-1"
"Trem2_KO1",882,736,"GSM4173507","Trem2_KO1","Trem2_KO",1,"KO","non_5XFAD",0.113378684807256,"9","9","9","Microglia",TRUE,"Trem2_KO1_AATCGGTAGCCCAGCT-1"
"Trem2_KO1",1076,870,"GSM4173507","Trem2_KO1","Trem2_KO",1,"KO","non_5XFAD",0.836431226765799,"9","9","9","Microglia",TRUE,"Trem2_KO1_ACACCGGCAACACGCC-1"
"Trem2_KO1",1227,974,"GSM4173507","Trem2_KO1","Trem2_KO",1,"KO","non_5XFAD",0,"9","9","9","Microglia",TRUE,"Trem2_KO1_ACAGCTACATCGGGTC-1"
"Trem2_KO1",714,597,"GSM4173507","Trem2_KO1","Trem2_KO",1,"KO","non_5XFAD",0.140056022408964,"9","9","9","Microglia",TRUE,"Trem2_KO1_ACAGCTATCAAGGCTT-1"
"Trem2_KO1",1202,945,"GSM4173507","Trem2_KO1","Trem2_KO",1,"KO","non_5XFAD",0.415973377703827,"9","9","9","Microglia",TRUE,"Trem2_KO1_ACATACGAGATGTGTA-1"
"Trem2_KO1",1252,969,"GSM4173507","Trem2_KO1","Trem2_KO",1,"KO","non_5XFAD",1.19808306709265,"9","9","9","Microglia",TRUE,"Trem2_KO1_ACATGGTAGTAACCCT-1"
"Trem2_KO1",620,527,"GSM4173507","Trem2_KO1","Trem2_KO",1,"KO","non_5XFAD",2.09677419354839,"9","9","9","Microglia",TRUE,"Trem2_KO1_ACCGTAATCGGCCGAT-1"
"Trem2_KO1",1316,978,"GSM4173507","Trem2_KO1","Trem2_KO",1,"KO","non_5XFAD",0.227963525835866,"9","9","9","Microglia",TRUE,"Trem2_KO1_ACCTTTACAACGCACC-1"
"Trem2_KO1",1067,819,"GSM4173507","Trem2_KO1","Trem2_KO",1,"KO","non_5XFAD",0.0937207122774133,"9","9","9","Microglia",TRUE,"Trem2_KO1_ACGCCAGCAGATCCAT-1"
"Trem2_KO1",1834,1327,"GSM4173507","Trem2_KO1","Trem2_KO",1,"KO","non_5XFAD",0.436205016357688,"9","9","9","Microglia",TRUE,"Trem2_KO1_ACGGGTCCAATGACCT-1"
"Trem2_KO1",599,509,"GSM4173507","Trem2_KO1","Trem2_KO",1,"KO","non_5XFAD",0.834724540901502,"9","9","9","Microglia",TRUE,"Trem2_KO1_ACTATCTAGGCGTACA-1"
"Trem2_KO1",1796,1281,"GSM4173507","Trem2_KO1","Trem2_KO",1,"KO","non_5XFAD",0.167037861915367,"9","9","9","Microglia",TRUE,"Trem2_KO1_ACTGAACAGGACTGGT-1"
"Trem2_KO1",1035,846,"GSM4173507","Trem2_KO1","Trem2_KO",1,"KO","non_5XFAD",0,"9","9","9","Microglia",TRUE,"Trem2_KO1_ACTGAGTCAGCGTCCA-1"
"Trem2_KO1",1302,1016,"GSM4173507","Trem2_KO1","Trem2_KO",1,"KO","non_5XFAD",0.0768049155145929,"9","9","9","Microglia",TRUE,"Trem2_KO1_ACTGCTCTCTGACCTC-1"
"Trem2_KO1",1565,1185,"GSM4173507","Trem2_KO1","Trem2_KO",1,"KO","non_5XFAD",0.255591054313099,"9","9","9","Microglia",TRUE,"Trem2_KO1_ACTTTCATCACGCATA-1"
"Trem2_KO1",1158,918,"GSM4173507","Trem2_KO1","Trem2_KO",1,"KO","non_5XFAD",0.77720207253886,"9","9","9","Microglia",TRUE,"Trem2_KO1_ACTTTCATCTATCCTA-1"
"Trem2_KO1",546,460,"GSM4173507","Trem2_KO1","Trem2_KO",1,"KO","non_5XFAD",0.915750915750916,"9","9","9","Microglia",TRUE,"Trem2_KO1_AGACGTTCACCCAGTG-1"
"Trem2_KO1",993,818,"GSM4173507","Trem2_KO1","Trem2_KO",1,"KO","non_5XFAD",0.100704934541793,"9","9","9","Microglia",TRUE,"Trem2_KO1_AGAGCGACACAACTGT-1"
"Trem2_KO1",1308,1020,"GSM4173507","Trem2_KO1","Trem2_KO",1,"KO","non_5XFAD",0.152905198776758,"9","9","9","Microglia",TRUE,"Trem2_KO1_AGAGCTTTCCGCTGTT-1"
"Trem2_KO1",1340,1001,"GSM4173507","Trem2_KO1","Trem2_KO",1,"KO","non_5XFAD",2.83582089552239,"9","9","9","Microglia",TRUE,"Trem2_KO1_AGATCTGAGATCTGAA-1"
"Trem2_KO1",802,672,"GSM4173507","Trem2_KO1","Trem2_KO",1,"KO","non_5XFAD",0.374064837905237,"9","9","9","Microglia",TRUE,"Trem2_KO1_AGCGTATCAGCCACCA-1"
"Trem2_KO1",1392,1094,"GSM4173507","Trem2_KO1","Trem2_KO",1,"KO","non_5XFAD",0,"9","9","9","Microglia",TRUE,"Trem2_KO1_AGCGTATTCAGTGCAT-1"
"Trem2_KO1",1062,857,"GSM4173507","Trem2_KO1","Trem2_KO",1,"KO","non_5XFAD",0.282485875706215,"9","9","9","Microglia",TRUE,"Trem2_KO1_AGGGTGATCGGTGTCG-1"
"Trem2_KO1",1485,1126,"GSM4173507","Trem2_KO1","Trem2_KO",1,"KO","non_5XFAD",0.269360269360269,"9","9","9","Microglia",TRUE,"Trem2_KO1_AGGTCATAGCGTTCCG-1"
"Trem2_KO1",911,743,"GSM4173507","Trem2_KO1","Trem2_KO",1,"KO","non_5XFAD",1.09769484083425,"9","9","9","Microglia",TRUE,"Trem2_KO1_AGGTCCGCAAGCGATG-1"
"Trem2_KO1",1068,850,"GSM4173507","Trem2_KO1","Trem2_KO",1,"KO","non_5XFAD",0.374531835205993,"9","9","9","Microglia",TRUE,"Trem2_KO1_AGTAGTCTCGCCAAAT-1"
"Trem2_KO1",937,766,"GSM4173507","Trem2_KO1","Trem2_KO",1,"KO","non_5XFAD",0,"9","9","9","Microglia",TRUE,"Trem2_KO1_AGTGAGGAGGCCCTCA-1"
"Trem2_KO1",1587,1224,"GSM4173507","Trem2_KO1","Trem2_KO",1,"KO","non_5XFAD",0.126023944549464,"9","9","9","Microglia",TRUE,"Trem2_KO1_AGTGAGGTCAACACTG-1"
"Trem2_KO1",656,553,"GSM4173507","Trem2_KO1","Trem2_KO",1,"KO","non_5XFAD",0.304878048780488,"9","9","9","Microglia",TRUE,"Trem2_KO1_AGTGGGAAGGGCACTA-1"
"Trem2_KO1",869,713,"GSM4173507","Trem2_KO1","Trem2_KO",1,"KO","non_5XFAD",0,"9","9","9","Microglia",TRUE,"Trem2_KO1_AGTTGGTCAAGAAAGG-1"
"Trem2_KO1",1751,1281,"GSM4173507","Trem2_KO1","Trem2_KO",1,"KO","non_5XFAD",0.342661336379212,"9","9","9","Microglia",TRUE,"Trem2_KO1_ATAACGCCAAGTAATG-1"
"Trem2_KO1",1170,938,"GSM4173507","Trem2_KO1","Trem2_KO",1,"KO","non_5XFAD",0.256410256410256,"9","9","9","Microglia",TRUE,"Trem2_KO1_ATAAGAGAGCTGCGAA-1"
"Trem2_KO1",1588,1226,"GSM4173507","Trem2_KO1","Trem2_KO",1,"KO","non_5XFAD",1.13350125944584,"9","9","9","Microglia",TRUE,"Trem2_KO1_ATCATCTAGACTTGAA-1"
"Trem2_KO1",1050,876,"GSM4173507","Trem2_KO1","Trem2_KO",1,"KO","non_5XFAD",0.19047619047619,"9","9","9","Microglia",TRUE,"Trem2_KO1_ATCATCTCATGTAAGA-1"
"Trem2_KO1",1276,1053,"GSM4173507","Trem2_KO1","Trem2_KO",1,"KO","non_5XFAD",0.156739811912226,"9","9","9","Microglia",TRUE,"Trem2_KO1_ATCATGGCATAGGATA-1"
"Trem2_KO1",2109,1536,"GSM4173507","Trem2_KO1","Trem2_KO",1,"KO","non_5XFAD",0.0948316737790422,"9","9","9","Microglia",TRUE,"Trem2_KO1_ATCGAGTAGTGTCCCG-1"
"Trem2_KO1",1268,988,"GSM4173507","Trem2_KO1","Trem2_KO",1,"KO","non_5XFAD",0.315457413249211,"9","9","9","Microglia",TRUE,"Trem2_KO1_ATGCGATTCATCTGCC-1"
"Trem2_KO1",1249,949,"GSM4173507","Trem2_KO1","Trem2_KO",1,"KO","non_5XFAD",0.0800640512409928,"9","9","9","Microglia",TRUE,"Trem2_KO1_ATGCGATTCATTATCC-1"
"Trem2_KO1",1214,954,"GSM4173507","Trem2_KO1","Trem2_KO",1,"KO","non_5XFAD",0.0823723228995058,"9","9","9","Microglia",TRUE,"Trem2_KO1_ATTACTCCACTGCCAG-1"
"Trem2_KO1",878,726,"GSM4173507","Trem2_KO1","Trem2_KO",1,"KO","non_5XFAD",0,"9","9","9","Microglia",TRUE,"Trem2_KO1_ATTATCCCAATGCCAT-1"
"Trem2_KO1",1446,1122,"GSM4173507","Trem2_KO1","Trem2_KO",1,"KO","non_5XFAD",0.0691562932226833,"9","9","9","Microglia",TRUE,"Trem2_KO1_ATTGGTGCATCTATGG-1"
"Trem2_KO1",1239,934,"GSM4173507","Trem2_KO1","Trem2_KO",1,"KO","non_5XFAD",0.242130750605327,"9","9","9","Microglia",TRUE,"Trem2_KO1_CAACCTCCAAGCGTAG-1"
"Trem2_KO1",842,692,"GSM4173507","Trem2_KO1","Trem2_KO",1,"KO","non_5XFAD",0.118764845605701,"9","9","9","Microglia",TRUE,"Trem2_KO1_CAAGGCCCAGCGATCC-1"
"Trem2_KO1",1129,884,"GSM4173507","Trem2_KO1","Trem2_KO",1,"KO","non_5XFAD",1.50575730735164,"9","9","9","Microglia",TRUE,"Trem2_KO1_CACACAAGTCGCTTCT-1"
"Trem2_KO1",1091,903,"GSM4173507","Trem2_KO1","Trem2_KO",1,"KO","non_5XFAD",0,"9","9","9","Microglia",TRUE,"Trem2_KO1_CACATAGAGCTGCGAA-1"
"Trem2_KO1",1162,913,"GSM4173507","Trem2_KO1","Trem2_KO",1,"KO","non_5XFAD",0.860585197934595,"9","9","9","Microglia",TRUE,"Trem2_KO1_CACCAGGCAAGCCGTC-1"
"Trem2_KO1",1276,991,"GSM4173507","Trem2_KO1","Trem2_KO",1,"KO","non_5XFAD",0.0783699059561128,"9","9","9","Microglia",TRUE,"Trem2_KO1_CACCAGGGTCATGCCG-1"
"Trem2_KO1",1206,964,"GSM4173507","Trem2_KO1","Trem2_KO",1,"KO","non_5XFAD",1.65837479270315,"9","9","9","Microglia",TRUE,"Trem2_KO1_CACCTTGAGATCCCAT-1"
"Trem2_KO1",1114,879,"GSM4173507","Trem2_KO1","Trem2_KO",1,"KO","non_5XFAD",0,"9","9","9","Microglia",TRUE,"Trem2_KO1_CACCTTGGTCCGCTGA-1"
"Trem2_KO1",509,429,"GSM4173507","Trem2_KO1","Trem2_KO",1,"KO","non_5XFAD",0.196463654223969,"9","9","9","Microglia",TRUE,"Trem2_KO1_CACTCCATCTGCGTAA-1"
"Trem2_KO1",1537,1177,"GSM4173507","Trem2_KO1","Trem2_KO",1,"KO","non_5XFAD",0.390370852309694,"9","9","9","Microglia",TRUE,"Trem2_KO1_CAGATCAGTTGAGTTC-1"
"Trem2_KO1",1185,904,"GSM4173507","Trem2_KO1","Trem2_KO",1,"KO","non_5XFAD",0.253164556962025,"9","9","9","Microglia",TRUE,"Trem2_KO1_CAGCATAAGATCGGGT-1"
"Trem2_KO1",1497,1144,"GSM4173507","Trem2_KO1","Trem2_KO",1,"KO","non_5XFAD",0.200400801603206,"9","9","9","Microglia",TRUE,"Trem2_KO1_CAGCATAAGATCTGCT-1"
"Trem2_KO1",1388,1072,"GSM4173507","Trem2_KO1","Trem2_KO",1,"KO","non_5XFAD",1.15273775216138,"9","9","9","Microglia",TRUE,"Trem2_KO1_CAGGTGCGTCTAGCGC-1"
"Trem2_KO1",936,788,"GSM4173507","Trem2_KO1","Trem2_KO",1,"KO","non_5XFAD",0.213675213675214,"9","9","9","Microglia",TRUE,"Trem2_KO1_CATATGGAGCGTGTCC-1"
"Trem2_KO1",1102,887,"GSM4173507","Trem2_KO1","Trem2_KO",1,"KO","non_5XFAD",3.17604355716878,"9","9","9","Microglia",TRUE,"Trem2_KO1_CATATGGAGGAATGGA-1"
"Trem2_KO1",1251,1012,"GSM4173507","Trem2_KO1","Trem2_KO",1,"KO","non_5XFAD",0.0799360511590727,"9","9","9","Microglia",TRUE,"Trem2_KO1_CATATGGTCCTTTCTC-1"
"Trem2_KO1",1155,918,"GSM4173507","Trem2_KO1","Trem2_KO",1,"KO","non_5XFAD",1.03896103896104,"9","9","9","Microglia",TRUE,"Trem2_KO1_CATCAAGCAGTGACAG-1"
"Trem2_KO1",1036,818,"GSM4173507","Trem2_KO1","Trem2_KO",1,"KO","non_5XFAD",0.193050193050193,"9","9","9","Microglia",TRUE,"Trem2_KO1_CATCAAGCATGTAGTC-1"
"Trem2_KO1",721,588,"GSM4173507","Trem2_KO1","Trem2_KO",1,"KO","non_5XFAD",0.277392510402219,"9","9","9","Microglia",TRUE,"Trem2_KO1_CATCAGACATTCTTAC-1"
"Trem2_KO1",1811,1361,"GSM4173507","Trem2_KO1","Trem2_KO",1,"KO","non_5XFAD",0.0552181115405853,"9","9","9","Microglia",TRUE,"Trem2_KO1_CATCAGAGTCTAGGTT-1"
"Trem2_KO1",1606,1172,"GSM4173507","Trem2_KO1","Trem2_KO",1,"KO","non_5XFAD",0.062266500622665,"9","9","9","Microglia",TRUE,"Trem2_KO1_CATCCACTCGCCAGCA-1"
"Trem2_KO1",1364,1043,"GSM4173507","Trem2_KO1","Trem2_KO",1,"KO","non_5XFAD",0.219941348973607,"9","9","9","Microglia",TRUE,"Trem2_KO1_CATCGAACAGATCCAT-1"
"Trem2_KO1",1555,1110,"GSM4173507","Trem2_KO1","Trem2_KO",1,"KO","non_5XFAD",2.12218649517685,"9","9","9","Microglia",TRUE,"Trem2_KO1_CATGACATCAACACCA-1"
"Trem2_KO1",1132,917,"GSM4173507","Trem2_KO1","Trem2_KO",1,"KO","non_5XFAD",0.088339222614841,"9","9","9","Microglia",TRUE,"Trem2_KO1_CATGCCTTCGGTTAAC-1"
"Trem2_KO1",1183,969,"GSM4173507","Trem2_KO1","Trem2_KO",1,"KO","non_5XFAD",0.253592561284869,"9","9","9","Microglia",TRUE,"Trem2_KO1_CATGGCGAGGCAGTCA-1"
"Trem2_KO1",1306,1027,"GSM4173507","Trem2_KO1","Trem2_KO",1,"KO","non_5XFAD",0.0765696784073507,"9","9","9","Microglia",TRUE,"Trem2_KO1_CATTATCGTCGAAAGC-1"
"Trem2_KO1",1676,1283,"GSM4173507","Trem2_KO1","Trem2_KO",1,"KO","non_5XFAD",0,"9","9","9","Microglia",TRUE,"Trem2_KO1_CCACGGACAGCTCGAC-1"
"Trem2_KO1",1297,1017,"GSM4173507","Trem2_KO1","Trem2_KO",1,"KO","non_5XFAD",0,"9","9","9","Microglia",TRUE,"Trem2_KO1_CCGGGATGTTACGGAG-1"
"Trem2_KO1",995,809,"GSM4173507","Trem2_KO1","Trem2_KO",1,"KO","non_5XFAD",0.100502512562814,"9","9","9","Microglia",TRUE,"Trem2_KO1_CCGTTCACATTGTGCA-1"
"Trem2_KO1",1489,1119,"GSM4173507","Trem2_KO1","Trem2_KO",1,"KO","non_5XFAD",4.29818670248489,"9","9","9","Microglia",TRUE,"Trem2_KO1_CCTACCACAGGGAGAG-1"
"Trem2_KO1",1359,1055,"GSM4173507","Trem2_KO1","Trem2_KO",1,"KO","non_5XFAD",0.441501103752759,"9","9","9","Microglia",TRUE,"Trem2_KO1_CCTAGCTCATCACAAC-1"
"Trem2_KO1",1102,854,"GSM4173507","Trem2_KO1","Trem2_KO",1,"KO","non_5XFAD",0.362976406533575,"9","9","9","Microglia",TRUE,"Trem2_KO1_CCTCTGATCTTCAACT-1"
"Trem2_KO1",1516,1179,"GSM4173507","Trem2_KO1","Trem2_KO",1,"KO","non_5XFAD",0,"9","9","9","Microglia",TRUE,"Trem2_KO1_CCTTACGAGACTAGAT-1"
"Trem2_KO1",1654,1266,"GSM4173507","Trem2_KO1","Trem2_KO",1,"KO","non_5XFAD",0.060459492140266,"9","9","9","Microglia",TRUE,"Trem2_KO1_CCTTTCTGTCAGTGGA-1"
"Trem2_KO1",1490,1175,"GSM4173507","Trem2_KO1","Trem2_KO",1,"KO","non_5XFAD",1.14093959731544,"9","9","9","Microglia",TRUE,"Trem2_KO1_CGAACATTCTGTCCGT-1"
"Trem2_KO1",1108,885,"GSM4173507","Trem2_KO1","Trem2_KO",1,"KO","non_5XFAD",0.270758122743682,"9","9","9","Microglia",TRUE,"Trem2_KO1_CGACCTTTCTCATTCA-1"
"Trem2_KO1",1181,941,"GSM4173507","Trem2_KO1","Trem2_KO",1,"KO","non_5XFAD",0.338696020321761,"9","9","9","Microglia",TRUE,"Trem2_KO1_CGAGCACCAGGATCGA-1"
"Trem2_KO1",1036,849,"GSM4173507","Trem2_KO1","Trem2_KO",1,"KO","non_5XFAD",0.0965250965250965,"9","9","9","Microglia",TRUE,"Trem2_KO1_CGATCGGGTTCCATGA-1"
"Trem2_KO1",1336,1071,"GSM4173507","Trem2_KO1","Trem2_KO",1,"KO","non_5XFAD",0.449101796407186,"9","9","9","Microglia",TRUE,"Trem2_KO1_CGATGGCCACTCGACG-1"
"Trem2_KO1",1554,1113,"GSM4173507","Trem2_KO1","Trem2_KO",1,"KO","non_5XFAD",0.0643500643500644,"9","9","9","Microglia",TRUE,"Trem2_KO1_CGCCAAGCAAGCTGGA-1"
"Trem2_KO1",1465,1173,"GSM4173507","Trem2_KO1","Trem2_KO",1,"KO","non_5XFAD",0.204778156996587,"9","9","9","Microglia",TRUE,"Trem2_KO1_CGGGTCAAGTACACCT-1"
"Trem2_KO1",1517,1119,"GSM4173507","Trem2_KO1","Trem2_KO",1,"KO","non_5XFAD",1.4502307185234,"9","9","9","Microglia",TRUE,"Trem2_KO1_CGGGTCACACACTGCG-1"
"Trem2_KO1",1286,1030,"GSM4173507","Trem2_KO1","Trem2_KO",1,"KO","non_5XFAD",0.699844479004666,"9","9","9","Microglia",TRUE,"Trem2_KO1_CGTAGCGCAGTGAGTG-1"
"Trem2_KO1",1341,1063,"GSM4173507","Trem2_KO1","Trem2_KO",1,"KO","non_5XFAD",0.149142431021626,"9","9","9","Microglia",TRUE,"Trem2_KO1_CGTCAGGTCGCCGTGA-1"
"Trem2_KO1",1142,901,"GSM4173507","Trem2_KO1","Trem2_KO",1,"KO","non_5XFAD",0.437828371278459,"9","9","9","Microglia",TRUE,"Trem2_KO1_CGTCTACCAGGATTGG-1"
"Trem2_KO1",1606,1163,"GSM4173507","Trem2_KO1","Trem2_KO",1,"KO","non_5XFAD",0,"9","9","9","Microglia",TRUE,"Trem2_KO1_CGTCTACGTACCGTAT-1"
"Trem2_KO1",1086,859,"GSM4173507","Trem2_KO1","Trem2_KO",1,"KO","non_5XFAD",0.276243093922652,"9","9","9","Microglia",TRUE,"Trem2_KO1_CGTGAGCGTAAAGTCA-1"
"Trem2_KO1",916,768,"GSM4173507","Trem2_KO1","Trem2_KO",1,"KO","non_5XFAD",0.218340611353712,"9","9","9","Microglia",TRUE,"Trem2_KO1_CGTGTAACATGCTAGT-1"
"Trem2_KO1",966,802,"GSM4173507","Trem2_KO1","Trem2_KO",1,"KO","non_5XFAD",0.72463768115942,"9","9","9","Microglia",TRUE,"Trem2_KO1_CGTGTAACATTGGGCC-1"
"Trem2_KO1",767,653,"GSM4173507","Trem2_KO1","Trem2_KO",1,"KO","non_5XFAD",0.130378096479791,"9","9","9","Microglia",TRUE,"Trem2_KO1_CGTGTCTTCTCTAAGG-1"
"Trem2_KO1",1583,1221,"GSM4173507","Trem2_KO1","Trem2_KO",1,"KO","non_5XFAD",0.758054327226785,"9","9","9","Microglia",TRUE,"Trem2_KO1_CGTTAGACAACGATGG-1"
"Trem2_KO1",1010,824,"GSM4173507","Trem2_KO1","Trem2_KO",1,"KO","non_5XFAD",0.099009900990099,"9","9","9","Microglia",TRUE,"Trem2_KO1_CGTTAGACAGGACGTA-1"
"Trem2_KO1",1340,1041,"GSM4173507","Trem2_KO1","Trem2_KO",1,"KO","non_5XFAD",0.373134328358209,"9","9","9","Microglia",TRUE,"Trem2_KO1_CGTTCTGGTAATTGGA-1"
"Trem2_KO1",1299,1021,"GSM4173507","Trem2_KO1","Trem2_KO",1,"KO","non_5XFAD",0.23094688221709,"9","9","9","Microglia",TRUE,"Trem2_KO1_CTAACTTAGTCCATAC-1"
"Trem2_KO1",1094,892,"GSM4173507","Trem2_KO1","Trem2_KO",1,"KO","non_5XFAD",0.182815356489945,"9","9","9","Microglia",TRUE,"Trem2_KO1_CTAATGGTCCGTACAA-1"
"Trem2_KO1",702,598,"GSM4173507","Trem2_KO1","Trem2_KO",1,"KO","non_5XFAD",0,"9","9","9","Microglia",TRUE,"Trem2_KO1_CTAGAGTTCGGATGGA-1"
"Trem2_KO1",1239,989,"GSM4173507","Trem2_KO1","Trem2_KO",1,"KO","non_5XFAD",0.161420500403551,"9","9","9","Microglia",TRUE,"Trem2_KO1_CTCATTACATCTCGCT-1"
"Trem2_KO1",1336,1037,"GSM4173507","Trem2_KO1","Trem2_KO",1,"KO","non_5XFAD",0.374251497005988,"9","9","9","Microglia",TRUE,"Trem2_KO1_CTCCTAGAGCTAGTTC-1"
"Trem2_KO1",1542,1189,"GSM4173507","Trem2_KO1","Trem2_KO",1,"KO","non_5XFAD",0.194552529182879,"9","9","9","Microglia",TRUE,"Trem2_KO1_CTCGGAGCAAGACACG-1"
"Trem2_KO1",1212,979,"GSM4173507","Trem2_KO1","Trem2_KO",1,"KO","non_5XFAD",0,"9","9","9","Microglia",TRUE,"Trem2_KO1_CTCGGGATCCGCTGTT-1"
"Trem2_KO1",546,464,"GSM4173507","Trem2_KO1","Trem2_KO",1,"KO","non_5XFAD",0.732600732600733,"9","9","9","Microglia",TRUE,"Trem2_KO1_CTCTAATCATGAACCT-1"
"Trem2_KO1",1409,1104,"GSM4173507","Trem2_KO1","Trem2_KO",1,"KO","non_5XFAD",0.07097232079489,"9","9","9","Microglia",TRUE,"Trem2_KO1_CTCTACGGTTGAGGTG-1"
"Trem2_KO1",1408,1090,"GSM4173507","Trem2_KO1","Trem2_KO",1,"KO","non_5XFAD",0.142045454545455,"9","9","9","Microglia",TRUE,"Trem2_KO1_CTCTGGTAGTCCAGGA-1"
"Trem2_KO1",1153,926,"GSM4173507","Trem2_KO1","Trem2_KO",1,"KO","non_5XFAD",0,"9","9","9","Microglia",TRUE,"Trem2_KO1_CTGATAGGTTGGTTTG-1"
"Trem2_KO1",1143,869,"GSM4173507","Trem2_KO1","Trem2_KO",1,"KO","non_5XFAD",1.13735783027122,"9","9","9","Microglia",TRUE,"Trem2_KO1_CTTAACTCAAACAACA-1"
"Trem2_KO1",1340,1068,"GSM4173507","Trem2_KO1","Trem2_KO",1,"KO","non_5XFAD",0.149253731343284,"9","9","9","Microglia",TRUE,"Trem2_KO1_CTTACCGTCAGCATGT-1"
"Trem2_KO1",1328,1047,"GSM4173507","Trem2_KO1","Trem2_KO",1,"KO","non_5XFAD",0.225903614457831,"9","9","9","Microglia",TRUE,"Trem2_KO1_CTTAGGACAAGGTGTG-1"
"Trem2_KO1",1827,1349,"GSM4173507","Trem2_KO1","Trem2_KO",1,"KO","non_5XFAD",2.62725779967159,"9","9","9","Microglia",TRUE,"Trem2_KO1_CTTGGCTCAAGAGGCT-1"
"Trem2_KO1",909,735,"GSM4173507","Trem2_KO1","Trem2_KO",1,"KO","non_5XFAD",0.22002200220022,"9","9","9","Microglia",TRUE,"Trem2_KO1_GAACGGAAGATATACG-1"
"Trem2_KO1",914,733,"GSM4173507","Trem2_KO1","Trem2_KO",1,"KO","non_5XFAD",0.437636761487965,"9","9","9","Microglia",TRUE,"Trem2_KO1_GAAGCAGGTCGGGTCT-1"
"Trem2_KO1",1146,909,"GSM4173507","Trem2_KO1","Trem2_KO",1,"KO","non_5XFAD",0.174520069808028,"9","9","9","Microglia",TRUE,"Trem2_KO1_GACACGCCAATCGAAA-1"
"Trem2_KO1",1340,1010,"GSM4173507","Trem2_KO1","Trem2_KO",1,"KO","non_5XFAD",0.149253731343284,"9","9","9","Microglia",TRUE,"Trem2_KO1_GACAGAGCATGCTGGC-1"
"Trem2_KO1",1554,1142,"GSM4173507","Trem2_KO1","Trem2_KO",1,"KO","non_5XFAD",0.0643500643500644,"9","9","9","Microglia",TRUE,"Trem2_KO1_GACGGCTAGGCGTACA-1"
"Trem2_KO1",1376,1046,"GSM4173507","Trem2_KO1","Trem2_KO",1,"KO","non_5XFAD",0.872093023255814,"9","9","9","Microglia",TRUE,"Trem2_KO1_GACTACATCCAGATCA-1"
"Trem2_KO1",650,571,"GSM4173507","Trem2_KO1","Trem2_KO",1,"KO","non_5XFAD",0.153846153846154,"9","9","9","Microglia",TRUE,"Trem2_KO1_GATCGTAGTGTGAATA-1"
"Trem2_KO1",1093,884,"GSM4173507","Trem2_KO1","Trem2_KO",1,"KO","non_5XFAD",0.548947849954254,"9","9","9","Microglia",TRUE,"Trem2_KO1_GATGAAATCAGCTCTC-1"
"Trem2_KO1",628,526,"GSM4173507","Trem2_KO1","Trem2_KO",1,"KO","non_5XFAD",0.159235668789809,"9","9","9","Microglia",TRUE,"Trem2_KO1_GATGAGGCAAGAAAGG-1"
"Trem2_KO1",4248,2604,"GSM4173507","Trem2_KO1","Trem2_KO",1,"KO","non_5XFAD",0.612052730696798,"9","9","9","Microglia",TRUE,"Trem2_KO1_GATTCAGCAACTGCGC-1"
"Trem2_KO1",1123,906,"GSM4173507","Trem2_KO1","Trem2_KO",1,"KO","non_5XFAD",0.534283170080142,"9","9","9","Microglia",TRUE,"Trem2_KO1_GATTCAGCATGGTCTA-1"
"Trem2_KO1",1382,1076,"GSM4173507","Trem2_KO1","Trem2_KO",1,"KO","non_5XFAD",0.0723589001447178,"9","9","9","Microglia",TRUE,"Trem2_KO1_GCAAACTAGCTTTGGT-1"
"Trem2_KO1",967,803,"GSM4173507","Trem2_KO1","Trem2_KO",1,"KO","non_5XFAD",0,"9","9","9","Microglia",TRUE,"Trem2_KO1_GCAAACTGTCCCTACT-1"
"Trem2_KO1",981,765,"GSM4173507","Trem2_KO1","Trem2_KO",1,"KO","non_5XFAD",0.101936799184506,"9","9","9","Microglia",TRUE,"Trem2_KO1_GCAGCCAAGATCCGAG-1"
"Trem2_KO1",964,788,"GSM4173507","Trem2_KO1","Trem2_KO",1,"KO","non_5XFAD",0.20746887966805,"9","9","9","Microglia",TRUE,"Trem2_KO1_GCCAAATAGAAACGCC-1"
"Trem2_KO1",806,645,"GSM4173507","Trem2_KO1","Trem2_KO",1,"KO","non_5XFAD",0.124069478908189,"9","9","9","Microglia",TRUE,"Trem2_KO1_GCCAAATCACATCCAA-1"
"Trem2_KO1",1478,1144,"GSM4173507","Trem2_KO1","Trem2_KO",1,"KO","non_5XFAD",0.27063599458728,"9","9","9","Microglia",TRUE,"Trem2_KO1_GCCTCTATCTTGCATT-1"
"Trem2_KO1",1200,901,"GSM4173507","Trem2_KO1","Trem2_KO",1,"KO","non_5XFAD",0.0833333333333333,"9","9","9","Microglia",TRUE,"Trem2_KO1_GCGACCAAGTCCTCCT-1"
"Trem2_KO1",1195,969,"GSM4173507","Trem2_KO1","Trem2_KO",1,"KO","non_5XFAD",0.0836820083682008,"9","9","9","Microglia",TRUE,"Trem2_KO1_GCGCCAAAGGTTCCTA-1"
"Trem2_KO1",1219,979,"GSM4173507","Trem2_KO1","Trem2_KO",1,"KO","non_5XFAD",0.0820344544708778,"9","9","9","Microglia",TRUE,"Trem2_KO1_GCGCGATGTACTTAGC-1"
"Trem2_KO1",930,735,"GSM4173507","Trem2_KO1","Trem2_KO",1,"KO","non_5XFAD",0.860215053763441,"9","9","9","Microglia",TRUE,"Trem2_KO1_GCGGGTTCAGTAACGG-1"
"Trem2_KO1",1246,966,"GSM4173507","Trem2_KO1","Trem2_KO",1,"KO","non_5XFAD",0.882825040128411,"9","9","9","Microglia",TRUE,"Trem2_KO1_GCGGGTTTCTCGGACG-1"
"Trem2_KO1",1688,1220,"GSM4173507","Trem2_KO1","Trem2_KO",1,"KO","non_5XFAD",0,"9","9","9","Microglia",TRUE,"Trem2_KO1_GCTGCGATCATCTGTT-1"
"Trem2_KO1",1396,1121,"GSM4173507","Trem2_KO1","Trem2_KO",1,"KO","non_5XFAD",0,"9","9","9","Microglia",TRUE,"Trem2_KO1_GCTTCCACAGGGCATA-1"
"Trem2_KO1",1417,1107,"GSM4173507","Trem2_KO1","Trem2_KO",1,"KO","non_5XFAD",2.3288637967537,"9","9","9","Microglia",TRUE,"Trem2_KO1_GCTTGAATCCAAACTG-1"
"Trem2_KO1",1389,1097,"GSM4173507","Trem2_KO1","Trem2_KO",1,"KO","non_5XFAD",0.215982721382289,"9","9","9","Microglia",TRUE,"Trem2_KO1_GGAATAACATTCCTCG-1"
"Trem2_KO1",1133,895,"GSM4173507","Trem2_KO1","Trem2_KO",1,"KO","non_5XFAD",0.176522506619594,"9","9","9","Microglia",TRUE,"Trem2_KO1_GGACAGAAGGATTCGG-1"
"Trem2_KO1",1584,1132,"GSM4173507","Trem2_KO1","Trem2_KO",1,"KO","non_5XFAD",1.64141414141414,"9","9","9","Microglia",TRUE,"Trem2_KO1_GGACATTAGAGCAATT-1"
"Trem2_KO1",1177,930,"GSM4173507","Trem2_KO1","Trem2_KO",1,"KO","non_5XFAD",0.679694137638063,"9","9","9","Microglia",TRUE,"Trem2_KO1_GGAGCAACAGCTGCAC-1"
"Trem2_KO1",882,728,"GSM4173507","Trem2_KO1","Trem2_KO",1,"KO","non_5XFAD",0.226757369614512,"9","9","9","Microglia",TRUE,"Trem2_KO1_GGAGCAAGTACCCAAT-1"
"Trem2_KO1",1439,1100,"GSM4173507","Trem2_KO1","Trem2_KO",1,"KO","non_5XFAD",0,"9","9","9","Microglia",TRUE,"Trem2_KO1_GGATGTTAGTGAACAT-1"
"Trem2_KO1",1074,863,"GSM4173507","Trem2_KO1","Trem2_KO",1,"KO","non_5XFAD",0.0931098696461825,"9","9","9","Microglia",TRUE,"Trem2_KO1_GGCGACTAGAGGTAGA-1"
"Trem2_KO1",972,787,"GSM4173507","Trem2_KO1","Trem2_KO",1,"KO","non_5XFAD",0.411522633744856,"9","9","9","Microglia",TRUE,"Trem2_KO1_GGCGACTCAGTAAGAT-1"
"Trem2_KO1",1144,907,"GSM4173507","Trem2_KO1","Trem2_KO",1,"KO","non_5XFAD",0.174825174825175,"9","9","9","Microglia",TRUE,"Trem2_KO1_GGCGACTGTTACGACT-1"
"Trem2_KO1",1200,968,"GSM4173507","Trem2_KO1","Trem2_KO",1,"KO","non_5XFAD",0.0833333333333333,"9","9","9","Microglia",TRUE,"Trem2_KO1_GGCTGGTAGCATGGCA-1"
"Trem2_KO1",1522,1199,"GSM4173507","Trem2_KO1","Trem2_KO",1,"KO","non_5XFAD",0.0657030223390276,"9","9","9","Microglia",TRUE,"Trem2_KO1_GGCTGGTGTGCTGTAT-1"
"Trem2_KO1",616,533,"GSM4173507","Trem2_KO1","Trem2_KO",1,"KO","non_5XFAD",0,"9","9","9","Microglia",TRUE,"Trem2_KO1_GGGAGATGTGTCAATC-1"
"Trem2_KO1",1199,961,"GSM4173507","Trem2_KO1","Trem2_KO",1,"KO","non_5XFAD",0.166805671392827,"9","9","9","Microglia",TRUE,"Trem2_KO1_GGGATGACACGAGAGT-1"
"Trem2_KO1",1130,936,"GSM4173507","Trem2_KO1","Trem2_KO",1,"KO","non_5XFAD",0.353982300884956,"9","9","9","Microglia",TRUE,"Trem2_KO1_GGGATGATCTGTCTAT-1"
"Trem2_KO1",1493,1144,"GSM4173507","Trem2_KO1","Trem2_KO",1,"KO","non_5XFAD",0.334896182183523,"9","9","9","Microglia",TRUE,"Trem2_KO1_GGGTCTGTCCCAACGG-1"
"Trem2_KO1",1078,842,"GSM4173507","Trem2_KO1","Trem2_KO",1,"KO","non_5XFAD",0.185528756957328,"9","9","9","Microglia",TRUE,"Trem2_KO1_GGTGCGTAGTTGTCGT-1"
"Trem2_KO1",885,744,"GSM4173507","Trem2_KO1","Trem2_KO",1,"KO","non_5XFAD",0,"9","9","9","Microglia",TRUE,"Trem2_KO1_GTACGTAAGAGCCTAG-1"
"Trem2_KO1",1256,1010,"GSM4173507","Trem2_KO1","Trem2_KO",1,"KO","non_5XFAD",0.0796178343949045,"9","9","9","Microglia",TRUE,"Trem2_KO1_GTACGTATCTATGTGG-1"
"Trem2_KO1",1290,1002,"GSM4173507","Trem2_KO1","Trem2_KO",1,"KO","non_5XFAD",0.0775193798449612,"9","9","9","Microglia",TRUE,"Trem2_KO1_GTAGTCATCTGTCTAT-1"
"Trem2_KO1",807,667,"GSM4173507","Trem2_KO1","Trem2_KO",1,"KO","non_5XFAD",0,"9","9","9","Microglia",TRUE,"Trem2_KO1_GTCAAGTAGCATGGCA-1"
"Trem2_KO1",1151,934,"GSM4173507","Trem2_KO1","Trem2_KO",1,"KO","non_5XFAD",0.173761946133797,"9","9","9","Microglia",TRUE,"Trem2_KO1_GTCGTAAGTGTCTGAT-1"
"Trem2_KO1",1396,1055,"GSM4173507","Trem2_KO1","Trem2_KO",1,"KO","non_5XFAD",0.286532951289398,"9","9","9","Microglia",TRUE,"Trem2_KO1_GTCGTAATCCAAGCCG-1"
"Trem2_KO1",760,638,"GSM4173507","Trem2_KO1","Trem2_KO",1,"KO","non_5XFAD",0.263157894736842,"9","9","9","Microglia",TRUE,"Trem2_KO1_GTCGTAATCTTTCCTC-1"
"Trem2_KO1",1315,1068,"GSM4173507","Trem2_KO1","Trem2_KO",1,"KO","non_5XFAD",0.304182509505703,"9","9","9","Microglia",TRUE,"Trem2_KO1_GTGAAGGTCAAGATCC-1"
"Trem2_KO1",1339,963,"GSM4173507","Trem2_KO1","Trem2_KO",1,"KO","non_5XFAD",0.224047796863331,"9","9","9","Microglia",TRUE,"Trem2_KO1_GTGCGGTAGACAGAGA-1"
"Trem2_KO1",1062,856,"GSM4173507","Trem2_KO1","Trem2_KO",1,"KO","non_5XFAD",0,"9","9","9","Microglia",TRUE,"Trem2_KO1_GTGTGCGGTGAGGGAG-1"
"Trem2_KO1",1353,1027,"GSM4173507","Trem2_KO1","Trem2_KO",1,"KO","non_5XFAD",0.295639320029564,"9","9","9","Microglia",TRUE,"Trem2_KO1_GTTACAGCAAAGCGGT-1"
"Trem2_KO1",1455,1108,"GSM4173507","Trem2_KO1","Trem2_KO",1,"KO","non_5XFAD",0.0687285223367698,"9","9","9","Microglia",TRUE,"Trem2_KO1_GTTACAGTCATCTGCC-1"
"Trem2_KO1",1254,976,"GSM4173507","Trem2_KO1","Trem2_KO",1,"KO","non_5XFAD",0.159489633173844,"9","9","9","Microglia",TRUE,"Trem2_KO1_GTTCATTAGAAACCGC-1"
"Trem2_KO1",1108,913,"GSM4173507","Trem2_KO1","Trem2_KO",1,"KO","non_5XFAD",0,"9","9","9","Microglia",TRUE,"Trem2_KO1_GTTCGGGTCCTTTACA-1"
"Trem2_KO1",1449,1124,"GSM4173507","Trem2_KO1","Trem2_KO",1,"KO","non_5XFAD",0.20703933747412,"9","9","9","Microglia",TRUE,"Trem2_KO1_TAAGAGAGTCCAGTGC-1"
"Trem2_KO1",1307,1009,"GSM4173507","Trem2_KO1","Trem2_KO",1,"KO","non_5XFAD",0.153022188217291,"9","9","9","Microglia",TRUE,"Trem2_KO1_TACACGACATCTCGCT-1"
"Trem2_KO1",1137,921,"GSM4173507","Trem2_KO1","Trem2_KO",1,"KO","non_5XFAD",0.175901495162709,"9","9","9","Microglia",TRUE,"Trem2_KO1_TACAGTGAGTGTCCAT-1"
"Trem2_KO1",1351,1048,"GSM4173507","Trem2_KO1","Trem2_KO",1,"KO","non_5XFAD",0.148038490007402,"9","9","9","Microglia",TRUE,"Trem2_KO1_TACAGTGCATGAGCGA-1"
"Trem2_KO1",738,628,"GSM4173507","Trem2_KO1","Trem2_KO",1,"KO","non_5XFAD",0.948509485094851,"9","9","9","Microglia",TRUE,"Trem2_KO1_TACCTATCACCAGATT-1"
"Trem2_KO1",1200,910,"GSM4173507","Trem2_KO1","Trem2_KO",1,"KO","non_5XFAD",0.0833333333333333,"9","9","9","Microglia",TRUE,"Trem2_KO1_TACGGATTCCTAGTGA-1"
"Trem2_KO1",729,625,"GSM4173507","Trem2_KO1","Trem2_KO",1,"KO","non_5XFAD",0.137174211248285,"9","9","9","Microglia",TRUE,"Trem2_KO1_TACGGGCCAGTGGGAT-1"
"Trem2_KO1",1290,1032,"GSM4173507","Trem2_KO1","Trem2_KO",1,"KO","non_5XFAD",0.0775193798449612,"9","9","9","Microglia",TRUE,"Trem2_KO1_TACGGTACACGAAAGC-1"
"Trem2_KO1",1111,906,"GSM4173507","Trem2_KO1","Trem2_KO",1,"KO","non_5XFAD",0.09000900090009,"9","9","9","Microglia",TRUE,"Trem2_KO1_TACGGTAGTTAGAACA-1"
"Trem2_KO1",1137,914,"GSM4173507","Trem2_KO1","Trem2_KO",1,"KO","non_5XFAD",0.351802990325418,"9","9","9","Microglia",TRUE,"Trem2_KO1_TACTCATGTCTGATTG-1"
"Trem2_KO1",1156,940,"GSM4173507","Trem2_KO1","Trem2_KO",1,"KO","non_5XFAD",0,"9","9","9","Microglia",TRUE,"Trem2_KO1_TACTCATTCCTTTCGG-1"
"Trem2_KO1",600,523,"GSM4173507","Trem2_KO1","Trem2_KO",1,"KO","non_5XFAD",0,"9","9","9","Microglia",TRUE,"Trem2_KO1_TACTCATTCGCAAACT-1"
"Trem2_KO1",1236,974,"GSM4173507","Trem2_KO1","Trem2_KO",1,"KO","non_5XFAD",1.05177993527508,"9","9","9","Microglia",TRUE,"Trem2_KO1_TACTCGCTCATGTGGT-1"
"Trem2_KO1",2498,1731,"GSM4173507","Trem2_KO1","Trem2_KO",1,"KO","non_5XFAD",0.0800640512409928,"9","9","9","Microglia",TRUE,"Trem2_KO1_TACTCGCTCGGTCCGA-1"
"Trem2_KO1",1020,818,"GSM4173507","Trem2_KO1","Trem2_KO",1,"KO","non_5XFAD",0.196078431372549,"9","9","9","Microglia",TRUE,"Trem2_KO1_TAGACCAAGTCGTTTG-1"
"Trem2_KO1",1200,953,"GSM4173507","Trem2_KO1","Trem2_KO",1,"KO","non_5XFAD",0.333333333333333,"9","9","9","Microglia",TRUE,"Trem2_KO1_TAGAGCTGTGTGAATA-1"
"Trem2_KO1",1228,983,"GSM4173507","Trem2_KO1","Trem2_KO",1,"KO","non_5XFAD",0.162866449511401,"9","9","9","Microglia",TRUE,"Trem2_KO1_TAGCCGGCACCTCGTT-1"
"Trem2_KO1",1196,943,"GSM4173507","Trem2_KO1","Trem2_KO",1,"KO","non_5XFAD",0.0836120401337793,"9","9","9","Microglia",TRUE,"Trem2_KO1_TAGGCATCATTCTTAC-1"
"Trem2_KO1",1344,1030,"GSM4173507","Trem2_KO1","Trem2_KO",1,"KO","non_5XFAD",0.223214285714286,"9","9","9","Microglia",TRUE,"Trem2_KO1_TATGCCCAGCGATGAC-1"
"Trem2_KO1",1042,825,"GSM4173507","Trem2_KO1","Trem2_KO",1,"KO","non_5XFAD",0.863723608445297,"9","9","9","Microglia",TRUE,"Trem2_KO1_TATGCCCCAGCATGAG-1"
"Trem2_KO1",1014,833,"GSM4173507","Trem2_KO1","Trem2_KO",1,"KO","non_5XFAD",0,"9","9","9","Microglia",TRUE,"Trem2_KO1_TATTACCCACAAGCCC-1"
"Trem2_KO1",1145,940,"GSM4173507","Trem2_KO1","Trem2_KO",1,"KO","non_5XFAD",0.174672489082969,"9","9","9","Microglia",TRUE,"Trem2_KO1_TCAATCTTCATTCACT-1"
"Trem2_KO1",1081,785,"GSM4173507","Trem2_KO1","Trem2_KO",1,"KO","non_5XFAD",0.0925069380203515,"9","9","9","Microglia",TRUE,"Trem2_KO1_TCAGCTCGTCCGAACC-1"
"Trem2_KO1",1363,1075,"GSM4173507","Trem2_KO1","Trem2_KO",1,"KO","non_5XFAD",0,"9","9","9","Microglia",TRUE,"Trem2_KO1_TCCACACTCTGTGCAA-1"
"Trem2_KO1",1190,952,"GSM4173507","Trem2_KO1","Trem2_KO",1,"KO","non_5XFAD",0,"9","9","9","Microglia",TRUE,"Trem2_KO1_TCGAGGCGTGAGTGAC-1"
"Trem2_KO1",1069,865,"GSM4173507","Trem2_KO1","Trem2_KO",1,"KO","non_5XFAD",0.187090739008419,"9","9","9","Microglia",TRUE,"Trem2_KO1_TCGAGGCTCCTTGCCA-1"
"Trem2_KO1",507,436,"GSM4173507","Trem2_KO1","Trem2_KO",1,"KO","non_5XFAD",0.986193293885602,"9","9","9","Microglia",TRUE,"Trem2_KO1_TCGCGAGCATCTCCCA-1"
"Trem2_KO1",1136,899,"GSM4173507","Trem2_KO1","Trem2_KO",1,"KO","non_5XFAD",0.264084507042254,"9","9","9","Microglia",TRUE,"Trem2_KO1_TCGCGTTGTTCCACTC-1"
"Trem2_KO1",1192,927,"GSM4173507","Trem2_KO1","Trem2_KO",1,"KO","non_5XFAD",0.419463087248322,"9","9","9","Microglia",TRUE,"Trem2_KO1_TCTCTAAAGCGATATA-1"
"Trem2_KO1",1285,996,"GSM4173507","Trem2_KO1","Trem2_KO",1,"KO","non_5XFAD",0.700389105058366,"9","9","9","Microglia",TRUE,"Trem2_KO1_TGAGCATTCTGTCCGT-1"
"Trem2_KO1",1053,851,"GSM4173507","Trem2_KO1","Trem2_KO",1,"KO","non_5XFAD",0.474833808167141,"9","9","9","Microglia",TRUE,"Trem2_KO1_TGATTTCAGTCCATAC-1"
"Trem2_KO1",1291,1032,"GSM4173507","Trem2_KO1","Trem2_KO",1,"KO","non_5XFAD",0.0774593338497289,"9","9","9","Microglia",TRUE,"Trem2_KO1_TGATTTCGTGATAAAC-1"
"Trem2_KO1",986,820,"GSM4173507","Trem2_KO1","Trem2_KO",1,"KO","non_5XFAD",1.01419878296146,"9","9","9","Microglia",TRUE,"Trem2_KO1_TGATTTCTCCTGTACC-1"
"Trem2_KO1",1361,1009,"GSM4173507","Trem2_KO1","Trem2_KO",1,"KO","non_5XFAD",0.0734753857457752,"9","9","9","Microglia",TRUE,"Trem2_KO1_TGCTGCTCAGTCCTTC-1"
"Trem2_KO1",974,775,"GSM4173507","Trem2_KO1","Trem2_KO",1,"KO","non_5XFAD",0.205338809034908,"9","9","9","Microglia",TRUE,"Trem2_KO1_TGGTTAGGTGACTCAT-1"
"Trem2_KO1",1558,1217,"GSM4173507","Trem2_KO1","Trem2_KO",1,"KO","non_5XFAD",0.192554557124519,"9","9","9","Microglia",TRUE,"Trem2_KO1_TGGTTAGGTGTGAAAT-1"
"Trem2_KO1",1613,1219,"GSM4173507","Trem2_KO1","Trem2_KO",1,"KO","non_5XFAD",0.18598884066956,"9","9","9","Microglia",TRUE,"Trem2_KO1_TGGTTCCCAAGCGAGT-1"
"Trem2_KO1",1261,986,"GSM4173507","Trem2_KO1","Trem2_KO",1,"KO","non_5XFAD",0,"9","9","9","Microglia",TRUE,"Trem2_KO1_TGGTTCCGTTTCCACC-1"
"Trem2_KO1",2635,1805,"GSM4173507","Trem2_KO1","Trem2_KO",1,"KO","non_5XFAD",0.113851992409867,"9","9","9","Microglia",TRUE,"Trem2_KO1_TGTCCCACAGGAATGC-1"
"Trem2_KO1",1201,957,"GSM4173507","Trem2_KO1","Trem2_KO",1,"KO","non_5XFAD",0.166527893422148,"9","9","9","Microglia",TRUE,"Trem2_KO1_TGTCCCAGTGTGCCTG-1"
"Trem2_KO1",868,727,"GSM4173507","Trem2_KO1","Trem2_KO",1,"KO","non_5XFAD",0.345622119815668,"9","9","9","Microglia",TRUE,"Trem2_KO1_TGTTCCGCATTTGCCC-1"
"Trem2_KO1",1204,973,"GSM4173507","Trem2_KO1","Trem2_KO",1,"KO","non_5XFAD",0,"9","9","9","Microglia",TRUE,"Trem2_KO1_TTAACTCCACGGTAGA-1"
"Trem2_KO1",654,554,"GSM4173507","Trem2_KO1","Trem2_KO",1,"KO","non_5XFAD",0.152905198776758,"9","9","9","Microglia",TRUE,"Trem2_KO1_TTAGGCATCCTAGAAC-1"
"Trem2_KO1",543,471,"GSM4173507","Trem2_KO1","Trem2_KO",1,"KO","non_5XFAD",0.184162062615101,"9","9","9","Microglia",TRUE,"Trem2_KO1_TTCTCAAGTGTTTGGT-1"
"Trem2_KO1",1267,897,"GSM4173507","Trem2_KO1","Trem2_KO",1,"KO","non_5XFAD",0.394632991318074,"9","9","9","Microglia",TRUE,"Trem2_KO1_TTCTCAATCCATGAAC-1"
"Trem2_KO1",1055,833,"GSM4173507","Trem2_KO1","Trem2_KO",1,"KO","non_5XFAD",0.0947867298578199,"9","9","9","Microglia",TRUE,"Trem2_KO1_TTCTCCTAGCCGATTT-1"
"Trem2_KO1",1315,1054,"GSM4173507","Trem2_KO1","Trem2_KO",1,"KO","non_5XFAD",0,"9","9","9","Microglia",TRUE,"Trem2_KO1_TTCTCCTCACCGCTAG-1"
"Trem2_KO1",811,653,"GSM4173507","Trem2_KO1","Trem2_KO",1,"KO","non_5XFAD",0.986436498150432,"9","9","9","Microglia",TRUE,"Trem2_KO1_TTGCGTCAGAGCTTCT-1"
"Trem2_KO1",833,712,"GSM4173507","Trem2_KO1","Trem2_KO",1,"KO","non_5XFAD",0.240096038415366,"9","9","9","Microglia",TRUE,"Trem2_KO1_TTGTAGGGTCGCCATG-1"
"Trem2_KO1",1117,909,"GSM4173507","Trem2_KO1","Trem2_KO",1,"KO","non_5XFAD",0,"9","9","9","Microglia",TRUE,"Trem2_KO1_TTTATGCGTTTAGGAA-1"
"Trem2_KO2",812,644,"GSM4173508","Trem2_KO2","Trem2_KO",2,"KO","non_5XFAD",0.123152709359606,"9","9","9","Microglia",TRUE,"Trem2_KO2_AAACGGGAGAGGTAGA-1"
"Trem2_KO2",1222,983,"GSM4173508","Trem2_KO2","Trem2_KO",2,"KO","non_5XFAD",0.245499181669394,"9","9","9","Microglia",TRUE,"Trem2_KO2_AAAGATGTCTGTGCAA-1"
"Trem2_KO2",1300,1020,"GSM4173508","Trem2_KO2","Trem2_KO",2,"KO","non_5XFAD",0.307692307692308,"9","9","9","Microglia",TRUE,"Trem2_KO2_AAAGCAAGTCAATACC-1"
"Trem2_KO2",1081,884,"GSM4173508","Trem2_KO2","Trem2_KO",2,"KO","non_5XFAD",0,"9","9","9","Microglia",TRUE,"Trem2_KO2_AAAGTAGTCGGCCGAT-1"
"Trem2_KO2",1282,983,"GSM4173508","Trem2_KO2","Trem2_KO",2,"KO","non_5XFAD",0,"9","9","9","Microglia",TRUE,"Trem2_KO2_AACACGTGTTGTTTGG-1"
"Trem2_KO2",1096,910,"GSM4173508","Trem2_KO2","Trem2_KO",2,"KO","non_5XFAD",0.0912408759124088,"9","9","9","Microglia",TRUE,"Trem2_KO2_AACTCAGCACATCTTT-1"
"Trem2_KO2",849,696,"GSM4173508","Trem2_KO2","Trem2_KO",2,"KO","non_5XFAD",0.588928150765607,"9","9","9","Microglia",TRUE,"Trem2_KO2_AACTGGTCACGAGAGT-1"
"Trem2_KO2",1152,897,"GSM4173508","Trem2_KO2","Trem2_KO",2,"KO","non_5XFAD",0,"9","9","9","Microglia",TRUE,"Trem2_KO2_AACTGGTTCCATGAAC-1"
"Trem2_KO2",898,708,"GSM4173508","Trem2_KO2","Trem2_KO",2,"KO","non_5XFAD",0,"9","9","9","Microglia",TRUE,"Trem2_KO2_AAGACCTAGTACACCT-1"
"Trem2_KO2",1016,830,"GSM4173508","Trem2_KO2","Trem2_KO",2,"KO","non_5XFAD",0.196850393700787,"9","9","9","Microglia",TRUE,"Trem2_KO2_AAGACCTTCGAACGGA-1"
"Trem2_KO2",1076,866,"GSM4173508","Trem2_KO2","Trem2_KO",2,"KO","non_5XFAD",0.185873605947955,"9","9","9","Microglia",TRUE,"Trem2_KO2_AAGGAGCCACGTGAGA-1"
"Trem2_KO2",949,784,"GSM4173508","Trem2_KO2","Trem2_KO",2,"KO","non_5XFAD",0,"9","9","9","Microglia",TRUE,"Trem2_KO2_AAGGTTCTCTGTCTAT-1"
"Trem2_KO2",1228,967,"GSM4173508","Trem2_KO2","Trem2_KO",2,"KO","non_5XFAD",1.46579804560261,"9","9","9","Microglia",TRUE,"Trem2_KO2_ACACCAACACGCGAAA-1"
"Trem2_KO2",1255,994,"GSM4173508","Trem2_KO2","Trem2_KO",2,"KO","non_5XFAD",0.159362549800797,"9","9","9","Microglia",TRUE,"Trem2_KO2_ACACCAAGTCGACTGC-1"
"Trem2_KO2",1293,1020,"GSM4173508","Trem2_KO2","Trem2_KO",2,"KO","non_5XFAD",0.154679040989946,"9","9","9","Microglia",TRUE,"Trem2_KO2_ACACCCTAGGATATAC-1"
"Trem2_KO2",996,846,"GSM4173508","Trem2_KO2","Trem2_KO",2,"KO","non_5XFAD",0,"9","9","9","Microglia",TRUE,"Trem2_KO2_ACAGCCGGTGGCTCCA-1"
"Trem2_KO2",1508,1139,"GSM4173508","Trem2_KO2","Trem2_KO",2,"KO","non_5XFAD",0.13262599469496,"9","9","9","Microglia",TRUE,"Trem2_KO2_ACATCAGCATCCTAGA-1"
"Trem2_KO2",1143,939,"GSM4173508","Trem2_KO2","Trem2_KO",2,"KO","non_5XFAD",0,"9","9","9","Microglia",TRUE,"Trem2_KO2_ACATGGTCAGTCAGCC-1"
"Trem2_KO2",1688,1286,"GSM4173508","Trem2_KO2","Trem2_KO",2,"KO","non_5XFAD",0.0592417061611374,"9","9","9","Microglia",TRUE,"Trem2_KO2_ACATGGTTCACTGGGC-1"
"Trem2_KO2",1195,951,"GSM4173508","Trem2_KO2","Trem2_KO",2,"KO","non_5XFAD",0,"9","9","9","Microglia",TRUE,"Trem2_KO2_ACCTTTAAGCCAACAG-1"
"Trem2_KO2",1214,948,"GSM4173508","Trem2_KO2","Trem2_KO",2,"KO","non_5XFAD",0.906095551894563,"9","9","9","Microglia",TRUE,"Trem2_KO2_ACGAGCCTCCGCAGTG-1"
"Trem2_KO2",1219,1005,"GSM4173508","Trem2_KO2","Trem2_KO",2,"KO","non_5XFAD",0.0820344544708778,"9","9","9","Microglia",TRUE,"Trem2_KO2_ACGAGGAAGACTAAGT-1"
"Trem2_KO2",843,686,"GSM4173508","Trem2_KO2","Trem2_KO",2,"KO","non_5XFAD",0,"9","9","9","Microglia",TRUE,"Trem2_KO2_ACGATACCAGATTGCT-1"
"Trem2_KO2",1528,1204,"GSM4173508","Trem2_KO2","Trem2_KO",2,"KO","non_5XFAD",0,"9","9","9","Microglia",TRUE,"Trem2_KO2_ACGCAGCAGCTGAACG-1"
"Trem2_KO2",1231,1003,"GSM4173508","Trem2_KO2","Trem2_KO",2,"KO","non_5XFAD",0.0812347684809098,"9","9","9","Microglia",TRUE,"Trem2_KO2_ACGCAGCAGTGAATTG-1"
"Trem2_KO2",926,784,"GSM4173508","Trem2_KO2","Trem2_KO",2,"KO","non_5XFAD",0.107991360691145,"9","9","9","Microglia",TRUE,"Trem2_KO2_ACGCAGCCAATAACGA-1"
"Trem2_KO2",1692,1221,"GSM4173508","Trem2_KO2","Trem2_KO",2,"KO","non_5XFAD",0.0591016548463357,"9","9","9","Microglia",TRUE,"Trem2_KO2_ACGCCAGTCCACGCAG-1"
"Trem2_KO2",934,762,"GSM4173508","Trem2_KO2","Trem2_KO",2,"KO","non_5XFAD",0.107066381156317,"9","9","9","Microglia",TRUE,"Trem2_KO2_ACGGAGATCGTCCGTT-1"
"Trem2_KO2",1364,1071,"GSM4173508","Trem2_KO2","Trem2_KO",2,"KO","non_5XFAD",0,"9","9","9","Microglia",TRUE,"Trem2_KO2_ACGGCCAGTCCTCTTG-1"
"Trem2_KO2",1085,840,"GSM4173508","Trem2_KO2","Trem2_KO",2,"KO","non_5XFAD",0.0921658986175115,"9","9","9","Microglia",TRUE,"Trem2_KO2_ACGGCCATCACTTACT-1"
"Trem2_KO2",1141,892,"GSM4173508","Trem2_KO2","Trem2_KO",2,"KO","non_5XFAD",0.0876424189307625,"9","9","9","Microglia",TRUE,"Trem2_KO2_ACGGGCTAGGAACTGC-1"
"Trem2_KO2",964,788,"GSM4173508","Trem2_KO2","Trem2_KO",2,"KO","non_5XFAD",0,"9","9","9","Microglia",TRUE,"Trem2_KO2_ACTGAACGTGTGGCTC-1"
"Trem2_KO2",725,589,"GSM4173508","Trem2_KO2","Trem2_KO",2,"KO","non_5XFAD",0,"9","9","9","Microglia",TRUE,"Trem2_KO2_ACTGAGTGTCGGCACT-1"
"Trem2_KO2",1460,1136,"GSM4173508","Trem2_KO2","Trem2_KO",2,"KO","non_5XFAD",0.0684931506849315,"9","9","9","Microglia",TRUE,"Trem2_KO2_ACTGCTCCAATCGAAA-1"
"Trem2_KO2",1272,1010,"GSM4173508","Trem2_KO2","Trem2_KO",2,"KO","non_5XFAD",0,"9","9","9","Microglia",TRUE,"Trem2_KO2_ACTGTCCAGCTGTTCA-1"
"Trem2_KO2",739,624,"GSM4173508","Trem2_KO2","Trem2_KO",2,"KO","non_5XFAD",0,"9","9","9","Microglia",TRUE,"Trem2_KO2_ACTTACTCAAGAAGAG-1"
"Trem2_KO2",1403,1098,"GSM4173508","Trem2_KO2","Trem2_KO",2,"KO","non_5XFAD",0,"9","9","9","Microglia",TRUE,"Trem2_KO2_AGAGTGGGTGATAAGT-1"
"Trem2_KO2",881,740,"GSM4173508","Trem2_KO2","Trem2_KO",2,"KO","non_5XFAD",0,"9","9","9","Microglia",TRUE,"Trem2_KO2_AGCGGTCCACATTCGA-1"
"Trem2_KO2",594,500,"GSM4173508","Trem2_KO2","Trem2_KO",2,"KO","non_5XFAD",0.336700336700337,"9","9","9","Microglia",TRUE,"Trem2_KO2_AGCGGTCGTACGACCC-1"
"Trem2_KO2",1191,957,"GSM4173508","Trem2_KO2","Trem2_KO",2,"KO","non_5XFAD",0.0839630562552477,"9","9","9","Microglia",TRUE,"Trem2_KO2_AGCGTATGTCTTTCAT-1"
"Trem2_KO2",1170,933,"GSM4173508","Trem2_KO2","Trem2_KO",2,"KO","non_5XFAD",0.170940170940171,"9","9","9","Microglia",TRUE,"Trem2_KO2_AGCTCTCCAGAAGCAC-1"
"Trem2_KO2",723,605,"GSM4173508","Trem2_KO2","Trem2_KO",2,"KO","non_5XFAD",0,"9","9","9","Microglia",TRUE,"Trem2_KO2_AGGGATGAGCCAGTAG-1"
"Trem2_KO2",1309,997,"GSM4173508","Trem2_KO2","Trem2_KO",2,"KO","non_5XFAD",0.229182582123759,"9","9","9","Microglia",TRUE,"Trem2_KO2_AGGGATGAGTTCGCGC-1"
"Trem2_KO2",1195,929,"GSM4173508","Trem2_KO2","Trem2_KO",2,"KO","non_5XFAD",0,"9","9","9","Microglia",TRUE,"Trem2_KO2_AGGTCCGAGACGCACA-1"
"Trem2_KO2",1274,1003,"GSM4173508","Trem2_KO2","Trem2_KO",2,"KO","non_5XFAD",0,"9","9","9","Microglia",TRUE,"Trem2_KO2_AGTCTTTGTGTCAATC-1"
"Trem2_KO2",1457,1151,"GSM4173508","Trem2_KO2","Trem2_KO",2,"KO","non_5XFAD",0.0686341798215511,"9","9","9","Microglia",TRUE,"Trem2_KO2_AGTGAGGGTTATCCGA-1"
"Trem2_KO2",1115,894,"GSM4173508","Trem2_KO2","Trem2_KO",2,"KO","non_5XFAD",0,"9","9","9","Microglia",TRUE,"Trem2_KO2_AGTTGGTCAGGATCGA-1"
"Trem2_KO2",1012,832,"GSM4173508","Trem2_KO2","Trem2_KO",2,"KO","non_5XFAD",0,"9","9","9","Microglia",TRUE,"Trem2_KO2_ATAGACCCATTGGGCC-1"
"Trem2_KO2",1047,828,"GSM4173508","Trem2_KO2","Trem2_KO",2,"KO","non_5XFAD",0,"9","9","9","Microglia",TRUE,"Trem2_KO2_ATCACGATCCTTCAAT-1"
"Trem2_KO2",1531,1210,"GSM4173508","Trem2_KO2","Trem2_KO",2,"KO","non_5XFAD",0.130633572828217,"9","9","9","Microglia",TRUE,"Trem2_KO2_ATCACGATCTATGTGG-1"
"Trem2_KO2",1069,876,"GSM4173508","Trem2_KO2","Trem2_KO",2,"KO","non_5XFAD",0.280636108512629,"9","9","9","Microglia",TRUE,"Trem2_KO2_ATCCGAATCTGTCAAG-1"
"Trem2_KO2",1099,860,"GSM4173508","Trem2_KO2","Trem2_KO",2,"KO","non_5XFAD",0.272975432211101,"9","9","9","Microglia",TRUE,"Trem2_KO2_ATCGAGTAGTGGGATC-1"
"Trem2_KO2",1071,870,"GSM4173508","Trem2_KO2","Trem2_KO",2,"KO","non_5XFAD",0.280112044817927,"9","9","9","Microglia",TRUE,"Trem2_KO2_ATCGAGTTCAACACGT-1"
"Trem2_KO2",1586,1241,"GSM4173508","Trem2_KO2","Trem2_KO",2,"KO","non_5XFAD",0.189155107187894,"9","9","9","Microglia",TRUE,"Trem2_KO2_ATCTACTCATCACAAC-1"
"Trem2_KO2",1361,1076,"GSM4173508","Trem2_KO2","Trem2_KO",2,"KO","non_5XFAD",0,"9","9","9","Microglia",TRUE,"Trem2_KO2_ATCTACTGTGCCTGTG-1"
"Trem2_KO2",1502,1204,"GSM4173508","Trem2_KO2","Trem2_KO",2,"KO","non_5XFAD",0.066577896138482,"9","9","9","Microglia",TRUE,"Trem2_KO2_ATCTACTTCAATCTCT-1"
"Trem2_KO2",1190,1001,"GSM4173508","Trem2_KO2","Trem2_KO",2,"KO","non_5XFAD",0.420168067226891,"9","9","9","Microglia",TRUE,"Trem2_KO2_ATGAGGGCAGACAGGT-1"
"Trem2_KO2",1055,851,"GSM4173508","Trem2_KO2","Trem2_KO",2,"KO","non_5XFAD",0.18957345971564,"9","9","9","Microglia",TRUE,"Trem2_KO2_ATGGGAGGTTCACCTC-1"
"Trem2_KO2",1313,1030,"GSM4173508","Trem2_KO2","Trem2_KO",2,"KO","non_5XFAD",0,"9","9","9","Microglia",TRUE,"Trem2_KO2_ATTATCCGTGTGAATA-1"
"Trem2_KO2",1281,1039,"GSM4173508","Trem2_KO2","Trem2_KO",2,"KO","non_5XFAD",0.234192037470726,"9","9","9","Microglia",TRUE,"Trem2_KO2_ATTGGACAGCCACCTG-1"
"Trem2_KO2",1350,1070,"GSM4173508","Trem2_KO2","Trem2_KO",2,"KO","non_5XFAD",0.148148148148148,"9","9","9","Microglia",TRUE,"Trem2_KO2_CAACCTCAGACCGGAT-1"
"Trem2_KO2",2372,1679,"GSM4173508","Trem2_KO2","Trem2_KO",2,"KO","non_5XFAD",0.0843170320404722,"9","9","9","Microglia",TRUE,"Trem2_KO2_CAACCTCCAGACACTT-1"
"Trem2_KO2",1273,995,"GSM4173508","Trem2_KO2","Trem2_KO",2,"KO","non_5XFAD",0.0785545954438335,"9","9","9","Microglia",TRUE,"Trem2_KO2_CAAGATCTCACAAACC-1"
"Trem2_KO2",1485,1186,"GSM4173508","Trem2_KO2","Trem2_KO",2,"KO","non_5XFAD",0.134680134680135,"9","9","9","Microglia",TRUE,"Trem2_KO2_CACAAACGTATATGAG-1"
"Trem2_KO2",1773,1331,"GSM4173508","Trem2_KO2","Trem2_KO",2,"KO","non_5XFAD",0.282007896221094,"9","9","9","Microglia",TRUE,"Trem2_KO2_CACAAACTCTTGGGTA-1"
"Trem2_KO2",1160,958,"GSM4173508","Trem2_KO2","Trem2_KO",2,"KO","non_5XFAD",0.517241379310345,"9","9","9","Microglia",TRUE,"Trem2_KO2_CACACAATCACGCATA-1"
"Trem2_KO2",1180,934,"GSM4173508","Trem2_KO2","Trem2_KO",2,"KO","non_5XFAD",0.0847457627118644,"9","9","9","Microglia",TRUE,"Trem2_KO2_CACACAATCCCGGATG-1"
"Trem2_KO2",1077,857,"GSM4173508","Trem2_KO2","Trem2_KO",2,"KO","non_5XFAD",0.0928505106778087,"9","9","9","Microglia",TRUE,"Trem2_KO2_CACAGTACAACTGCTA-1"
"Trem2_KO2",1535,1166,"GSM4173508","Trem2_KO2","Trem2_KO",2,"KO","non_5XFAD",0.260586319218241,"9","9","9","Microglia",TRUE,"Trem2_KO2_CACAGTATCTTGAGGT-1"
"Trem2_KO2",775,642,"GSM4173508","Trem2_KO2","Trem2_KO",2,"KO","non_5XFAD",0.258064516129032,"9","9","9","Microglia",TRUE,"Trem2_KO2_CACATAGAGACTAAGT-1"
"Trem2_KO2",1401,1115,"GSM4173508","Trem2_KO2","Trem2_KO",2,"KO","non_5XFAD",0,"9","9","9","Microglia",TRUE,"Trem2_KO2_CACATAGTCTTAACCT-1"
"Trem2_KO2",792,648,"GSM4173508","Trem2_KO2","Trem2_KO",2,"KO","non_5XFAD",0,"9","9","9","Microglia",TRUE,"Trem2_KO2_CACATTTGTTAAGAAC-1"
"Trem2_KO2",1095,893,"GSM4173508","Trem2_KO2","Trem2_KO",2,"KO","non_5XFAD",0,"9","9","9","Microglia",TRUE,"Trem2_KO2_CAGCATAGTAGCGATG-1"
"Trem2_KO2",1260,1002,"GSM4173508","Trem2_KO2","Trem2_KO",2,"KO","non_5XFAD",0,"9","9","9","Microglia",TRUE,"Trem2_KO2_CAGCGACTCACATGCA-1"
"Trem2_KO2",1244,983,"GSM4173508","Trem2_KO2","Trem2_KO",2,"KO","non_5XFAD",0.0803858520900322,"9","9","9","Microglia",TRUE,"Trem2_KO2_CAGTCCTTCAGCAACT-1"
"Trem2_KO2",774,630,"GSM4173508","Trem2_KO2","Trem2_KO",2,"KO","non_5XFAD",0,"9","9","9","Microglia",TRUE,"Trem2_KO2_CATATGGCACGCATCG-1"
"Trem2_KO2",1043,848,"GSM4173508","Trem2_KO2","Trem2_KO",2,"KO","non_5XFAD",0.479386385426654,"9","9","9","Microglia",TRUE,"Trem2_KO2_CATATTCCATCCGGGT-1"
"Trem2_KO2",679,571,"GSM4173508","Trem2_KO2","Trem2_KO",2,"KO","non_5XFAD",0,"9","9","9","Microglia",TRUE,"Trem2_KO2_CATCAGAAGCCGTCGT-1"
"Trem2_KO2",1002,820,"GSM4173508","Trem2_KO2","Trem2_KO",2,"KO","non_5XFAD",0.0998003992015968,"9","9","9","Microglia",TRUE,"Trem2_KO2_CATCAGAAGCTGTTCA-1"
"Trem2_KO2",1044,839,"GSM4173508","Trem2_KO2","Trem2_KO",2,"KO","non_5XFAD",0.0957854406130268,"9","9","9","Microglia",TRUE,"Trem2_KO2_CATCAGAGTGGTCTCG-1"
"Trem2_KO2",1500,1145,"GSM4173508","Trem2_KO2","Trem2_KO",2,"KO","non_5XFAD",0.533333333333333,"9","9","9","Microglia",TRUE,"Trem2_KO2_CATCCACAGTGTTAGA-1"
"Trem2_KO2",1645,1277,"GSM4173508","Trem2_KO2","Trem2_KO",2,"KO","non_5XFAD",0.60790273556231,"9","9","9","Microglia",TRUE,"Trem2_KO2_CATCCACAGTTTCCTT-1"
"Trem2_KO2",1294,1010,"GSM4173508","Trem2_KO2","Trem2_KO",2,"KO","non_5XFAD",0,"9","9","9","Microglia",TRUE,"Trem2_KO2_CATGGCGCAAAGGTGC-1"
"Trem2_KO2",1294,1050,"GSM4173508","Trem2_KO2","Trem2_KO",2,"KO","non_5XFAD",0.0772797527047913,"9","9","9","Microglia",TRUE,"Trem2_KO2_CATTATCTCCGTAGTA-1"
"Trem2_KO2",1105,895,"GSM4173508","Trem2_KO2","Trem2_KO",2,"KO","non_5XFAD",0,"9","9","9","Microglia",TRUE,"Trem2_KO2_CATTCGCGTCCGAACC-1"
"Trem2_KO2",691,535,"GSM4173508","Trem2_KO2","Trem2_KO",2,"KO","non_5XFAD",0.434153400868307,"9","9","9","Microglia",TRUE,"Trem2_KO2_CCACCTACAACTGCTA-1"
"Trem2_KO2",909,731,"GSM4173508","Trem2_KO2","Trem2_KO",2,"KO","non_5XFAD",0,"9","9","9","Microglia",TRUE,"Trem2_KO2_CCACTACCACATTTCT-1"
"Trem2_KO2",1203,957,"GSM4173508","Trem2_KO2","Trem2_KO",2,"KO","non_5XFAD",0.415627597672485,"9","9","9","Microglia",TRUE,"Trem2_KO2_CCATGTCGTAAGTGGC-1"
"Trem2_KO2",585,511,"GSM4173508","Trem2_KO2","Trem2_KO",2,"KO","non_5XFAD",0.170940170940171,"9","9","9","Microglia",TRUE,"Trem2_KO2_CCCAATCAGCCTCGTG-1"
"Trem2_KO2",1457,1076,"GSM4173508","Trem2_KO2","Trem2_KO",2,"KO","non_5XFAD",0.137268359643102,"9","9","9","Microglia",TRUE,"Trem2_KO2_CCCTCCTTCCATGCTC-1"
"Trem2_KO2",1021,828,"GSM4173508","Trem2_KO2","Trem2_KO",2,"KO","non_5XFAD",0,"9","9","9","Microglia",TRUE,"Trem2_KO2_CCGGTAGGTGAAAGAG-1"
"Trem2_KO2",1900,1415,"GSM4173508","Trem2_KO2","Trem2_KO",2,"KO","non_5XFAD",0.157894736842105,"9","9","9","Microglia",TRUE,"Trem2_KO2_CCGTACTTCCTTGCCA-1"
"Trem2_KO2",1681,1285,"GSM4173508","Trem2_KO2","Trem2_KO",2,"KO","non_5XFAD",0.0594883997620464,"9","9","9","Microglia",TRUE,"Trem2_KO2_CCGTGGACACCAGTTA-1"
"Trem2_KO2",1174,945,"GSM4173508","Trem2_KO2","Trem2_KO",2,"KO","non_5XFAD",0,"9","9","9","Microglia",TRUE,"Trem2_KO2_CCGTGGAGTATATGGA-1"
"Trem2_KO2",1001,841,"GSM4173508","Trem2_KO2","Trem2_KO",2,"KO","non_5XFAD",0.1998001998002,"9","9","9","Microglia",TRUE,"Trem2_KO2_CCTAGCTAGACTCGGA-1"
"Trem2_KO2",718,609,"GSM4173508","Trem2_KO2","Trem2_KO",2,"KO","non_5XFAD",0.417827298050139,"9","9","9","Microglia",TRUE,"Trem2_KO2_CCTATTAGTGTGACCC-1"
"Trem2_KO2",1505,1117,"GSM4173508","Trem2_KO2","Trem2_KO",2,"KO","non_5XFAD",0.132890365448505,"9","9","9","Microglia",TRUE,"Trem2_KO2_CCTCAGTCACCAGTTA-1"
"Trem2_KO2",715,606,"GSM4173508","Trem2_KO2","Trem2_KO",2,"KO","non_5XFAD",0,"9","9","9","Microglia",TRUE,"Trem2_KO2_CCTCAGTTCACTTATC-1"
"Trem2_KO2",1463,1149,"GSM4173508","Trem2_KO2","Trem2_KO",2,"KO","non_5XFAD",0.0683526999316473,"9","9","9","Microglia",TRUE,"Trem2_KO2_CCTTTCTCATTCTCAT-1"
"Trem2_KO2",1178,909,"GSM4173508","Trem2_KO2","Trem2_KO",2,"KO","non_5XFAD",0.0848896434634974,"9","9","9","Microglia",TRUE,"Trem2_KO2_CGACCTTGTAGCAAAT-1"
"Trem2_KO2",1394,1027,"GSM4173508","Trem2_KO2","Trem2_KO",2,"KO","non_5XFAD",0.0717360114777618,"9","9","9","Microglia",TRUE,"Trem2_KO2_CGAGCACAGACTTGAA-1"
"Trem2_KO2",1114,884,"GSM4173508","Trem2_KO2","Trem2_KO",2,"KO","non_5XFAD",0,"9","9","9","Microglia",TRUE,"Trem2_KO2_CGATCGGGTCTCATCC-1"
"Trem2_KO2",1103,896,"GSM4173508","Trem2_KO2","Trem2_KO",2,"KO","non_5XFAD",0.271985494106981,"9","9","9","Microglia",TRUE,"Trem2_KO2_CGATCGGGTTAAGTAG-1"
"Trem2_KO2",1454,1130,"GSM4173508","Trem2_KO2","Trem2_KO",2,"KO","non_5XFAD",0.412654745529574,"9","9","9","Microglia",TRUE,"Trem2_KO2_CGATGGCGTCATACTG-1"
"Trem2_KO2",1298,992,"GSM4173508","Trem2_KO2","Trem2_KO",2,"KO","non_5XFAD",0.154083204930663,"9","9","9","Microglia",TRUE,"Trem2_KO2_CGATGGCTCGGCGCTA-1"
"Trem2_KO2",1097,905,"GSM4173508","Trem2_KO2","Trem2_KO",2,"KO","non_5XFAD",0.0911577028258888,"9","9","9","Microglia",TRUE,"Trem2_KO2_CGATGTAGTGGCGAAT-1"
"Trem2_KO2",1334,1084,"GSM4173508","Trem2_KO2","Trem2_KO",2,"KO","non_5XFAD",0,"9","9","9","Microglia",TRUE,"Trem2_KO2_CGCCAAGCATCACGTA-1"
"Trem2_KO2",1086,862,"GSM4173508","Trem2_KO2","Trem2_KO",2,"KO","non_5XFAD",0.184162062615101,"9","9","9","Microglia",TRUE,"Trem2_KO2_CGCGGTAGTTGCGCAC-1"
"Trem2_KO2",1283,971,"GSM4173508","Trem2_KO2","Trem2_KO",2,"KO","non_5XFAD",0,"9","9","9","Microglia",TRUE,"Trem2_KO2_CGCTATCAGAACAACT-1"
"Trem2_KO2",1258,1017,"GSM4173508","Trem2_KO2","Trem2_KO",2,"KO","non_5XFAD",0,"9","9","9","Microglia",TRUE,"Trem2_KO2_CGGACACTCTACCAGA-1"
"Trem2_KO2",1147,941,"GSM4173508","Trem2_KO2","Trem2_KO",2,"KO","non_5XFAD",0.0871839581517001,"9","9","9","Microglia",TRUE,"Trem2_KO2_CGGGTCAAGTAGTGCG-1"
"Trem2_KO2",1264,1011,"GSM4173508","Trem2_KO2","Trem2_KO",2,"KO","non_5XFAD",0.237341772151899,"9","9","9","Microglia",TRUE,"Trem2_KO2_CGGGTCACAATCGGTT-1"
"Trem2_KO2",1084,913,"GSM4173508","Trem2_KO2","Trem2_KO",2,"KO","non_5XFAD",0,"9","9","9","Microglia",TRUE,"Trem2_KO2_CGTAGCGGTTCCACAA-1"
"Trem2_KO2",1075,888,"GSM4173508","Trem2_KO2","Trem2_KO",2,"KO","non_5XFAD",0,"9","9","9","Microglia",TRUE,"Trem2_KO2_CGTAGGCGTAGAGCTG-1"
"Trem2_KO2",707,584,"GSM4173508","Trem2_KO2","Trem2_KO",2,"KO","non_5XFAD",3.25318246110325,"9","9","9","Microglia",TRUE,"Trem2_KO2_CGTCAGGCATTAGGCT-1"
"Trem2_KO2",2281,1607,"GSM4173508","Trem2_KO2","Trem2_KO",2,"KO","non_5XFAD",0.0438404208680403,"9","9","9","Microglia",TRUE,"Trem2_KO2_CGTCCATTCGGGAGTA-1"
"Trem2_KO2",1173,934,"GSM4173508","Trem2_KO2","Trem2_KO",2,"KO","non_5XFAD",0,"9","9","9","Microglia",TRUE,"Trem2_KO2_CGTTAGAGTGCCTTGG-1"
"Trem2_KO2",937,755,"GSM4173508","Trem2_KO2","Trem2_KO",2,"KO","non_5XFAD",0,"9","9","9","Microglia",TRUE,"Trem2_KO2_CGTTAGATCCGCGGTA-1"
"Trem2_KO2",1642,1251,"GSM4173508","Trem2_KO2","Trem2_KO",2,"KO","non_5XFAD",0.243605359317905,"9","9","9","Microglia",TRUE,"Trem2_KO2_CGTTGGGTCTCTGAGA-1"
"Trem2_KO2",991,799,"GSM4173508","Trem2_KO2","Trem2_KO",2,"KO","non_5XFAD",0.100908173562059,"9","9","9","Microglia",TRUE,"Trem2_KO2_CTAACTTTCCAAAGTC-1"
"Trem2_KO2",1426,1112,"GSM4173508","Trem2_KO2","Trem2_KO",2,"KO","non_5XFAD",0.140252454417952,"9","9","9","Microglia",TRUE,"Trem2_KO2_CTAAGACGTGCTAGCC-1"
"Trem2_KO2",865,730,"GSM4173508","Trem2_KO2","Trem2_KO",2,"KO","non_5XFAD",0,"9","9","9","Microglia",TRUE,"Trem2_KO2_CTAAGACTCAAGGCTT-1"
"Trem2_KO2",1058,849,"GSM4173508","Trem2_KO2","Trem2_KO",2,"KO","non_5XFAD",0.189035916824197,"9","9","9","Microglia",TRUE,"Trem2_KO2_CTAATGGTCCTTGACC-1"
"Trem2_KO2",1331,1063,"GSM4173508","Trem2_KO2","Trem2_KO",2,"KO","non_5XFAD",0.300525920360631,"9","9","9","Microglia",TRUE,"Trem2_KO2_CTACACCTCTCGGACG-1"
"Trem2_KO2",1065,853,"GSM4173508","Trem2_KO2","Trem2_KO",2,"KO","non_5XFAD",0,"9","9","9","Microglia",TRUE,"Trem2_KO2_CTAGCCTTCAGCACAT-1"
"Trem2_KO2",1025,836,"GSM4173508","Trem2_KO2","Trem2_KO",2,"KO","non_5XFAD",0,"9","9","9","Microglia",TRUE,"Trem2_KO2_CTAGTGAGTTAAGACA-1"
"Trem2_KO2",1286,1056,"GSM4173508","Trem2_KO2","Trem2_KO",2,"KO","non_5XFAD",0.0777604976671851,"9","9","9","Microglia",TRUE,"Trem2_KO2_CTCATTACATCCCACT-1"
"Trem2_KO2",1125,891,"GSM4173508","Trem2_KO2","Trem2_KO",2,"KO","non_5XFAD",0,"9","9","9","Microglia",TRUE,"Trem2_KO2_CTCATTAGTCATCGGC-1"
"Trem2_KO2",853,683,"GSM4173508","Trem2_KO2","Trem2_KO",2,"KO","non_5XFAD",0,"9","9","9","Microglia",TRUE,"Trem2_KO2_CTCGGAGTCGAGAACG-1"
"Trem2_KO2",584,496,"GSM4173508","Trem2_KO2","Trem2_KO",2,"KO","non_5XFAD",0,"9","9","9","Microglia",TRUE,"Trem2_KO2_CTCGGGATCCCGACTT-1"
"Trem2_KO2",1426,1090,"GSM4173508","Trem2_KO2","Trem2_KO",2,"KO","non_5XFAD",0,"9","9","9","Microglia",TRUE,"Trem2_KO2_CTCGTCACAACTTGAC-1"
"Trem2_KO2",1305,1030,"GSM4173508","Trem2_KO2","Trem2_KO",2,"KO","non_5XFAD",0.153256704980843,"9","9","9","Microglia",TRUE,"Trem2_KO2_CTCGTCACATATGCTG-1"
"Trem2_KO2",2006,1468,"GSM4173508","Trem2_KO2","Trem2_KO",2,"KO","non_5XFAD",0,"9","9","9","Microglia",TRUE,"Trem2_KO2_CTCGTCAGTACCGTTA-1"
"Trem2_KO2",523,462,"GSM4173508","Trem2_KO2","Trem2_KO",2,"KO","non_5XFAD",0.764818355640535,"9","9","9","Microglia",TRUE,"Trem2_KO2_CTCGTCATCACGCGGT-1"
"Trem2_KO2",716,589,"GSM4173508","Trem2_KO2","Trem2_KO",2,"KO","non_5XFAD",0,"9","9","9","Microglia",TRUE,"Trem2_KO2_CTCTAATAGGGCACTA-1"
"Trem2_KO2",1678,1257,"GSM4173508","Trem2_KO2","Trem2_KO",2,"KO","non_5XFAD",0.0595947556615018,"9","9","9","Microglia",TRUE,"Trem2_KO2_CTCTAATGTTATGTGC-1"
"Trem2_KO2",926,741,"GSM4173508","Trem2_KO2","Trem2_KO",2,"KO","non_5XFAD",0,"9","9","9","Microglia",TRUE,"Trem2_KO2_CTCTGGTAGAAACCGC-1"
"Trem2_KO2",1034,864,"GSM4173508","Trem2_KO2","Trem2_KO",2,"KO","non_5XFAD",0,"9","9","9","Microglia",TRUE,"Trem2_KO2_CTCTGGTGTATCTGCA-1"
"Trem2_KO2",685,588,"GSM4173508","Trem2_KO2","Trem2_KO",2,"KO","non_5XFAD",0.145985401459854,"9","9","9","Microglia",TRUE,"Trem2_KO2_CTGAAACTCATTTGGG-1"
"Trem2_KO2",1352,1052,"GSM4173508","Trem2_KO2","Trem2_KO",2,"KO","non_5XFAD",0.0739644970414201,"9","9","9","Microglia",TRUE,"Trem2_KO2_CTGATAGCAACGATGG-1"
"Trem2_KO2",1220,942,"GSM4173508","Trem2_KO2","Trem2_KO",2,"KO","non_5XFAD",0,"9","9","9","Microglia",TRUE,"Trem2_KO2_CTGCCTACACGGCTAC-1"
"Trem2_KO2",1113,910,"GSM4173508","Trem2_KO2","Trem2_KO",2,"KO","non_5XFAD",0.628930817610063,"9","9","9","Microglia",TRUE,"Trem2_KO2_CTTACCGAGTACATGA-1"
"Trem2_KO2",1539,1162,"GSM4173508","Trem2_KO2","Trem2_KO",2,"KO","non_5XFAD",0,"9","9","9","Microglia",TRUE,"Trem2_KO2_CTTCTCTTCCGTAGTA-1"
"Trem2_KO2",1118,898,"GSM4173508","Trem2_KO2","Trem2_KO",2,"KO","non_5XFAD",0,"9","9","9","Microglia",TRUE,"Trem2_KO2_CTTGGCTGTCAGAAGC-1"
"Trem2_KO2",1016,858,"GSM4173508","Trem2_KO2","Trem2_KO",2,"KO","non_5XFAD",0,"9","9","9","Microglia",TRUE,"Trem2_KO2_CTTGGCTGTCTGATCA-1"
"Trem2_KO2",2137,1570,"GSM4173508","Trem2_KO2","Trem2_KO",2,"KO","non_5XFAD",0.42115114646701,"9","9","9","Microglia",TRUE,"Trem2_KO2_CTTGGCTTCAGCTCGG-1"
"Trem2_KO2",807,703,"GSM4173508","Trem2_KO2","Trem2_KO",2,"KO","non_5XFAD",0.123915737298637,"9","9","9","Microglia",TRUE,"Trem2_KO2_GAAATGATCCGGCACA-1"
"Trem2_KO2",1308,1036,"GSM4173508","Trem2_KO2","Trem2_KO",2,"KO","non_5XFAD",0.0764525993883792,"9","9","9","Microglia",TRUE,"Trem2_KO2_GAACATCAGTCGATAA-1"
"Trem2_KO2",1145,919,"GSM4173508","Trem2_KO2","Trem2_KO",2,"KO","non_5XFAD",0.873362445414847,"9","9","9","Microglia",TRUE,"Trem2_KO2_GAACATCGTGCCTGCA-1"
"Trem2_KO2",1572,1220,"GSM4173508","Trem2_KO2","Trem2_KO",2,"KO","non_5XFAD",0.127226463104326,"9","9","9","Microglia",TRUE,"Trem2_KO2_GAACCTAAGATGTTAG-1"
"Trem2_KO2",1340,1037,"GSM4173508","Trem2_KO2","Trem2_KO",2,"KO","non_5XFAD",0,"9","9","9","Microglia",TRUE,"Trem2_KO2_GAACCTACATGCAACT-1"
"Trem2_KO2",706,606,"GSM4173508","Trem2_KO2","Trem2_KO",2,"KO","non_5XFAD",0.141643059490085,"9","9","9","Microglia",TRUE,"Trem2_KO2_GACCTGGTCGTAGGAG-1"
"Trem2_KO2",1022,821,"GSM4173508","Trem2_KO2","Trem2_KO",2,"KO","non_5XFAD",0,"9","9","9","Microglia",TRUE,"Trem2_KO2_GACGCGTTCGTAGGTT-1"
"Trem2_KO2",1188,893,"GSM4173508","Trem2_KO2","Trem2_KO",2,"KO","non_5XFAD",0,"9","9","9","Microglia",TRUE,"Trem2_KO2_GACGGCTCAGGTCCAC-1"
"Trem2_KO2",872,711,"GSM4173508","Trem2_KO2","Trem2_KO",2,"KO","non_5XFAD",0.802752293577982,"9","9","9","Microglia",TRUE,"Trem2_KO2_GACGGCTTCAGGCAAG-1"
"Trem2_KO2",1341,1033,"GSM4173508","Trem2_KO2","Trem2_KO",2,"KO","non_5XFAD",0,"9","9","9","Microglia",TRUE,"Trem2_KO2_GACGTTAAGTTGAGAT-1"
"Trem2_KO2",512,447,"GSM4173508","Trem2_KO2","Trem2_KO",2,"KO","non_5XFAD",0,"9","9","9","Microglia",TRUE,"Trem2_KO2_GACTGCGAGCGTTTAC-1"
"Trem2_KO2",1976,1448,"GSM4173508","Trem2_KO2","Trem2_KO",2,"KO","non_5XFAD",0.607287449392713,"9","9","9","Microglia",TRUE,"Trem2_KO2_GAGCAGAAGAGTCTGG-1"
"Trem2_KO2",1226,989,"GSM4173508","Trem2_KO2","Trem2_KO",2,"KO","non_5XFAD",0,"9","9","9","Microglia",TRUE,"Trem2_KO2_GAGGTGATCTGGCGTG-1"
"Trem2_KO2",927,781,"GSM4173508","Trem2_KO2","Trem2_KO",2,"KO","non_5XFAD",0.215749730312837,"9","9","9","Microglia",TRUE,"Trem2_KO2_GATCGATTCTGGGCCA-1"
"Trem2_KO2",1265,987,"GSM4173508","Trem2_KO2","Trem2_KO",2,"KO","non_5XFAD",0,"9","9","9","Microglia",TRUE,"Trem2_KO2_GATCGCGGTAGCAAAT-1"
"Trem2_KO2",995,816,"GSM4173508","Trem2_KO2","Trem2_KO",2,"KO","non_5XFAD",0,"9","9","9","Microglia",TRUE,"Trem2_KO2_GATCGTACAGGGTACA-1"
"Trem2_KO2",597,522,"GSM4173508","Trem2_KO2","Trem2_KO",2,"KO","non_5XFAD",0.50251256281407,"9","9","9","Microglia",TRUE,"Trem2_KO2_GATCGTATCACCTTAT-1"
"Trem2_KO2",1466,1131,"GSM4173508","Trem2_KO2","Trem2_KO",2,"KO","non_5XFAD",0.477489768076398,"9","9","9","Microglia",TRUE,"Trem2_KO2_GATCTAGCAGCTCGCA-1"
"Trem2_KO2",1164,939,"GSM4173508","Trem2_KO2","Trem2_KO",2,"KO","non_5XFAD",0,"9","9","9","Microglia",TRUE,"Trem2_KO2_GATTCAGCATACCATG-1"
"Trem2_KO2",1029,784,"GSM4173508","Trem2_KO2","Trem2_KO",2,"KO","non_5XFAD",6.80272108843537,"9","9","9","Microglia",TRUE,"Trem2_KO2_GATTCAGGTTTGTGTG-1"
"Trem2_KO2",1209,981,"GSM4173508","Trem2_KO2","Trem2_KO",2,"KO","non_5XFAD",0,"9","9","9","Microglia",TRUE,"Trem2_KO2_GCAAACTGTCCATGAT-1"
"Trem2_KO2",1191,982,"GSM4173508","Trem2_KO2","Trem2_KO",2,"KO","non_5XFAD",0,"9","9","9","Microglia",TRUE,"Trem2_KO2_GCAATCAGTATTACCG-1"
"Trem2_KO2",899,749,"GSM4173508","Trem2_KO2","Trem2_KO",2,"KO","non_5XFAD",0,"9","9","9","Microglia",TRUE,"Trem2_KO2_GCACATATCGGTTAAC-1"
"Trem2_KO2",990,825,"GSM4173508","Trem2_KO2","Trem2_KO",2,"KO","non_5XFAD",0.202020202020202,"9","9","9","Microglia",TRUE,"Trem2_KO2_GCAGCCACATCGTCGG-1"
"Trem2_KO2",1580,1224,"GSM4173508","Trem2_KO2","Trem2_KO",2,"KO","non_5XFAD",0,"9","9","9","Microglia",TRUE,"Trem2_KO2_GCATACACATTACCTT-1"
"Trem2_KO2",1269,1029,"GSM4173508","Trem2_KO2","Trem2_KO",2,"KO","non_5XFAD",0.472813238770686,"9","9","9","Microglia",TRUE,"Trem2_KO2_GCATACAGTCCAGTTA-1"
"Trem2_KO2",1213,946,"GSM4173508","Trem2_KO2","Trem2_KO",2,"KO","non_5XFAD",0,"9","9","9","Microglia",TRUE,"Trem2_KO2_GCATGATAGGACACCA-1"
"Trem2_KO2",1339,1066,"GSM4173508","Trem2_KO2","Trem2_KO",2,"KO","non_5XFAD",0.0746825989544436,"9","9","9","Microglia",TRUE,"Trem2_KO2_GCATGCGAGAACAACT-1"
"Trem2_KO2",1384,1098,"GSM4173508","Trem2_KO2","Trem2_KO",2,"KO","non_5XFAD",0.0722543352601156,"9","9","9","Microglia",TRUE,"Trem2_KO2_GCATGCGTCCCGACTT-1"
"Trem2_KO2",1124,911,"GSM4173508","Trem2_KO2","Trem2_KO",2,"KO","non_5XFAD",0,"9","9","9","Microglia",TRUE,"Trem2_KO2_GCCAAATAGGTGATAT-1"
"Trem2_KO2",1257,998,"GSM4173508","Trem2_KO2","Trem2_KO",2,"KO","non_5XFAD",0.397772474144789,"9","9","9","Microglia",TRUE,"Trem2_KO2_GCCAAATTCAAACAAG-1"
"Trem2_KO2",900,701,"GSM4173508","Trem2_KO2","Trem2_KO",2,"KO","non_5XFAD",0.333333333333333,"9","9","9","Microglia",TRUE,"Trem2_KO2_GCGAGAAGTCGCGTGT-1"
"Trem2_KO2",1391,1067,"GSM4173508","Trem2_KO2","Trem2_KO",2,"KO","non_5XFAD",0,"9","9","9","Microglia",TRUE,"Trem2_KO2_GCGAGAATCGCTGATA-1"
"Trem2_KO2",973,812,"GSM4173508","Trem2_KO2","Trem2_KO",2,"KO","non_5XFAD",0,"9","9","9","Microglia",TRUE,"Trem2_KO2_GCGCAGTCAAGGTTCT-1"
"Trem2_KO2",1189,953,"GSM4173508","Trem2_KO2","Trem2_KO",2,"KO","non_5XFAD",0.168208578637511,"9","9","9","Microglia",TRUE,"Trem2_KO2_GCGCCAACATCCTAGA-1"
"Trem2_KO2",1418,1065,"GSM4173508","Trem2_KO2","Trem2_KO",2,"KO","non_5XFAD",0,"9","9","9","Microglia",TRUE,"Trem2_KO2_GCGCGATGTTGATTGC-1"
"Trem2_KO2",1039,857,"GSM4173508","Trem2_KO2","Trem2_KO",2,"KO","non_5XFAD",0.192492781520693,"9","9","9","Microglia",TRUE,"Trem2_KO2_GCTCCTACAAAGCAAT-1"
"Trem2_KO2",898,745,"GSM4173508","Trem2_KO2","Trem2_KO",2,"KO","non_5XFAD",0.779510022271715,"9","9","9","Microglia",TRUE,"Trem2_KO2_GCTCCTACAAGAGTCG-1"
"Trem2_KO2",861,716,"GSM4173508","Trem2_KO2","Trem2_KO",2,"KO","non_5XFAD",0.116144018583043,"9","9","9","Microglia",TRUE,"Trem2_KO2_GCTCCTATCAGGCAAG-1"
"Trem2_KO2",621,500,"GSM4173508","Trem2_KO2","Trem2_KO",2,"KO","non_5XFAD",0.161030595813205,"9","9","9","Microglia",TRUE,"Trem2_KO2_GCTCTGTGTTCGCGAC-1"
"Trem2_KO2",1157,940,"GSM4173508","Trem2_KO2","Trem2_KO",2,"KO","non_5XFAD",0,"9","9","9","Microglia",TRUE,"Trem2_KO2_GCTGCGAAGACAAAGG-1"
"Trem2_KO2",1387,1092,"GSM4173508","Trem2_KO2","Trem2_KO",2,"KO","non_5XFAD",0.720980533525595,"9","9","9","Microglia",TRUE,"Trem2_KO2_GCTGCTTGTCGTCTTC-1"
"Trem2_KO2",993,786,"GSM4173508","Trem2_KO2","Trem2_KO",2,"KO","non_5XFAD",0,"9","9","9","Microglia",TRUE,"Trem2_KO2_GCTTCCAAGCGAAGGG-1"
"Trem2_KO2",1178,946,"GSM4173508","Trem2_KO2","Trem2_KO",2,"KO","non_5XFAD",0,"9","9","9","Microglia",TRUE,"Trem2_KO2_GCTTCCAAGTCGATAA-1"
"Trem2_KO2",945,782,"GSM4173508","Trem2_KO2","Trem2_KO",2,"KO","non_5XFAD",0.317460317460317,"9","9","9","Microglia",TRUE,"Trem2_KO2_GGAAAGCCAGGCAGTA-1"
"Trem2_KO2",911,764,"GSM4173508","Trem2_KO2","Trem2_KO",2,"KO","non_5XFAD",0,"9","9","9","Microglia",TRUE,"Trem2_KO2_GGAACTTAGTGGTCCC-1"
"Trem2_KO2",1132,940,"GSM4173508","Trem2_KO2","Trem2_KO",2,"KO","non_5XFAD",0.176678445229682,"9","9","9","Microglia",TRUE,"Trem2_KO2_GGACAAGCAAGTACCT-1"
"Trem2_KO2",768,635,"GSM4173508","Trem2_KO2","Trem2_KO",2,"KO","non_5XFAD",0.260416666666667,"9","9","9","Microglia",TRUE,"Trem2_KO2_GGACAAGTCTTTAGTC-1"
"Trem2_KO2",722,607,"GSM4173508","Trem2_KO2","Trem2_KO",2,"KO","non_5XFAD",0.138504155124654,"9","9","9","Microglia",TRUE,"Trem2_KO2_GGACGTCGTGGCAAAC-1"
"Trem2_KO2",1187,956,"GSM4173508","Trem2_KO2","Trem2_KO",2,"KO","non_5XFAD",0.08424599831508,"9","9","9","Microglia",TRUE,"Trem2_KO2_GGACGTCTCTCTGTCG-1"
"Trem2_KO2",913,742,"GSM4173508","Trem2_KO2","Trem2_KO",2,"KO","non_5XFAD",0.109529025191676,"9","9","9","Microglia",TRUE,"Trem2_KO2_GGATTACAGTTAACGA-1"
"Trem2_KO2",1318,1055,"GSM4173508","Trem2_KO2","Trem2_KO",2,"KO","non_5XFAD",0.0758725341426404,"9","9","9","Microglia",TRUE,"Trem2_KO2_GGATTACCATCGATTG-1"
"Trem2_KO2",1048,851,"GSM4173508","Trem2_KO2","Trem2_KO",2,"KO","non_5XFAD",0.381679389312977,"9","9","9","Microglia",TRUE,"Trem2_KO2_GGATTACTCTTCTGGC-1"
"Trem2_KO2",1282,1014,"GSM4173508","Trem2_KO2","Trem2_KO",2,"KO","non_5XFAD",0.46801872074883,"9","9","9","Microglia",TRUE,"Trem2_KO2_GGCCGATAGCCGCCTA-1"
"Trem2_KO2",1215,938,"GSM4173508","Trem2_KO2","Trem2_KO",2,"KO","non_5XFAD",0,"9","9","9","Microglia",TRUE,"Trem2_KO2_GGGACCTGTGCAGTAG-1"
"Trem2_KO2",1096,889,"GSM4173508","Trem2_KO2","Trem2_KO",2,"KO","non_5XFAD",0.273722627737226,"9","9","9","Microglia",TRUE,"Trem2_KO2_GGGAGATGTACTCTCC-1"
"Trem2_KO2",1043,871,"GSM4173508","Trem2_KO2","Trem2_KO",2,"KO","non_5XFAD",0.287631831255992,"9","9","9","Microglia",TRUE,"Trem2_KO2_GGGATGAAGATGCGAC-1"
"Trem2_KO2",1091,882,"GSM4173508","Trem2_KO2","Trem2_KO",2,"KO","non_5XFAD",0.366636113657195,"9","9","9","Microglia",TRUE,"Trem2_KO2_GGGCACTTCACAATGC-1"
"Trem2_KO2",995,831,"GSM4173508","Trem2_KO2","Trem2_KO",2,"KO","non_5XFAD",0,"9","9","9","Microglia",TRUE,"Trem2_KO2_GGGTTGCCACCACGTG-1"
"Trem2_KO2",1332,1000,"GSM4173508","Trem2_KO2","Trem2_KO",2,"KO","non_5XFAD",0.15015015015015,"9","9","9","Microglia",TRUE,"Trem2_KO2_GGTGAAGTCCCGGATG-1"
"Trem2_KO2",1057,854,"GSM4173508","Trem2_KO2","Trem2_KO",2,"KO","non_5XFAD",0,"9","9","9","Microglia",TRUE,"Trem2_KO2_GTAACGTCAGTCGTGC-1"
"Trem2_KO2",938,707,"GSM4173508","Trem2_KO2","Trem2_KO",2,"KO","non_5XFAD",1.91897654584222,"9","9","9","Microglia",TRUE,"Trem2_KO2_GTAACTGTCGTTACAG-1"
"Trem2_KO2",1168,905,"GSM4173508","Trem2_KO2","Trem2_KO",2,"KO","non_5XFAD",0.770547945205479,"9","9","9","Microglia",TRUE,"Trem2_KO2_GTACTCCAGACCTTTG-1"
"Trem2_KO2",888,754,"GSM4173508","Trem2_KO2","Trem2_KO",2,"KO","non_5XFAD",0,"9","9","9","Microglia",TRUE,"Trem2_KO2_GTACTCCCACCATGTA-1"
"Trem2_KO2",1236,982,"GSM4173508","Trem2_KO2","Trem2_KO",2,"KO","non_5XFAD",0,"9","9","9","Microglia",TRUE,"Trem2_KO2_GTACTCCCACCCATTC-1"
"Trem2_KO2",1746,1314,"GSM4173508","Trem2_KO2","Trem2_KO",2,"KO","non_5XFAD",0.0572737686139748,"9","9","9","Microglia",TRUE,"Trem2_KO2_GTAGGCCAGTCCAGGA-1"
"Trem2_KO2",1469,1147,"GSM4173508","Trem2_KO2","Trem2_KO",2,"KO","non_5XFAD",0.136147038801906,"9","9","9","Microglia",TRUE,"Trem2_KO2_GTAGGCCAGTGTCCCG-1"
"Trem2_KO2",1142,882,"GSM4173508","Trem2_KO2","Trem2_KO",2,"KO","non_5XFAD",0,"9","9","9","Microglia",TRUE,"Trem2_KO2_GTAGGCCTCGTTTGCC-1"
"Trem2_KO2",1263,971,"GSM4173508","Trem2_KO2","Trem2_KO",2,"KO","non_5XFAD",0.712589073634204,"9","9","9","Microglia",TRUE,"Trem2_KO2_GTATCTTTCTAGAGTC-1"
"Trem2_KO2",1301,1043,"GSM4173508","Trem2_KO2","Trem2_KO",2,"KO","non_5XFAD",0.614911606456572,"9","9","9","Microglia",TRUE,"Trem2_KO2_GTATTCTGTGTTGAGG-1"
"Trem2_KO2",2060,1448,"GSM4173508","Trem2_KO2","Trem2_KO",2,"KO","non_5XFAD",0.922330097087379,"9","9","9","Microglia",TRUE,"Trem2_KO2_GTATTCTTCTCGCATC-1"
"Trem2_KO2",1219,949,"GSM4173508","Trem2_KO2","Trem2_KO",2,"KO","non_5XFAD",0.0820344544708778,"9","9","9","Microglia",TRUE,"Trem2_KO2_GTCAAGTGTCTTCGTC-1"
"Trem2_KO2",1326,1051,"GSM4173508","Trem2_KO2","Trem2_KO",2,"KO","non_5XFAD",0.150829562594268,"9","9","9","Microglia",TRUE,"Trem2_KO2_GTCAAGTTCTGCTGCT-1"
"Trem2_KO2",1118,947,"GSM4173508","Trem2_KO2","Trem2_KO",2,"KO","non_5XFAD",0.0894454382826476,"9","9","9","Microglia",TRUE,"Trem2_KO2_GTCACAAAGAGCTTCT-1"
"Trem2_KO2",1153,917,"GSM4173508","Trem2_KO2","Trem2_KO",2,"KO","non_5XFAD",0.0867302688638335,"9","9","9","Microglia",TRUE,"Trem2_KO2_GTCCTCAGTACCGTTA-1"
"Trem2_KO2",1569,1206,"GSM4173508","Trem2_KO2","Trem2_KO",2,"KO","non_5XFAD",0,"9","9","9","Microglia",TRUE,"Trem2_KO2_GTGCAGCCATCACGTA-1"
"Trem2_KO2",1102,893,"GSM4173508","Trem2_KO2","Trem2_KO",2,"KO","non_5XFAD",0.0907441016333938,"9","9","9","Microglia",TRUE,"Trem2_KO2_GTGCATACAATCAGAA-1"
"Trem2_KO2",1021,848,"GSM4173508","Trem2_KO2","Trem2_KO",2,"KO","non_5XFAD",0,"9","9","9","Microglia",TRUE,"Trem2_KO2_GTTCTCGGTCATATCG-1"
"Trem2_KO2",1168,923,"GSM4173508","Trem2_KO2","Trem2_KO",2,"KO","non_5XFAD",0,"9","9","9","Microglia",TRUE,"Trem2_KO2_TAAGAGAAGAACAATC-1"
"Trem2_KO2",944,757,"GSM4173508","Trem2_KO2","Trem2_KO",2,"KO","non_5XFAD",0,"9","9","9","Microglia",TRUE,"Trem2_KO2_TAAGAGAAGCAGACTG-1"
"Trem2_KO2",978,806,"GSM4173508","Trem2_KO2","Trem2_KO",2,"KO","non_5XFAD",0.102249488752556,"9","9","9","Microglia",TRUE,"Trem2_KO2_TAAGTGCGTTTCCACC-1"
"Trem2_KO2",901,737,"GSM4173508","Trem2_KO2","Trem2_KO",2,"KO","non_5XFAD",0,"9","9","9","Microglia",TRUE,"Trem2_KO2_TACACGACACCAGCAC-1"
"Trem2_KO2",894,763,"GSM4173508","Trem2_KO2","Trem2_KO",2,"KO","non_5XFAD",0.111856823266219,"9","9","9","Microglia",TRUE,"Trem2_KO2_TACACGAGTCCGAAGA-1"
"Trem2_KO2",1399,1105,"GSM4173508","Trem2_KO2","Trem2_KO",2,"KO","non_5XFAD",0,"9","9","9","Microglia",TRUE,"Trem2_KO2_TACACGATCCGTTGTC-1"
"Trem2_KO2",1448,1145,"GSM4173508","Trem2_KO2","Trem2_KO",2,"KO","non_5XFAD",0.69060773480663,"9","9","9","Microglia",TRUE,"Trem2_KO2_TACCTTAGTGACCAAG-1"
"Trem2_KO2",1242,963,"GSM4173508","Trem2_KO2","Trem2_KO",2,"KO","non_5XFAD",0.161030595813205,"9","9","9","Microglia",TRUE,"Trem2_KO2_TACGGGCTCTTTCCTC-1"
"Trem2_KO2",991,812,"GSM4173508","Trem2_KO2","Trem2_KO",2,"KO","non_5XFAD",0,"9","9","9","Microglia",TRUE,"Trem2_KO2_TACGGTAAGCTGCCCA-1"
"Trem2_KO2",1447,1124,"GSM4173508","Trem2_KO2","Trem2_KO",2,"KO","non_5XFAD",0.0691085003455425,"9","9","9","Microglia",TRUE,"Trem2_KO2_TACTTACCAGGAATGC-1"
"Trem2_KO2",1119,888,"GSM4173508","Trem2_KO2","Trem2_KO",2,"KO","non_5XFAD",0,"9","9","9","Microglia",TRUE,"Trem2_KO2_TACTTACCATCCCACT-1"
"Trem2_KO2",932,792,"GSM4173508","Trem2_KO2","Trem2_KO",2,"KO","non_5XFAD",0,"9","9","9","Microglia",TRUE,"Trem2_KO2_TAGCCGGAGTGCTGCC-1"
"Trem2_KO2",1112,920,"GSM4173508","Trem2_KO2","Trem2_KO",2,"KO","non_5XFAD",0,"9","9","9","Microglia",TRUE,"Trem2_KO2_TAGTTGGAGGGAGTAA-1"
"Trem2_KO2",1406,1125,"GSM4173508","Trem2_KO2","Trem2_KO",2,"KO","non_5XFAD",0.0711237553342817,"9","9","9","Microglia",TRUE,"Trem2_KO2_TATCTCATCAGTTGAC-1"
"Trem2_KO2",1681,1284,"GSM4173508","Trem2_KO2","Trem2_KO",2,"KO","non_5XFAD",0.0594883997620464,"9","9","9","Microglia",TRUE,"Trem2_KO2_TCAATCTAGGTGCAAC-1"
"Trem2_KO2",1232,1002,"GSM4173508","Trem2_KO2","Trem2_KO",2,"KO","non_5XFAD",0.324675324675325,"9","9","9","Microglia",TRUE,"Trem2_KO2_TCAATCTGTGTTGGGA-1"
"Trem2_KO2",1174,935,"GSM4173508","Trem2_KO2","Trem2_KO",2,"KO","non_5XFAD",0.170357751277683,"9","9","9","Microglia",TRUE,"Trem2_KO2_TCAGCAATCCGTACAA-1"
"Trem2_KO2",1375,1081,"GSM4173508","Trem2_KO2","Trem2_KO",2,"KO","non_5XFAD",0,"9","9","9","Microglia",TRUE,"Trem2_KO2_TCAGCAATCTCAACTT-1"
"Trem2_KO2",1069,893,"GSM4173508","Trem2_KO2","Trem2_KO",2,"KO","non_5XFAD",0,"9","9","9","Microglia",TRUE,"Trem2_KO2_TCAGCTCAGGCCCTCA-1"
"Trem2_KO2",1666,1250,"GSM4173508","Trem2_KO2","Trem2_KO",2,"KO","non_5XFAD",0.300120048019208,"9","9","9","Microglia",TRUE,"Trem2_KO2_TCAGCTCGTATGAAAC-1"
"Trem2_KO2",1072,892,"GSM4173508","Trem2_KO2","Trem2_KO",2,"KO","non_5XFAD",0,"9","9","9","Microglia",TRUE,"Trem2_KO2_TCAGGATAGCGATAGC-1"
"Trem2_KO2",1016,832,"GSM4173508","Trem2_KO2","Trem2_KO",2,"KO","non_5XFAD",0,"9","9","9","Microglia",TRUE,"Trem2_KO2_TCAGGTATCAGGATCT-1"
"Trem2_KO2",1286,1055,"GSM4173508","Trem2_KO2","Trem2_KO",2,"KO","non_5XFAD",0.0777604976671851,"9","9","9","Microglia",TRUE,"Trem2_KO2_TCATTACGTAAGCACG-1"
"Trem2_KO2",1237,1003,"GSM4173508","Trem2_KO2","Trem2_KO",2,"KO","non_5XFAD",0,"9","9","9","Microglia",TRUE,"Trem2_KO2_TCCACACAGTCTCAAC-1"
"Trem2_KO2",1247,1006,"GSM4173508","Trem2_KO2","Trem2_KO",2,"KO","non_5XFAD",0,"9","9","9","Microglia",TRUE,"Trem2_KO2_TCGCGAGAGCAGCCTC-1"
"Trem2_KO2",1007,805,"GSM4173508","Trem2_KO2","Trem2_KO",2,"KO","non_5XFAD",0.099304865938431,"9","9","9","Microglia",TRUE,"Trem2_KO2_TCGCGTTTCTTCCTTC-1"
"Trem2_KO2",1067,868,"GSM4173508","Trem2_KO2","Trem2_KO",2,"KO","non_5XFAD",0.187441424554827,"9","9","9","Microglia",TRUE,"Trem2_KO2_TCGTACCCAGACAAAT-1"
"Trem2_KO2",1501,1172,"GSM4173508","Trem2_KO2","Trem2_KO",2,"KO","non_5XFAD",0.466355762824783,"9","9","9","Microglia",TRUE,"Trem2_KO2_TCGTAGATCATCTGTT-1"
"Trem2_KO2",1157,946,"GSM4173508","Trem2_KO2","Trem2_KO",2,"KO","non_5XFAD",0.0864304235090752,"9","9","9","Microglia",TRUE,"Trem2_KO2_TCGTAGATCGTAGATC-1"
"Trem2_KO2",914,761,"GSM4173508","Trem2_KO2","Trem2_KO",2,"KO","non_5XFAD",0,"9","9","9","Microglia",TRUE,"Trem2_KO2_TCTATTGAGCTACCTA-1"
"Trem2_KO2",959,774,"GSM4173508","Trem2_KO2","Trem2_KO",2,"KO","non_5XFAD",0,"9","9","9","Microglia",TRUE,"Trem2_KO2_TCTATTGCAAGCCCAC-1"
"Trem2_KO2",1252,998,"GSM4173508","Trem2_KO2","Trem2_KO",2,"KO","non_5XFAD",0.319488817891374,"9","9","9","Microglia",TRUE,"Trem2_KO2_TCTCTAACAGTCCTTC-1"
"Trem2_KO2",841,693,"GSM4173508","Trem2_KO2","Trem2_KO",2,"KO","non_5XFAD",0,"9","9","9","Microglia",TRUE,"Trem2_KO2_TCTGAGACACAGGCCT-1"
"Trem2_KO2",1166,912,"GSM4173508","Trem2_KO2","Trem2_KO",2,"KO","non_5XFAD",0.343053173241852,"9","9","9","Microglia",TRUE,"Trem2_KO2_TCTGAGATCTTCGGTC-1"
"Trem2_KO2",1303,1035,"GSM4173508","Trem2_KO2","Trem2_KO",2,"KO","non_5XFAD",0,"9","9","9","Microglia",TRUE,"Trem2_KO2_TCTGGAAGTAAGGGCT-1"
"Trem2_KO2",1110,896,"GSM4173508","Trem2_KO2","Trem2_KO",2,"KO","non_5XFAD",0,"9","9","9","Microglia",TRUE,"Trem2_KO2_TCTTTCCGTTGGTGGA-1"
"Trem2_KO2",1287,987,"GSM4173508","Trem2_KO2","Trem2_KO",2,"KO","non_5XFAD",0.699300699300699,"9","9","9","Microglia",TRUE,"Trem2_KO2_TGACTAGGTGACGCCT-1"
"Trem2_KO2",1126,910,"GSM4173508","Trem2_KO2","Trem2_KO",2,"KO","non_5XFAD",0,"9","9","9","Microglia",TRUE,"Trem2_KO2_TGACTTTCACAGAGGT-1"
"Trem2_KO2",936,786,"GSM4173508","Trem2_KO2","Trem2_KO",2,"KO","non_5XFAD",0.534188034188034,"9","9","9","Microglia",TRUE,"Trem2_KO2_TGCACCTAGAGTCTGG-1"
"Trem2_KO2",1529,1171,"GSM4173508","Trem2_KO2","Trem2_KO",2,"KO","non_5XFAD",0.065402223675605,"9","9","9","Microglia",TRUE,"Trem2_KO2_TGCACCTAGGACAGAA-1"
"Trem2_KO2",1244,978,"GSM4173508","Trem2_KO2","Trem2_KO",2,"KO","non_5XFAD",0,"9","9","9","Microglia",TRUE,"Trem2_KO2_TGCCAAACAGATTGCT-1"
"Trem2_KO2",1174,875,"GSM4173508","Trem2_KO2","Trem2_KO",2,"KO","non_5XFAD",0.766609880749574,"9","9","9","Microglia",TRUE,"Trem2_KO2_TGCGCAGTCTGTCTCG-1"
"Trem2_KO2",1041,829,"GSM4173508","Trem2_KO2","Trem2_KO",2,"KO","non_5XFAD",0,"9","9","9","Microglia",TRUE,"Trem2_KO2_TGCGGGTCACTACAGT-1"
"Trem2_KO2",1194,950,"GSM4173508","Trem2_KO2","Trem2_KO",2,"KO","non_5XFAD",0,"9","9","9","Microglia",TRUE,"Trem2_KO2_TGCGGGTTCGTGACAT-1"
"Trem2_KO2",1102,901,"GSM4173508","Trem2_KO2","Trem2_KO",2,"KO","non_5XFAD",0.0907441016333938,"9","9","9","Microglia",TRUE,"Trem2_KO2_TGCGTGGGTCGCGGTT-1"
"Trem2_KO2",1503,1159,"GSM4173508","Trem2_KO2","Trem2_KO",2,"KO","non_5XFAD",0.0665335994677312,"9","9","9","Microglia",TRUE,"Trem2_KO2_TGCTGCTTCAACACTG-1"
"Trem2_KO2",1154,925,"GSM4173508","Trem2_KO2","Trem2_KO",2,"KO","non_5XFAD",0.0866551126516464,"9","9","9","Microglia",TRUE,"Trem2_KO2_TGCTGCTTCTACGAGT-1"
"Trem2_KO2",1000,815,"GSM4173508","Trem2_KO2","Trem2_KO",2,"KO","non_5XFAD",0.6,"9","9","9","Microglia",TRUE,"Trem2_KO2_TGCTGCTTCTGATACG-1"
"Trem2_KO2",1209,953,"GSM4173508","Trem2_KO2","Trem2_KO",2,"KO","non_5XFAD",0.0827129859387924,"9","9","9","Microglia",TRUE,"Trem2_KO2_TGGACGCAGCTAAGAT-1"
"Trem2_KO2",1330,1088,"GSM4173508","Trem2_KO2","Trem2_KO",2,"KO","non_5XFAD",0.075187969924812,"9","9","9","Microglia",TRUE,"Trem2_KO2_TGGACGCGTGGCAAAC-1"
"Trem2_KO2",1085,904,"GSM4173508","Trem2_KO2","Trem2_KO",2,"KO","non_5XFAD",0,"9","9","9","Microglia",TRUE,"Trem2_KO2_TGGCTGGAGATCGGGT-1"
"Trem2_KO2",946,754,"GSM4173508","Trem2_KO2","Trem2_KO",2,"KO","non_5XFAD",0,"9","9","9","Microglia",TRUE,"Trem2_KO2_TGGGAAGAGAGGTTAT-1"
"Trem2_KO2",846,703,"GSM4173508","Trem2_KO2","Trem2_KO",2,"KO","non_5XFAD",0,"9","9","9","Microglia",TRUE,"Trem2_KO2_TGGGAAGCACTGTGTA-1"
"Trem2_KO2",1032,864,"GSM4173508","Trem2_KO2","Trem2_KO",2,"KO","non_5XFAD",0,"9","9","9","Microglia",TRUE,"Trem2_KO2_TGGGCGTCACATGACT-1"
"Trem2_KO2",2911,2069,"GSM4173508","Trem2_KO2","Trem2_KO",2,"KO","non_5XFAD",0,"9","9","9","Microglia",TRUE,"Trem2_KO2_TGGTTAGAGAGCAATT-1"
"Trem2_KO2",1023,824,"GSM4173508","Trem2_KO2","Trem2_KO",2,"KO","non_5XFAD",0.0977517106549365,"9","9","9","Microglia",TRUE,"Trem2_KO2_TGGTTCCTCGATGAGG-1"
"Trem2_KO2",991,800,"GSM4173508","Trem2_KO2","Trem2_KO",2,"KO","non_5XFAD",0,"9","9","9","Microglia",TRUE,"Trem2_KO2_TGGTTCCTCGTTACGA-1"
"Trem2_KO2",574,479,"GSM4173508","Trem2_KO2","Trem2_KO",2,"KO","non_5XFAD",0.348432055749129,"9","9","9","Microglia",TRUE,"Trem2_KO2_TGTCCCACATCACGTA-1"
"Trem2_KO2",1204,950,"GSM4173508","Trem2_KO2","Trem2_KO",2,"KO","non_5XFAD",0,"9","9","9","Microglia",TRUE,"Trem2_KO2_TGTTCCGGTCTCTCGT-1"
"Trem2_KO2",1008,836,"GSM4173508","Trem2_KO2","Trem2_KO",2,"KO","non_5XFAD",0,"9","9","9","Microglia",TRUE,"Trem2_KO2_TTAGGACAGCGACGTA-1"
"Trem2_KO2",871,726,"GSM4173508","Trem2_KO2","Trem2_KO",2,"KO","non_5XFAD",0,"9","9","9","Microglia",TRUE,"Trem2_KO2_TTAGGACGTACGCTGC-1"
"Trem2_KO2",999,822,"GSM4173508","Trem2_KO2","Trem2_KO",2,"KO","non_5XFAD",0,"9","9","9","Microglia",TRUE,"Trem2_KO2_TTATGCTGTAGCGTAG-1"
"Trem2_KO2",1120,926,"GSM4173508","Trem2_KO2","Trem2_KO",2,"KO","non_5XFAD",0.0892857142857143,"9","9","9","Microglia",TRUE,"Trem2_KO2_TTCGAAGTCTGCTGCT-1"
"Trem2_KO2",1078,878,"GSM4173508","Trem2_KO2","Trem2_KO",2,"KO","non_5XFAD",0.278293135435993,"9","9","9","Microglia",TRUE,"Trem2_KO2_TTCTACAGTACGCTGC-1"
"Trem2_KO2",1355,1083,"GSM4173508","Trem2_KO2","Trem2_KO",2,"KO","non_5XFAD",0,"9","9","9","Microglia",TRUE,"Trem2_KO2_TTGCCGTAGGCCCGTT-1"
"Trem2_KO2",1341,1024,"GSM4173508","Trem2_KO2","Trem2_KO",2,"KO","non_5XFAD",0.0745712155108128,"9","9","9","Microglia",TRUE,"Trem2_KO2_TTGCCGTTCATAAAGG-1"
"Trem2_KO2",1656,1252,"GSM4173508","Trem2_KO2","Trem2_KO",2,"KO","non_5XFAD",0.120772946859903,"9","9","9","Microglia",TRUE,"Trem2_KO2_TTGCGTCCACCAACCG-1"
"Trem2_KO2",1145,950,"GSM4173508","Trem2_KO2","Trem2_KO",2,"KO","non_5XFAD",0.0873362445414847,"9","9","9","Microglia",TRUE,"Trem2_KO2_TTTACTGGTAACGTTC-1"
"Trem2_KO2",1019,811,"GSM4173508","Trem2_KO2","Trem2_KO",2,"KO","non_5XFAD",0,"9","9","9","Microglia",TRUE,"Trem2_KO2_TTTCCTCAGTCCCACG-1"
"Trem2_KO2",1908,1419,"GSM4173508","Trem2_KO2","Trem2_KO",2,"KO","non_5XFAD",0,"9","9","9","Microglia",TRUE,"Trem2_KO2_TTTGCGCAGAGGTAGA-1"
"Trem2_KO2",1106,863,"GSM4173508","Trem2_KO2","Trem2_KO",2,"KO","non_5XFAD",0.632911392405063,"9","9","9","Microglia",TRUE,"Trem2_KO2_TTTGCGCAGGCCCTTG-1"
"Trem2_KO2",1026,817,"GSM4173508","Trem2_KO2","Trem2_KO",2,"KO","non_5XFAD",0,"9","9","9","Microglia",TRUE,"Trem2_KO2_TTTGGTTAGATGCGAC-1"
"Trem2_KO2",763,644,"GSM4173508","Trem2_KO2","Trem2_KO",2,"KO","non_5XFAD",0.262123197903014,"9","9","9","Microglia",TRUE,"Trem2_KO2_TTTGGTTCACCTGGTG-1"
"Trem2_KO3",595,512,"GSM4173509","Trem2_KO3","Trem2_KO",3,"KO","non_5XFAD",0.672268907563025,"9","9","9","Microglia",TRUE,"Trem2_KO3_AAAGCAAGTCCTAGCG-1"
"Trem2_KO3",1525,1158,"GSM4173509","Trem2_KO3","Trem2_KO",3,"KO","non_5XFAD",0.0655737704918033,"9","9","9","Microglia",TRUE,"Trem2_KO3_AAAGTAGCAATGGAAT-1"
"Trem2_KO3",1235,995,"GSM4173509","Trem2_KO3","Trem2_KO",3,"KO","non_5XFAD",0.242914979757085,"9","9","9","Microglia",TRUE,"Trem2_KO3_AAAGTAGTCGCCAGCA-1"
"Trem2_KO3",1144,923,"GSM4173509","Trem2_KO3","Trem2_KO",3,"KO","non_5XFAD",0.0874125874125874,"9","9","9","Microglia",TRUE,"Trem2_KO3_AACCATGTCTATCCCG-1"
"Trem2_KO3",961,785,"GSM4173509","Trem2_KO3","Trem2_KO",3,"KO","non_5XFAD",0.624349635796046,"9","9","9","Microglia",TRUE,"Trem2_KO3_AACGTTGTCATGCTCC-1"
"Trem2_KO3",1327,1062,"GSM4173509","Trem2_KO3","Trem2_KO",3,"KO","non_5XFAD",0,"9","9","9","Microglia",TRUE,"Trem2_KO3_AACTTTCCATCACAAC-1"
"Trem2_KO3",677,556,"GSM4173509","Trem2_KO3","Trem2_KO",3,"KO","non_5XFAD",0,"9","9","9","Microglia",TRUE,"Trem2_KO3_AAGGAGCCAGCCTTGG-1"
"Trem2_KO3",790,672,"GSM4173509","Trem2_KO3","Trem2_KO",3,"KO","non_5XFAD",0.253164556962025,"9","9","9","Microglia",TRUE,"Trem2_KO3_AAGGCAGGTACATCCA-1"
"Trem2_KO3",1025,856,"GSM4173509","Trem2_KO3","Trem2_KO",3,"KO","non_5XFAD",1.07317073170732,"9","9","9","Microglia",TRUE,"Trem2_KO3_AAGGTTCCATCGATTG-1"
"Trem2_KO3",1271,1023,"GSM4173509","Trem2_KO3","Trem2_KO",3,"KO","non_5XFAD",0,"9","9","9","Microglia",TRUE,"Trem2_KO3_AAGTCTGAGTACGTAA-1"
"Trem2_KO3",1358,1063,"GSM4173509","Trem2_KO3","Trem2_KO",3,"KO","non_5XFAD",0.515463917525773,"9","9","9","Microglia",TRUE,"Trem2_KO3_ACACCAATCTTCCTTC-1"
"Trem2_KO3",1141,920,"GSM4173509","Trem2_KO3","Trem2_KO",3,"KO","non_5XFAD",0,"9","9","9","Microglia",TRUE,"Trem2_KO3_ACACCGGGTCGGCTCA-1"
"Trem2_KO3",1175,961,"GSM4173509","Trem2_KO3","Trem2_KO",3,"KO","non_5XFAD",0,"9","9","9","Microglia",TRUE,"Trem2_KO3_ACACCGGTCTGTGCAA-1"
"Trem2_KO3",997,787,"GSM4173509","Trem2_KO3","Trem2_KO",3,"KO","non_5XFAD",0,"9","9","9","Microglia",TRUE,"Trem2_KO3_ACAGCTACAATGCCAT-1"
"Trem2_KO3",1291,1005,"GSM4173509","Trem2_KO3","Trem2_KO",3,"KO","non_5XFAD",0.387296669248644,"9","9","9","Microglia",TRUE,"Trem2_KO3_ACATCAGCACCTCGTT-1"
"Trem2_KO3",1038,856,"GSM4173509","Trem2_KO3","Trem2_KO",3,"KO","non_5XFAD",0.0963391136801541,"9","9","9","Microglia",TRUE,"Trem2_KO3_ACCAGTATCGTAGATC-1"
"Trem2_KO3",679,584,"GSM4173509","Trem2_KO3","Trem2_KO",3,"KO","non_5XFAD",0.589101620029455,"9","9","9","Microglia",TRUE,"Trem2_KO3_ACCCACTAGACGCTTT-1"
"Trem2_KO3",1001,853,"GSM4173509","Trem2_KO3","Trem2_KO",3,"KO","non_5XFAD",0.0999000999000999,"9","9","9","Microglia",TRUE,"Trem2_KO3_ACCCACTAGTCTTGCA-1"
"Trem2_KO3",1297,1011,"GSM4173509","Trem2_KO3","Trem2_KO",3,"KO","non_5XFAD",0.15420200462606,"9","9","9","Microglia",TRUE,"Trem2_KO3_ACCGTAATCCTATGTT-1"
"Trem2_KO3",1060,838,"GSM4173509","Trem2_KO3","Trem2_KO",3,"KO","non_5XFAD",1.0377358490566,"9","9","9","Microglia",TRUE,"Trem2_KO3_ACGATACGTAGAGGAA-1"
"Trem2_KO3",1024,813,"GSM4173509","Trem2_KO3","Trem2_KO",3,"KO","non_5XFAD",0.1953125,"9","9","9","Microglia",TRUE,"Trem2_KO3_ACGATACGTCACACGC-1"
"Trem2_KO3",1518,1221,"GSM4173509","Trem2_KO3","Trem2_KO",3,"KO","non_5XFAD",0.131752305665349,"9","9","9","Microglia",TRUE,"Trem2_KO3_ACGATGTCAGGAACGT-1"
"Trem2_KO3",1214,963,"GSM4173509","Trem2_KO3","Trem2_KO",3,"KO","non_5XFAD",0.329489291598023,"9","9","9","Microglia",TRUE,"Trem2_KO3_ACGCAGCCATGCAACT-1"
"Trem2_KO3",650,560,"GSM4173509","Trem2_KO3","Trem2_KO",3,"KO","non_5XFAD",0.307692307692308,"9","9","9","Microglia",TRUE,"Trem2_KO3_ACGCAGCGTCGACTGC-1"
"Trem2_KO3",1439,1124,"GSM4173509","Trem2_KO3","Trem2_KO",3,"KO","non_5XFAD",0.555941626129256,"9","9","9","Microglia",TRUE,"Trem2_KO3_ACGGGCTAGGGCTTCC-1"
"Trem2_KO3",1268,998,"GSM4173509","Trem2_KO3","Trem2_KO",3,"KO","non_5XFAD",0.236593059936909,"9","9","9","Microglia",TRUE,"Trem2_KO3_ACGGGTCCACTCAGGC-1"
"Trem2_KO3",944,738,"GSM4173509","Trem2_KO3","Trem2_KO",3,"KO","non_5XFAD",0.105932203389831,"9","9","9","Microglia",TRUE,"Trem2_KO3_ACGGGTCGTACAAGTA-1"
"Trem2_KO3",1037,852,"GSM4173509","Trem2_KO3","Trem2_KO",3,"KO","non_5XFAD",0.0964320154291225,"9","9","9","Microglia",TRUE,"Trem2_KO3_ACGGGTCGTCAAACTC-1"
"Trem2_KO3",1145,934,"GSM4173509","Trem2_KO3","Trem2_KO",3,"KO","non_5XFAD",0.0873362445414847,"9","9","9","Microglia",TRUE,"Trem2_KO3_ACGTCAACAGATTGCT-1"
"Trem2_KO3",1173,945,"GSM4173509","Trem2_KO3","Trem2_KO",3,"KO","non_5XFAD",0.170502983802217,"9","9","9","Microglia",TRUE,"Trem2_KO3_ACTGCTCGTGCGAAAC-1"
"Trem2_KO3",1994,1367,"GSM4173509","Trem2_KO3","Trem2_KO",3,"KO","non_5XFAD",0.902708124373119,"9","9","9","Microglia",TRUE,"Trem2_KO3_ACTTACTCACAGACAG-1"
"Trem2_KO3",1176,936,"GSM4173509","Trem2_KO3","Trem2_KO",3,"KO","non_5XFAD",0.680272108843537,"9","9","9","Microglia",TRUE,"Trem2_KO3_AGAATAGAGACAGAGA-1"
"Trem2_KO3",1146,931,"GSM4173509","Trem2_KO3","Trem2_KO",3,"KO","non_5XFAD",0,"9","9","9","Microglia",TRUE,"Trem2_KO3_AGAGCGACAAGCGAGT-1"
"Trem2_KO3",732,621,"GSM4173509","Trem2_KO3","Trem2_KO",3,"KO","non_5XFAD",0.546448087431694,"9","9","9","Microglia",TRUE,"Trem2_KO3_AGAGCGAGTCAACTGT-1"
"Trem2_KO3",671,523,"GSM4173509","Trem2_KO3","Trem2_KO",3,"KO","non_5XFAD",0.596125186289121,"9","9","9","Microglia",TRUE,"Trem2_KO3_AGAGCGAGTCCGTTAA-1"
"Trem2_KO3",1136,921,"GSM4173509","Trem2_KO3","Trem2_KO",3,"KO","non_5XFAD",0,"9","9","9","Microglia",TRUE,"Trem2_KO3_AGATCTGAGTGGAGTC-1"
"Trem2_KO3",928,789,"GSM4173509","Trem2_KO3","Trem2_KO",3,"KO","non_5XFAD",0.107758620689655,"9","9","9","Microglia",TRUE,"Trem2_KO3_AGATCTGCACCTCGGA-1"
"Trem2_KO3",1028,849,"GSM4173509","Trem2_KO3","Trem2_KO",3,"KO","non_5XFAD",0.0972762645914397,"9","9","9","Microglia",TRUE,"Trem2_KO3_AGATCTGGTAGAGCTG-1"
"Trem2_KO3",1002,830,"GSM4173509","Trem2_KO3","Trem2_KO",3,"KO","non_5XFAD",0.0998003992015968,"9","9","9","Microglia",TRUE,"Trem2_KO3_AGATTGCTCTCAAACG-1"
"Trem2_KO3",1070,878,"GSM4173509","Trem2_KO3","Trem2_KO",3,"KO","non_5XFAD",0.560747663551402,"9","9","9","Microglia",TRUE,"Trem2_KO3_AGCATACTCGTTTGCC-1"
"Trem2_KO3",1289,1006,"GSM4173509","Trem2_KO3","Trem2_KO",3,"KO","non_5XFAD",0.0775795190069822,"9","9","9","Microglia",TRUE,"Trem2_KO3_AGCTCCTAGAAGGCCT-1"
"Trem2_KO3",1265,1026,"GSM4173509","Trem2_KO3","Trem2_KO",3,"KO","non_5XFAD",0.316205533596838,"9","9","9","Microglia",TRUE,"Trem2_KO3_AGCTCCTAGGTTCCTA-1"
"Trem2_KO3",862,729,"GSM4173509","Trem2_KO3","Trem2_KO",3,"KO","non_5XFAD",0.464037122969838,"9","9","9","Microglia",TRUE,"Trem2_KO3_AGCTCCTAGTTAAGTG-1"
"Trem2_KO3",942,750,"GSM4173509","Trem2_KO3","Trem2_KO",3,"KO","non_5XFAD",0,"9","9","9","Microglia",TRUE,"Trem2_KO3_AGCTCTCAGACTCGGA-1"
"Trem2_KO3",1472,1123,"GSM4173509","Trem2_KO3","Trem2_KO",3,"KO","non_5XFAD",0.0679347826086956,"9","9","9","Microglia",TRUE,"Trem2_KO3_AGCTTGACAGTCAGAG-1"
"Trem2_KO3",1202,962,"GSM4173509","Trem2_KO3","Trem2_KO",3,"KO","non_5XFAD",0,"9","9","9","Microglia",TRUE,"Trem2_KO3_AGGGAGTCAAGGTGTG-1"
"Trem2_KO3",1152,916,"GSM4173509","Trem2_KO3","Trem2_KO",3,"KO","non_5XFAD",0.0868055555555556,"9","9","9","Microglia",TRUE,"Trem2_KO3_AGTAGTCGTTGCGCAC-1"
"Trem2_KO3",968,814,"GSM4173509","Trem2_KO3","Trem2_KO",3,"KO","non_5XFAD",0,"9","9","9","Microglia",TRUE,"Trem2_KO3_AGTGAGGAGAGTAATC-1"
"Trem2_KO3",881,730,"GSM4173509","Trem2_KO3","Trem2_KO",3,"KO","non_5XFAD",0.227014755959137,"9","9","9","Microglia",TRUE,"Trem2_KO3_AGTGAGGCAAAGGCGT-1"
"Trem2_KO3",993,833,"GSM4173509","Trem2_KO3","Trem2_KO",3,"KO","non_5XFAD",0.40281973816717,"9","9","9","Microglia",TRUE,"Trem2_KO3_AGTGGGATCTTACCGC-1"
"Trem2_KO3",672,548,"GSM4173509","Trem2_KO3","Trem2_KO",3,"KO","non_5XFAD",0,"9","9","9","Microglia",TRUE,"Trem2_KO3_AGTTGGTCACCGATAT-1"
"Trem2_KO3",1415,1075,"GSM4173509","Trem2_KO3","Trem2_KO",3,"KO","non_5XFAD",0.0706713780918728,"9","9","9","Microglia",TRUE,"Trem2_KO3_ATCATCTCAGCCTATA-1"
"Trem2_KO3",1221,959,"GSM4173509","Trem2_KO3","Trem2_KO",3,"KO","non_5XFAD",0.0819000819000819,"9","9","9","Microglia",TRUE,"Trem2_KO3_ATCCACCAGATATGGT-1"
"Trem2_KO3",1284,1012,"GSM4173509","Trem2_KO3","Trem2_KO",3,"KO","non_5XFAD",0.155763239875389,"9","9","9","Microglia",TRUE,"Trem2_KO3_ATCCACCAGCAGGTCA-1"
"Trem2_KO3",885,729,"GSM4173509","Trem2_KO3","Trem2_KO",3,"KO","non_5XFAD",1.24293785310734,"9","9","9","Microglia",TRUE,"Trem2_KO3_ATCGAGTGTCAAGCGA-1"
"Trem2_KO3",1463,1072,"GSM4173509","Trem2_KO3","Trem2_KO",3,"KO","non_5XFAD",0.410116199589884,"9","9","9","Microglia",TRUE,"Trem2_KO3_ATCTACTGTTATTCTC-1"
"Trem2_KO3",939,746,"GSM4173509","Trem2_KO3","Trem2_KO",3,"KO","non_5XFAD",0,"9","9","9","Microglia",TRUE,"Trem2_KO3_ATGAGGGTCGCGATCG-1"
"Trem2_KO3",1238,985,"GSM4173509","Trem2_KO3","Trem2_KO",3,"KO","non_5XFAD",0.161550888529887,"9","9","9","Microglia",TRUE,"Trem2_KO3_ATGTGTGGTAAGGGCT-1"
"Trem2_KO3",601,508,"GSM4173509","Trem2_KO3","Trem2_KO",3,"KO","non_5XFAD",0.166389351081531,"9","9","9","Microglia",TRUE,"Trem2_KO3_ATTCTACCATCTATGG-1"
"Trem2_KO3",1097,858,"GSM4173509","Trem2_KO3","Trem2_KO",3,"KO","non_5XFAD",0,"9","9","9","Microglia",TRUE,"Trem2_KO3_CAAGGCCTCCAAGCCG-1"
"Trem2_KO3",768,658,"GSM4173509","Trem2_KO3","Trem2_KO",3,"KO","non_5XFAD",0,"9","9","9","Microglia",TRUE,"Trem2_KO3_CAAGTTGAGAAGGGTA-1"
"Trem2_KO3",1619,1208,"GSM4173509","Trem2_KO3","Trem2_KO",3,"KO","non_5XFAD",0.123533045089561,"9","9","9","Microglia",TRUE,"Trem2_KO3_CACACCTTCGAATGGG-1"
"Trem2_KO3",1110,902,"GSM4173509","Trem2_KO3","Trem2_KO",3,"KO","non_5XFAD",0.540540540540541,"9","9","9","Microglia",TRUE,"Trem2_KO3_CACACCTTCTGGTTCC-1"
"Trem2_KO3",520,430,"GSM4173509","Trem2_KO3","Trem2_KO",3,"KO","non_5XFAD",2.88461538461538,"9","9","9","Microglia",TRUE,"Trem2_KO3_CACATTTCACGGTAAG-1"
"Trem2_KO3",1611,1209,"GSM4173509","Trem2_KO3","Trem2_KO",3,"KO","non_5XFAD",0,"9","9","9","Microglia",TRUE,"Trem2_KO3_CACCACTAGATATACG-1"
"Trem2_KO3",942,767,"GSM4173509","Trem2_KO3","Trem2_KO",3,"KO","non_5XFAD",0.106157112526539,"9","9","9","Microglia",TRUE,"Trem2_KO3_CACCAGGAGCGTTCCG-1"
"Trem2_KO3",1078,838,"GSM4173509","Trem2_KO3","Trem2_KO",3,"KO","non_5XFAD",0.185528756957328,"9","9","9","Microglia",TRUE,"Trem2_KO3_CACCAGGCAAACGTGG-1"
"Trem2_KO3",1510,1205,"GSM4173509","Trem2_KO3","Trem2_KO",3,"KO","non_5XFAD",0.264900662251656,"9","9","9","Microglia",TRUE,"Trem2_KO3_CACTCCACATGGTCAT-1"
"Trem2_KO3",1092,907,"GSM4173509","Trem2_KO3","Trem2_KO",3,"KO","non_5XFAD",0,"9","9","9","Microglia",TRUE,"Trem2_KO3_CAGATCATCTTTAGGG-1"
"Trem2_KO3",752,626,"GSM4173509","Trem2_KO3","Trem2_KO",3,"KO","non_5XFAD",0.531914893617021,"9","9","9","Microglia",TRUE,"Trem2_KO3_CAGCAGCCAAGACGTG-1"
"Trem2_KO3",1275,991,"GSM4173509","Trem2_KO3","Trem2_KO",3,"KO","non_5XFAD",0.549019607843137,"9","9","9","Microglia",TRUE,"Trem2_KO3_CAGCAGCCACCCAGTG-1"
"Trem2_KO3",757,639,"GSM4173509","Trem2_KO3","Trem2_KO",3,"KO","non_5XFAD",0,"9","9","9","Microglia",TRUE,"Trem2_KO3_CAGCCGACATGGAATA-1"
"Trem2_KO3",1017,838,"GSM4173509","Trem2_KO3","Trem2_KO",3,"KO","non_5XFAD",0.196656833824975,"9","9","9","Microglia",TRUE,"Trem2_KO3_CAGCGACGTCTAAACC-1"
"Trem2_KO3",1171,955,"GSM4173509","Trem2_KO3","Trem2_KO",3,"KO","non_5XFAD",0.170794192997438,"9","9","9","Microglia",TRUE,"Trem2_KO3_CAGCGACTCAGCAACT-1"
"Trem2_KO3",955,794,"GSM4173509","Trem2_KO3","Trem2_KO",3,"KO","non_5XFAD",0.209424083769634,"9","9","9","Microglia",TRUE,"Trem2_KO3_CAGGTGCTCTGAGGGA-1"
"Trem2_KO3",867,731,"GSM4173509","Trem2_KO3","Trem2_KO",3,"KO","non_5XFAD",0,"9","9","9","Microglia",TRUE,"Trem2_KO3_CAGTAACGTGAGGGAG-1"
"Trem2_KO3",1843,1382,"GSM4173509","Trem2_KO3","Trem2_KO",3,"KO","non_5XFAD",0.21703743895822,"9","9","9","Microglia",TRUE,"Trem2_KO3_CAGTCCTGTCCCTACT-1"
"Trem2_KO3",1174,952,"GSM4173509","Trem2_KO3","Trem2_KO",3,"KO","non_5XFAD",0.0851788756388416,"9","9","9","Microglia",TRUE,"Trem2_KO3_CATCCACGTTCGGCAC-1"
"Trem2_KO3",1114,891,"GSM4173509","Trem2_KO3","Trem2_KO",3,"KO","non_5XFAD",0.0897666068222621,"9","9","9","Microglia",TRUE,"Trem2_KO3_CATGACATCGCTTAGA-1"
"Trem2_KO3",1089,898,"GSM4173509","Trem2_KO3","Trem2_KO",3,"KO","non_5XFAD",0.183654729109275,"9","9","9","Microglia",TRUE,"Trem2_KO3_CATGACATCTCAAGTG-1"
"Trem2_KO3",1257,988,"GSM4173509","Trem2_KO3","Trem2_KO",3,"KO","non_5XFAD",0.318217979315831,"9","9","9","Microglia",TRUE,"Trem2_KO3_CATGCCTGTTATGCGT-1"
"Trem2_KO3",1305,992,"GSM4173509","Trem2_KO3","Trem2_KO",3,"KO","non_5XFAD",0,"9","9","9","Microglia",TRUE,"Trem2_KO3_CCACCTATCATCATTC-1"
"Trem2_KO3",978,813,"GSM4173509","Trem2_KO3","Trem2_KO",3,"KO","non_5XFAD",0,"9","9","9","Microglia",TRUE,"Trem2_KO3_CCACTACCACAGACAG-1"
"Trem2_KO3",535,414,"GSM4173509","Trem2_KO3","Trem2_KO",3,"KO","non_5XFAD",0.186915887850467,"9","9","9","Microglia",TRUE,"Trem2_KO3_CCATGTCAGAAGGACA-1"
"Trem2_KO3",1250,950,"GSM4173509","Trem2_KO3","Trem2_KO",3,"KO","non_5XFAD",0.16,"9","9","9","Microglia",TRUE,"Trem2_KO3_CCATTCGTCAGTGCAT-1"
"Trem2_KO3",1110,846,"GSM4173509","Trem2_KO3","Trem2_KO",3,"KO","non_5XFAD",0,"9","9","9","Microglia",TRUE,"Trem2_KO3_CCGGGATTCGTAGGAG-1"
"Trem2_KO3",782,656,"GSM4173509","Trem2_KO3","Trem2_KO",3,"KO","non_5XFAD",0.767263427109974,"9","9","9","Microglia",TRUE,"Trem2_KO3_CCTATTATCCGTCAAA-1"
"Trem2_KO3",867,711,"GSM4173509","Trem2_KO3","Trem2_KO",3,"KO","non_5XFAD",0.115340253748558,"9","9","9","Microglia",TRUE,"Trem2_KO3_CCTTCCCAGGATGGTC-1"
"Trem2_KO3",531,455,"GSM4173509","Trem2_KO3","Trem2_KO",3,"KO","non_5XFAD",0.564971751412429,"9","9","9","Microglia",TRUE,"Trem2_KO3_CCTTCCCAGTAGGCCA-1"
"Trem2_KO3",1278,1001,"GSM4173509","Trem2_KO3","Trem2_KO",3,"KO","non_5XFAD",0,"9","9","9","Microglia",TRUE,"Trem2_KO3_CCTTCCCTCGAACTGT-1"
"Trem2_KO3",909,765,"GSM4173509","Trem2_KO3","Trem2_KO",3,"KO","non_5XFAD",0.11001100110011,"9","9","9","Microglia",TRUE,"Trem2_KO3_CGAGAAGAGAGGTACC-1"
"Trem2_KO3",976,790,"GSM4173509","Trem2_KO3","Trem2_KO",3,"KO","non_5XFAD",0,"9","9","9","Microglia",TRUE,"Trem2_KO3_CGAGAAGAGGTGACCA-1"
"Trem2_KO3",927,778,"GSM4173509","Trem2_KO3","Trem2_KO",3,"KO","non_5XFAD",0.107874865156419,"9","9","9","Microglia",TRUE,"Trem2_KO3_CGAGAAGTCGCTAGCG-1"
"Trem2_KO3",1143,938,"GSM4173509","Trem2_KO3","Trem2_KO",3,"KO","non_5XFAD",0,"9","9","9","Microglia",TRUE,"Trem2_KO3_CGAGCCATCACATACG-1"
"Trem2_KO3",1049,831,"GSM4173509","Trem2_KO3","Trem2_KO",3,"KO","non_5XFAD",0.381315538608198,"9","9","9","Microglia",TRUE,"Trem2_KO3_CGATTGATCTTCAACT-1"
"Trem2_KO3",734,598,"GSM4173509","Trem2_KO3","Trem2_KO",3,"KO","non_5XFAD",0,"9","9","9","Microglia",TRUE,"Trem2_KO3_CGCGGTACATCTCCCA-1"
"Trem2_KO3",1053,871,"GSM4173509","Trem2_KO3","Trem2_KO",3,"KO","non_5XFAD",0.949667616334283,"9","9","9","Microglia",TRUE,"Trem2_KO3_CGCTGGAAGCCAGGAT-1"
"Trem2_KO3",1408,1136,"GSM4173509","Trem2_KO3","Trem2_KO",3,"KO","non_5XFAD",0.142045454545455,"9","9","9","Microglia",TRUE,"Trem2_KO3_CGGCTAGTCTAACTCT-1"
"Trem2_KO3",1408,1061,"GSM4173509","Trem2_KO3","Trem2_KO",3,"KO","non_5XFAD",0.284090909090909,"9","9","9","Microglia",TRUE,"Trem2_KO3_CGGTTAAAGTTACGGG-1"
"Trem2_KO3",1210,990,"GSM4173509","Trem2_KO3","Trem2_KO",3,"KO","non_5XFAD",0,"9","9","9","Microglia",TRUE,"Trem2_KO3_CGGTTAATCAACGCTA-1"
"Trem2_KO3",1416,1106,"GSM4173509","Trem2_KO3","Trem2_KO",3,"KO","non_5XFAD",0.141242937853107,"9","9","9","Microglia",TRUE,"Trem2_KO3_CGTCACTAGAGCTTCT-1"
"Trem2_KO3",1070,877,"GSM4173509","Trem2_KO3","Trem2_KO",3,"KO","non_5XFAD",0.373831775700935,"9","9","9","Microglia",TRUE,"Trem2_KO3_CGTGAGCCATACGCCG-1"
"Trem2_KO3",798,672,"GSM4173509","Trem2_KO3","Trem2_KO",3,"KO","non_5XFAD",0.12531328320802,"9","9","9","Microglia",TRUE,"Trem2_KO3_CGTGTAACAAGCCCAC-1"
"Trem2_KO3",1623,1176,"GSM4173509","Trem2_KO3","Trem2_KO",3,"KO","non_5XFAD",0.800985828712261,"9","9","9","Microglia",TRUE,"Trem2_KO3_CGTTCTGGTACCAGTT-1"
"Trem2_KO3",1591,1200,"GSM4173509","Trem2_KO3","Trem2_KO",3,"KO","non_5XFAD",0,"9","9","9","Microglia",TRUE,"Trem2_KO3_CTACACCGTCGTTGTA-1"
"Trem2_KO3",1159,936,"GSM4173509","Trem2_KO3","Trem2_KO",3,"KO","non_5XFAD",0.431406384814495,"9","9","9","Microglia",TRUE,"Trem2_KO3_CTACATTAGCGTCTAT-1"
"Trem2_KO3",1511,1169,"GSM4173509","Trem2_KO3","Trem2_KO",3,"KO","non_5XFAD",0.198544010589014,"9","9","9","Microglia",TRUE,"Trem2_KO3_CTACGTCCAAGAGGCT-1"
"Trem2_KO3",1564,1242,"GSM4173509","Trem2_KO3","Trem2_KO",3,"KO","non_5XFAD",0.255754475703325,"9","9","9","Microglia",TRUE,"Trem2_KO3_CTACGTCGTCTCTTAT-1"
"Trem2_KO3",704,604,"GSM4173509","Trem2_KO3","Trem2_KO",3,"KO","non_5XFAD",0.284090909090909,"9","9","9","Microglia",TRUE,"Trem2_KO3_CTAGAGTGTGATGCCC-1"
"Trem2_KO3",1447,1115,"GSM4173509","Trem2_KO3","Trem2_KO",3,"KO","non_5XFAD",0.138217000691085,"9","9","9","Microglia",TRUE,"Trem2_KO3_CTAGCCTGTTCCACAA-1"
"Trem2_KO3",895,734,"GSM4173509","Trem2_KO3","Trem2_KO",3,"KO","non_5XFAD",0.111731843575419,"9","9","9","Microglia",TRUE,"Trem2_KO3_CTCGAAATCCCTAACC-1"
"Trem2_KO3",990,804,"GSM4173509","Trem2_KO3","Trem2_KO",3,"KO","non_5XFAD",0.303030303030303,"9","9","9","Microglia",TRUE,"Trem2_KO3_CTCGAGGAGTGTGGCA-1"
"Trem2_KO3",990,802,"GSM4173509","Trem2_KO3","Trem2_KO",3,"KO","non_5XFAD",0.303030303030303,"9","9","9","Microglia",TRUE,"Trem2_KO3_CTCGGAGGTCTCAACA-1"
"Trem2_KO3",1233,963,"GSM4173509","Trem2_KO3","Trem2_KO",3,"KO","non_5XFAD",0.40551500405515,"9","9","9","Microglia",TRUE,"Trem2_KO3_CTCGGGACATCCTTGC-1"
"Trem2_KO3",770,654,"GSM4173509","Trem2_KO3","Trem2_KO",3,"KO","non_5XFAD",0.12987012987013,"9","9","9","Microglia",TRUE,"Trem2_KO3_CTCGTACCACAGAGGT-1"
"Trem2_KO3",1432,1099,"GSM4173509","Trem2_KO3","Trem2_KO",3,"KO","non_5XFAD",1.18715083798883,"9","9","9","Microglia",TRUE,"Trem2_KO3_CTCGTACCAGGCGATA-1"
"Trem2_KO3",1244,973,"GSM4173509","Trem2_KO3","Trem2_KO",3,"KO","non_5XFAD",0.0803858520900322,"9","9","9","Microglia",TRUE,"Trem2_KO3_CTCGTACGTTAAGATG-1"
"Trem2_KO3",992,802,"GSM4173509","Trem2_KO3","Trem2_KO",3,"KO","non_5XFAD",0,"9","9","9","Microglia",TRUE,"Trem2_KO3_CTCGTACTCTCGGACG-1"
"Trem2_KO3",1312,1058,"GSM4173509","Trem2_KO3","Trem2_KO",3,"KO","non_5XFAD",0.38109756097561,"9","9","9","Microglia",TRUE,"Trem2_KO3_CTCTAATTCTGGTGTA-1"
"Trem2_KO3",1164,919,"GSM4173509","Trem2_KO3","Trem2_KO",3,"KO","non_5XFAD",0.0859106529209622,"9","9","9","Microglia",TRUE,"Trem2_KO3_CTCTGGTAGATAGTCA-1"
"Trem2_KO3",1227,967,"GSM4173509","Trem2_KO3","Trem2_KO",3,"KO","non_5XFAD",0,"9","9","9","Microglia",TRUE,"Trem2_KO3_CTGAAGTGTTCACGGC-1"
"Trem2_KO3",1138,933,"GSM4173509","Trem2_KO3","Trem2_KO",3,"KO","non_5XFAD",0,"9","9","9","Microglia",TRUE,"Trem2_KO3_CTGATCCTCACCACCT-1"
"Trem2_KO3",1503,1175,"GSM4173509","Trem2_KO3","Trem2_KO",3,"KO","non_5XFAD",0.0665335994677312,"9","9","9","Microglia",TRUE,"Trem2_KO3_CTGGTCTTCGAACGGA-1"
"Trem2_KO3",911,756,"GSM4173509","Trem2_KO3","Trem2_KO",3,"KO","non_5XFAD",0.109769484083425,"9","9","9","Microglia",TRUE,"Trem2_KO3_CTGTGCTCAATGCCAT-1"
"Trem2_KO3",1983,1458,"GSM4173509","Trem2_KO3","Trem2_KO",3,"KO","non_5XFAD",0.100857286938981,"9","9","9","Microglia",TRUE,"Trem2_KO3_CTTCTCTCAAACAACA-1"
"Trem2_KO3",842,688,"GSM4173509","Trem2_KO3","Trem2_KO",3,"KO","non_5XFAD",0.118764845605701,"9","9","9","Microglia",TRUE,"Trem2_KO3_CTTGGCTAGGTCGGAT-1"
"Trem2_KO3",1115,890,"GSM4173509","Trem2_KO3","Trem2_KO",3,"KO","non_5XFAD",0.62780269058296,"9","9","9","Microglia",TRUE,"Trem2_KO3_GAAACTCAGCGTGTCC-1"
"Trem2_KO3",707,610,"GSM4173509","Trem2_KO3","Trem2_KO",3,"KO","non_5XFAD",0,"9","9","9","Microglia",TRUE,"Trem2_KO3_GAACATCTCGGTTCGG-1"
"Trem2_KO3",1112,911,"GSM4173509","Trem2_KO3","Trem2_KO",3,"KO","non_5XFAD",0,"9","9","9","Microglia",TRUE,"Trem2_KO3_GAACCTAAGCCGCCTA-1"
"Trem2_KO3",965,766,"GSM4173509","Trem2_KO3","Trem2_KO",3,"KO","non_5XFAD",0.103626943005181,"9","9","9","Microglia",TRUE,"Trem2_KO3_GAACCTATCAACCATG-1"
"Trem2_KO3",910,731,"GSM4173509","Trem2_KO3","Trem2_KO",3,"KO","non_5XFAD",0.32967032967033,"9","9","9","Microglia",TRUE,"Trem2_KO3_GAAGCAGGTTCTGGTA-1"
"Trem2_KO3",1118,910,"GSM4173509","Trem2_KO3","Trem2_KO",3,"KO","non_5XFAD",0.268336314847943,"9","9","9","Microglia",TRUE,"Trem2_KO3_GACACGCCATGAGCGA-1"
"Trem2_KO3",1123,927,"GSM4173509","Trem2_KO3","Trem2_KO",3,"KO","non_5XFAD",0.890471950133571,"9","9","9","Microglia",TRUE,"Trem2_KO3_GACAGAGGTTAAAGTG-1"
"Trem2_KO3",982,814,"GSM4173509","Trem2_KO3","Trem2_KO",3,"KO","non_5XFAD",0,"9","9","9","Microglia",TRUE,"Trem2_KO3_GACGCGTTCTCCGGTT-1"
"Trem2_KO3",1000,823,"GSM4173509","Trem2_KO3","Trem2_KO",3,"KO","non_5XFAD",0,"9","9","9","Microglia",TRUE,"Trem2_KO3_GACGCGTTCTTTACAC-1"
"Trem2_KO3",1323,1042,"GSM4173509","Trem2_KO3","Trem2_KO",3,"KO","non_5XFAD",0,"9","9","9","Microglia",TRUE,"Trem2_KO3_GACGGCTCATACCATG-1"
"Trem2_KO3",1098,887,"GSM4173509","Trem2_KO3","Trem2_KO",3,"KO","non_5XFAD",0.182149362477231,"9","9","9","Microglia",TRUE,"Trem2_KO3_GACGTGCGTGTTGGGA-1"
"Trem2_KO3",1108,907,"GSM4173509","Trem2_KO3","Trem2_KO",3,"KO","non_5XFAD",0.541516245487365,"9","9","9","Microglia",TRUE,"Trem2_KO3_GACGTGCTCCATGAGT-1"
"Trem2_KO3",1239,997,"GSM4173509","Trem2_KO3","Trem2_KO",3,"KO","non_5XFAD",0.0807102502017756,"9","9","9","Microglia",TRUE,"Trem2_KO3_GACGTTAGTCAGTGGA-1"
"Trem2_KO3",1190,946,"GSM4173509","Trem2_KO3","Trem2_KO",3,"KO","non_5XFAD",0,"9","9","9","Microglia",TRUE,"Trem2_KO3_GACGTTAGTTGACGTT-1"
"Trem2_KO3",1307,1033,"GSM4173509","Trem2_KO3","Trem2_KO",3,"KO","non_5XFAD",0.0765110941086457,"9","9","9","Microglia",TRUE,"Trem2_KO3_GACTACATCTCACATT-1"
"Trem2_KO3",958,797,"GSM4173509","Trem2_KO3","Trem2_KO",3,"KO","non_5XFAD",0.208768267223382,"9","9","9","Microglia",TRUE,"Trem2_KO3_GACTGCGAGGAATCGC-1"
"Trem2_KO3",1384,1101,"GSM4173509","Trem2_KO3","Trem2_KO",3,"KO","non_5XFAD",0.65028901734104,"9","9","9","Microglia",TRUE,"Trem2_KO3_GAGGTGAGTCTGCGGT-1"
"Trem2_KO3",853,712,"GSM4173509","Trem2_KO3","Trem2_KO",3,"KO","non_5XFAD",0.468933177022274,"9","9","9","Microglia",TRUE,"Trem2_KO3_GATCAGTAGATCCCGC-1"
"Trem2_KO3",756,622,"GSM4173509","Trem2_KO3","Trem2_KO",3,"KO","non_5XFAD",0,"9","9","9","Microglia",TRUE,"Trem2_KO3_GATCGCGAGTGGTCCC-1"
"Trem2_KO3",1556,1245,"GSM4173509","Trem2_KO3","Trem2_KO",3,"KO","non_5XFAD",0,"9","9","9","Microglia",TRUE,"Trem2_KO3_GATCGTAGTAGCTTGT-1"
"Trem2_KO3",1054,822,"GSM4173509","Trem2_KO3","Trem2_KO",3,"KO","non_5XFAD",0.759013282732448,"9","9","9","Microglia",TRUE,"Trem2_KO3_GCACTCTCAAACCCAT-1"
"Trem2_KO3",878,714,"GSM4173509","Trem2_KO3","Trem2_KO",3,"KO","non_5XFAD",0,"9","9","9","Microglia",TRUE,"Trem2_KO3_GCAGTTACAGGGTATG-1"
"Trem2_KO3",953,803,"GSM4173509","Trem2_KO3","Trem2_KO",3,"KO","non_5XFAD",0.209863588667366,"9","9","9","Microglia",TRUE,"Trem2_KO3_GCAGTTACATCGATGT-1"
"Trem2_KO3",1363,1097,"GSM4173509","Trem2_KO3","Trem2_KO",3,"KO","non_5XFAD",0.0733675715333822,"9","9","9","Microglia",TRUE,"Trem2_KO3_GCATGATCAGTTCATG-1"
"Trem2_KO3",1323,1036,"GSM4173509","Trem2_KO3","Trem2_KO",3,"KO","non_5XFAD",0.0755857898715042,"9","9","9","Microglia",TRUE,"Trem2_KO3_GCATGCGGTCCCGACA-1"
"Trem2_KO3",1196,948,"GSM4173509","Trem2_KO3","Trem2_KO",3,"KO","non_5XFAD",0,"9","9","9","Microglia",TRUE,"Trem2_KO3_GCATGCGTCATCTGTT-1"
"Trem2_KO3",1106,830,"GSM4173509","Trem2_KO3","Trem2_KO",3,"KO","non_5XFAD",0.81374321880651,"9","9","9","Microglia",TRUE,"Trem2_KO3_GCCTCTAAGTCAAGGC-1"
"Trem2_KO3",1301,1020,"GSM4173509","Trem2_KO3","Trem2_KO",3,"KO","non_5XFAD",0.0768639508070715,"9","9","9","Microglia",TRUE,"Trem2_KO3_GCCTCTAGTCAACATC-1"
"Trem2_KO3",1009,804,"GSM4173509","Trem2_KO3","Trem2_KO",3,"KO","non_5XFAD",0.198216055500496,"9","9","9","Microglia",TRUE,"Trem2_KO3_GCGACCAAGGCCCTTG-1"
"Trem2_KO3",1155,916,"GSM4173509","Trem2_KO3","Trem2_KO",3,"KO","non_5XFAD",0.173160173160173,"9","9","9","Microglia",TRUE,"Trem2_KO3_GCGCAACGTACCGCTG-1"
"Trem2_KO3",1092,882,"GSM4173509","Trem2_KO3","Trem2_KO",3,"KO","non_5XFAD",0.0915750915750916,"9","9","9","Microglia",TRUE,"Trem2_KO3_GCGCCAATCGGACAAG-1"
"Trem2_KO3",1363,1024,"GSM4173509","Trem2_KO3","Trem2_KO",3,"KO","non_5XFAD",0.146735143066764,"9","9","9","Microglia",TRUE,"Trem2_KO3_GCGCGATAGCGCCTCA-1"
"Trem2_KO3",1211,978,"GSM4173509","Trem2_KO3","Trem2_KO",3,"KO","non_5XFAD",0.412881915772089,"9","9","9","Microglia",TRUE,"Trem2_KO3_GCTCCTAAGCACCGCT-1"
"Trem2_KO3",808,672,"GSM4173509","Trem2_KO3","Trem2_KO",3,"KO","non_5XFAD",0.247524752475248,"9","9","9","Microglia",TRUE,"Trem2_KO3_GCTCCTAAGGGTTCCC-1"
"Trem2_KO3",957,785,"GSM4173509","Trem2_KO3","Trem2_KO",3,"KO","non_5XFAD",0.104493207941484,"9","9","9","Microglia",TRUE,"Trem2_KO3_GCTCTGTTCTTCAACT-1"
"Trem2_KO3",1383,1129,"GSM4173509","Trem2_KO3","Trem2_KO",3,"KO","non_5XFAD",0.144613159797542,"9","9","9","Microglia",TRUE,"Trem2_KO3_GCTGCAGAGAATGTTG-1"
"Trem2_KO3",1273,948,"GSM4173509","Trem2_KO3","Trem2_KO",3,"KO","non_5XFAD",0.0785545954438335,"9","9","9","Microglia",TRUE,"Trem2_KO3_GCTGCGAAGGTGCTTT-1"
"Trem2_KO3",1181,947,"GSM4173509","Trem2_KO3","Trem2_KO",3,"KO","non_5XFAD",0.169348010160881,"9","9","9","Microglia",TRUE,"Trem2_KO3_GCTGCGACACGCGAAA-1"
"Trem2_KO3",1261,1002,"GSM4173509","Trem2_KO3","Trem2_KO",3,"KO","non_5XFAD",0.0793021411578113,"9","9","9","Microglia",TRUE,"Trem2_KO3_GCTGCTTGTAAGAGGA-1"
"Trem2_KO3",1450,1154,"GSM4173509","Trem2_KO3","Trem2_KO",3,"KO","non_5XFAD",0.275862068965517,"9","9","9","Microglia",TRUE,"Trem2_KO3_GCTTGAAAGTGGTAAT-1"
"Trem2_KO3",1456,1083,"GSM4173509","Trem2_KO3","Trem2_KO",3,"KO","non_5XFAD",0.206043956043956,"9","9","9","Microglia",TRUE,"Trem2_KO3_GCTTGAAGTAAATACG-1"
"Trem2_KO3",1512,1150,"GSM4173509","Trem2_KO3","Trem2_KO",3,"KO","non_5XFAD",0.132275132275132,"9","9","9","Microglia",TRUE,"Trem2_KO3_GGAACTTTCAGTTAGC-1"
"Trem2_KO3",1313,1039,"GSM4173509","Trem2_KO3","Trem2_KO",3,"KO","non_5XFAD",0.228484386900228,"9","9","9","Microglia",TRUE,"Trem2_KO3_GGAATAAAGCTCTCGG-1"
"Trem2_KO3",959,783,"GSM4173509","Trem2_KO3","Trem2_KO",3,"KO","non_5XFAD",0.521376433785193,"9","9","9","Microglia",TRUE,"Trem2_KO3_GGACGTCTCCTTGGTC-1"
"Trem2_KO3",1052,836,"GSM4173509","Trem2_KO3","Trem2_KO",3,"KO","non_5XFAD",0,"9","9","9","Microglia",TRUE,"Trem2_KO3_GGATTACAGCCATCGC-1"
"Trem2_KO3",1120,901,"GSM4173509","Trem2_KO3","Trem2_KO",3,"KO","non_5XFAD",0.267857142857143,"9","9","9","Microglia",TRUE,"Trem2_KO3_GGCCGATGTTACCAGT-1"
"Trem2_KO3",1187,959,"GSM4173509","Trem2_KO3","Trem2_KO",3,"KO","non_5XFAD",0.16849199663016,"9","9","9","Microglia",TRUE,"Trem2_KO3_GGCGTGTGTGAGTATA-1"
"Trem2_KO3",610,538,"GSM4173509","Trem2_KO3","Trem2_KO",3,"KO","non_5XFAD",0.655737704918033,"9","9","9","Microglia",TRUE,"Trem2_KO3_GGCGTGTTCTACTATC-1"
"Trem2_KO3",1066,826,"GSM4173509","Trem2_KO3","Trem2_KO",3,"KO","non_5XFAD",0.187617260787992,"9","9","9","Microglia",TRUE,"Trem2_KO3_GTAACTGTCCCAAGAT-1"
"Trem2_KO3",1518,1212,"GSM4173509","Trem2_KO3","Trem2_KO",3,"KO","non_5XFAD",0.0658761528326746,"9","9","9","Microglia",TRUE,"Trem2_KO3_GTATCTTTCGTAGATC-1"
"Trem2_KO3",1067,873,"GSM4173509","Trem2_KO3","Trem2_KO",3,"KO","non_5XFAD",0.0937207122774133,"9","9","9","Microglia",TRUE,"Trem2_KO3_GTCACGGGTCAGAATA-1"
"Trem2_KO3",930,761,"GSM4173509","Trem2_KO3","Trem2_KO",3,"KO","non_5XFAD",0.21505376344086,"9","9","9","Microglia",TRUE,"Trem2_KO3_GTCATTTAGATCCCGC-1"
"Trem2_KO3",1166,965,"GSM4173509","Trem2_KO3","Trem2_KO",3,"KO","non_5XFAD",0,"9","9","9","Microglia",TRUE,"Trem2_KO3_GTCATTTTCATGTAGC-1"
"Trem2_KO3",2172,1555,"GSM4173509","Trem2_KO3","Trem2_KO",3,"KO","non_5XFAD",0.138121546961326,"9","9","9","Microglia",TRUE,"Trem2_KO3_GTCATTTTCGTCCAGG-1"
"Trem2_KO3",962,776,"GSM4173509","Trem2_KO3","Trem2_KO",3,"KO","non_5XFAD",0.415800415800416,"9","9","9","Microglia",TRUE,"Trem2_KO3_GTCCTCACACAGGCCT-1"
"Trem2_KO3",1114,898,"GSM4173509","Trem2_KO3","Trem2_KO",3,"KO","non_5XFAD",0.179533213644524,"9","9","9","Microglia",TRUE,"Trem2_KO3_GTCCTCACAGGTCGTC-1"
"Trem2_KO3",901,732,"GSM4173509","Trem2_KO3","Trem2_KO",3,"KO","non_5XFAD",0,"9","9","9","Microglia",TRUE,"Trem2_KO3_GTCCTCATCAGTCCCT-1"
"Trem2_KO3",1576,1180,"GSM4173509","Trem2_KO3","Trem2_KO",3,"KO","non_5XFAD",0.697969543147208,"9","9","9","Microglia",TRUE,"Trem2_KO3_GTCCTCATCGAACTGT-1"
"Trem2_KO3",789,665,"GSM4173509","Trem2_KO3","Trem2_KO",3,"KO","non_5XFAD",0.887198986058302,"9","9","9","Microglia",TRUE,"Trem2_KO3_GTGCATAGTTACGGAG-1"
"Trem2_KO3",898,705,"GSM4173509","Trem2_KO3","Trem2_KO",3,"KO","non_5XFAD",0.89086859688196,"9","9","9","Microglia",TRUE,"Trem2_KO3_GTGCGGTGTGGTACAG-1"
"Trem2_KO3",1022,846,"GSM4173509","Trem2_KO3","Trem2_KO",3,"KO","non_5XFAD",0.195694716242661,"9","9","9","Microglia",TRUE,"Trem2_KO3_GTGCTTCCATCGATGT-1"
"Trem2_KO3",1722,1322,"GSM4173509","Trem2_KO3","Trem2_KO",3,"KO","non_5XFAD",0.0580720092915215,"9","9","9","Microglia",TRUE,"Trem2_KO3_GTGCTTCGTAAGGATT-1"
"Trem2_KO3",1086,893,"GSM4173509","Trem2_KO3","Trem2_KO",3,"KO","non_5XFAD",0.184162062615101,"9","9","9","Microglia",TRUE,"Trem2_KO3_GTGTGCGAGGTGCACA-1"
"Trem2_KO3",1184,961,"GSM4173509","Trem2_KO3","Trem2_KO",3,"KO","non_5XFAD",0.253378378378378,"9","9","9","Microglia",TRUE,"Trem2_KO3_GTGTTAGCATTTCAGG-1"
"Trem2_KO3",1056,870,"GSM4173509","Trem2_KO3","Trem2_KO",3,"KO","non_5XFAD",0.284090909090909,"9","9","9","Microglia",TRUE,"Trem2_KO3_GTTACAGAGACTTGAA-1"
"Trem2_KO3",1122,897,"GSM4173509","Trem2_KO3","Trem2_KO",3,"KO","non_5XFAD",1.96078431372549,"9","9","9","Microglia",TRUE,"Trem2_KO3_GTTTCTAGTGCTTCTC-1"
"Trem2_KO3",888,735,"GSM4173509","Trem2_KO3","Trem2_KO",3,"KO","non_5XFAD",1.01351351351351,"9","9","9","Microglia",TRUE,"Trem2_KO3_TAAGAGAGTGTGACGA-1"
"Trem2_KO3",919,756,"GSM4173509","Trem2_KO3","Trem2_KO",3,"KO","non_5XFAD",0,"9","9","9","Microglia",TRUE,"Trem2_KO3_TAAGCGTAGACAGACC-1"
"Trem2_KO3",951,785,"GSM4173509","Trem2_KO3","Trem2_KO",3,"KO","non_5XFAD",0.10515247108307,"9","9","9","Microglia",TRUE,"Trem2_KO3_TAAGTGCCATATACCG-1"
"Trem2_KO3",859,709,"GSM4173509","Trem2_KO3","Trem2_KO",3,"KO","non_5XFAD",0.116414435389988,"9","9","9","Microglia",TRUE,"Trem2_KO3_TACCTATAGGCTCAGA-1"
"Trem2_KO3",1244,985,"GSM4173509","Trem2_KO3","Trem2_KO",3,"KO","non_5XFAD",0.562700964630225,"9","9","9","Microglia",TRUE,"Trem2_KO3_TACGGGCAGATCTGAA-1"
"Trem2_KO3",1303,992,"GSM4173509","Trem2_KO3","Trem2_KO",3,"KO","non_5XFAD",0.0767459708365311,"9","9","9","Microglia",TRUE,"Trem2_KO3_TACGGGCCAGCTCGAC-1"
"Trem2_KO3",2020,1433,"GSM4173509","Trem2_KO3","Trem2_KO",3,"KO","non_5XFAD",0.0495049504950495,"9","9","9","Microglia",TRUE,"Trem2_KO3_TACTTGTTCCTTTCGG-1"
"Trem2_KO3",756,599,"GSM4173509","Trem2_KO3","Trem2_KO",3,"KO","non_5XFAD",0.793650793650794,"9","9","9","Microglia",TRUE,"Trem2_KO3_TAGCCGGCACCGGAAA-1"
"Trem2_KO3",1034,833,"GSM4173509","Trem2_KO3","Trem2_KO",3,"KO","non_5XFAD",0.290135396518375,"9","9","9","Microglia",TRUE,"Trem2_KO3_TAGCCGGCAGCTTAAC-1"
"Trem2_KO3",1286,1014,"GSM4173509","Trem2_KO3","Trem2_KO",3,"KO","non_5XFAD",1.08864696734059,"9","9","9","Microglia",TRUE,"Trem2_KO3_TAGGCATGTAATTGGA-1"
"Trem2_KO3",955,806,"GSM4173509","Trem2_KO3","Trem2_KO",3,"KO","non_5XFAD",0.628272251308901,"9","9","9","Microglia",TRUE,"Trem2_KO3_TAGTTGGTCCACTGGG-1"
"Trem2_KO3",1054,850,"GSM4173509","Trem2_KO3","Trem2_KO",3,"KO","non_5XFAD",0.094876660341556,"9","9","9","Microglia",TRUE,"Trem2_KO3_TATCAGGGTGACCAAG-1"
"Trem2_KO3",805,675,"GSM4173509","Trem2_KO3","Trem2_KO",3,"KO","non_5XFAD",0.496894409937888,"9","9","9","Microglia",TRUE,"Trem2_KO3_TATGCCCGTAGTGAAT-1"
"Trem2_KO3",1170,932,"GSM4173509","Trem2_KO3","Trem2_KO",3,"KO","non_5XFAD",0.0854700854700855,"9","9","9","Microglia",TRUE,"Trem2_KO3_TATGCCCTCCTTTACA-1"
"Trem2_KO3",1128,831,"GSM4173509","Trem2_KO3","Trem2_KO",3,"KO","non_5XFAD",0.177304964539007,"9","9","9","Microglia",TRUE,"Trem2_KO3_TATTACCCAGCTATTG-1"
"Trem2_KO3",570,498,"GSM4173509","Trem2_KO3","Trem2_KO",3,"KO","non_5XFAD",0,"9","9","9","Microglia",TRUE,"Trem2_KO3_TATTACCCATGTAAGA-1"
"Trem2_KO3",989,831,"GSM4173509","Trem2_KO3","Trem2_KO",3,"KO","non_5XFAD",0,"9","9","9","Microglia",TRUE,"Trem2_KO3_TCAACGATCGTAGGAG-1"
"Trem2_KO3",1235,964,"GSM4173509","Trem2_KO3","Trem2_KO",3,"KO","non_5XFAD",0.242914979757085,"9","9","9","Microglia",TRUE,"Trem2_KO3_TCACGAATCGGTGTTA-1"
"Trem2_KO3",1172,926,"GSM4173509","Trem2_KO3","Trem2_KO",3,"KO","non_5XFAD",0.0853242320819113,"9","9","9","Microglia",TRUE,"Trem2_KO3_TCAGATGTCGTTTAGG-1"
"Trem2_KO3",1169,960,"GSM4173509","Trem2_KO3","Trem2_KO",3,"KO","non_5XFAD",0,"9","9","9","Microglia",TRUE,"Trem2_KO3_TCAGCAACACCAGATT-1"
"Trem2_KO3",871,753,"GSM4173509","Trem2_KO3","Trem2_KO",3,"KO","non_5XFAD",0.34443168771527,"9","9","9","Microglia",TRUE,"Trem2_KO3_TCAGCAAGTCGGCTCA-1"
"Trem2_KO3",1030,863,"GSM4173509","Trem2_KO3","Trem2_KO",3,"KO","non_5XFAD",0.29126213592233,"9","9","9","Microglia",TRUE,"Trem2_KO3_TCAGGATAGCATCATC-1"
"Trem2_KO3",784,667,"GSM4173509","Trem2_KO3","Trem2_KO",3,"KO","non_5XFAD",0.255102040816327,"9","9","9","Microglia",TRUE,"Trem2_KO3_TCAGGTAAGAGCTATA-1"
"Trem2_KO3",1219,947,"GSM4173509","Trem2_KO3","Trem2_KO",3,"KO","non_5XFAD",1.23051681706317,"9","9","9","Microglia",TRUE,"Trem2_KO3_TCATTTGTCGCCTGTT-1"
"Trem2_KO3",1068,875,"GSM4173509","Trem2_KO3","Trem2_KO",3,"KO","non_5XFAD",0.280898876404494,"9","9","9","Microglia",TRUE,"Trem2_KO3_TCCACACCATGCGCAC-1"
"Trem2_KO3",1289,1002,"GSM4173509","Trem2_KO3","Trem2_KO",3,"KO","non_5XFAD",0,"9","9","9","Microglia",TRUE,"Trem2_KO3_TCGCGAGCAGCTCGAC-1"
"Trem2_KO3",980,796,"GSM4173509","Trem2_KO3","Trem2_KO",3,"KO","non_5XFAD",0.204081632653061,"9","9","9","Microglia",TRUE,"Trem2_KO3_TCGCGTTTCACGAAGG-1"
"Trem2_KO3",994,802,"GSM4173509","Trem2_KO3","Trem2_KO",3,"KO","non_5XFAD",0.201207243460765,"9","9","9","Microglia",TRUE,"Trem2_KO3_TCGGGACCATACGCTA-1"
"Trem2_KO3",1656,1323,"GSM4173509","Trem2_KO3","Trem2_KO",3,"KO","non_5XFAD",0.36231884057971,"9","9","9","Microglia",TRUE,"Trem2_KO3_TCGGTAACAGTGACAG-1"
"Trem2_KO3",1127,915,"GSM4173509","Trem2_KO3","Trem2_KO",3,"KO","non_5XFAD",0.0887311446317657,"9","9","9","Microglia",TRUE,"Trem2_KO3_TCGGTAAGTCACAAGG-1"
"Trem2_KO3",1347,1040,"GSM4173509","Trem2_KO3","Trem2_KO",3,"KO","non_5XFAD",0.148478099480327,"9","9","9","Microglia",TRUE,"Trem2_KO3_TCGGTAATCTAACGGT-1"
"Trem2_KO3",1230,958,"GSM4173509","Trem2_KO3","Trem2_KO",3,"KO","non_5XFAD",0.16260162601626,"9","9","9","Microglia",TRUE,"Trem2_KO3_TCTATTGGTGTTGGGA-1"
"Trem2_KO3",1472,1114,"GSM4173509","Trem2_KO3","Trem2_KO",3,"KO","non_5XFAD",0.135869565217391,"9","9","9","Microglia",TRUE,"Trem2_KO3_TCTCATAAGCGTTCCG-1"
"Trem2_KO3",874,725,"GSM4173509","Trem2_KO3","Trem2_KO",3,"KO","non_5XFAD",0,"9","9","9","Microglia",TRUE,"Trem2_KO3_TCTCATAGTCACAAGG-1"
"Trem2_KO3",1335,1072,"GSM4173509","Trem2_KO3","Trem2_KO",3,"KO","non_5XFAD",0.599250936329588,"9","9","9","Microglia",TRUE,"Trem2_KO3_TCTGAGACAGGTCCAC-1"
"Trem2_KO3",1108,881,"GSM4173509","Trem2_KO3","Trem2_KO",3,"KO","non_5XFAD",0.0902527075812274,"9","9","9","Microglia",TRUE,"Trem2_KO3_TCTGGAAAGGGAACGG-1"
"Trem2_KO3",924,756,"GSM4173509","Trem2_KO3","Trem2_KO",3,"KO","non_5XFAD",0.324675324675325,"9","9","9","Microglia",TRUE,"Trem2_KO3_TCTGGAATCTTTCCTC-1"
"Trem2_KO3",1030,859,"GSM4173509","Trem2_KO3","Trem2_KO",3,"KO","non_5XFAD",0.679611650485437,"9","9","9","Microglia",TRUE,"Trem2_KO3_TCTTCGGCAGGACCCT-1"
"Trem2_KO3",899,747,"GSM4173509","Trem2_KO3","Trem2_KO",3,"KO","non_5XFAD",0.222469410456062,"9","9","9","Microglia",TRUE,"Trem2_KO3_TCTTTCCGTTCGTCTC-1"
"Trem2_KO3",1001,835,"GSM4173509","Trem2_KO3","Trem2_KO",3,"KO","non_5XFAD",0.0999000999000999,"9","9","9","Microglia",TRUE,"Trem2_KO3_TGAAAGAAGCACCGTC-1"
"Trem2_KO3",1139,914,"GSM4173509","Trem2_KO3","Trem2_KO",3,"KO","non_5XFAD",0.175592625109745,"9","9","9","Microglia",TRUE,"Trem2_KO3_TGAAAGAGTTTGCATG-1"
"Trem2_KO3",990,852,"GSM4173509","Trem2_KO3","Trem2_KO",3,"KO","non_5XFAD",0.202020202020202,"9","9","9","Microglia",TRUE,"Trem2_KO3_TGACGGCGTATCAGTC-1"
"Trem2_KO3",665,572,"GSM4173509","Trem2_KO3","Trem2_KO",3,"KO","non_5XFAD",0,"9","9","9","Microglia",TRUE,"Trem2_KO3_TGACTTTCACTTCGAA-1"
"Trem2_KO3",1049,857,"GSM4173509","Trem2_KO3","Trem2_KO",3,"KO","non_5XFAD",0.0953288846520496,"9","9","9","Microglia",TRUE,"Trem2_KO3_TGAGCCGTCCTTGGTC-1"
"Trem2_KO3",1105,882,"GSM4173509","Trem2_KO3","Trem2_KO",3,"KO","non_5XFAD",0.542986425339366,"9","9","9","Microglia",TRUE,"Trem2_KO3_TGATTTCCACGGATAG-1"
"Trem2_KO3",1140,912,"GSM4173509","Trem2_KO3","Trem2_KO",3,"KO","non_5XFAD",0,"9","9","9","Microglia",TRUE,"Trem2_KO3_TGATTTCTCGTTACGA-1"
"Trem2_KO3",879,748,"GSM4173509","Trem2_KO3","Trem2_KO",3,"KO","non_5XFAD",0.796359499431172,"9","9","9","Microglia",TRUE,"Trem2_KO3_TGCCCATTCGCACTCT-1"
"Trem2_KO3",837,690,"GSM4173509","Trem2_KO3","Trem2_KO",3,"KO","non_5XFAD",0,"9","9","9","Microglia",TRUE,"Trem2_KO3_TGCCCATTCGTACCGG-1"
"Trem2_KO3",1290,1033,"GSM4173509","Trem2_KO3","Trem2_KO",3,"KO","non_5XFAD",0,"9","9","9","Microglia",TRUE,"Trem2_KO3_TGCCCTAGTCCTCTTG-1"
"Trem2_KO3",1204,958,"GSM4173509","Trem2_KO3","Trem2_KO",3,"KO","non_5XFAD",0.415282392026578,"9","9","9","Microglia",TRUE,"Trem2_KO3_TGCGGGTGTACCGTAT-1"
"Trem2_KO3",924,759,"GSM4173509","Trem2_KO3","Trem2_KO",3,"KO","non_5XFAD",0.649350649350649,"9","9","9","Microglia",TRUE,"Trem2_KO3_TGCGGGTGTGCACGAA-1"
"Trem2_KO3",2757,1874,"GSM4173509","Trem2_KO3","Trem2_KO",3,"KO","non_5XFAD",0.326441784548422,"9","9","9","Microglia",TRUE,"Trem2_KO3_TGCGTGGAGTGGTAAT-1"
"Trem2_KO3",1201,952,"GSM4173509","Trem2_KO3","Trem2_KO",3,"KO","non_5XFAD",0,"9","9","9","Microglia",TRUE,"Trem2_KO3_TGGACGCGTGCCTGTG-1"
"Trem2_KO3",711,585,"GSM4173509","Trem2_KO3","Trem2_KO",3,"KO","non_5XFAD",0.562587904360056,"9","9","9","Microglia",TRUE,"Trem2_KO3_TGGCCAGCAAAGGAAG-1"
"Trem2_KO3",1150,917,"GSM4173509","Trem2_KO3","Trem2_KO",3,"KO","non_5XFAD",0,"9","9","9","Microglia",TRUE,"Trem2_KO3_TGGCCAGCACTAAGTC-1"
"Trem2_KO3",1372,1093,"GSM4173509","Trem2_KO3","Trem2_KO",3,"KO","non_5XFAD",0.801749271137026,"9","9","9","Microglia",TRUE,"Trem2_KO3_TGGCCAGCACTATCTT-1"
"Trem2_KO3",1202,974,"GSM4173509","Trem2_KO3","Trem2_KO",3,"KO","non_5XFAD",0.332778702163062,"9","9","9","Microglia",TRUE,"Trem2_KO3_TGTCCCACAGGTGGAT-1"
"Trem2_KO3",1376,1105,"GSM4173509","Trem2_KO3","Trem2_KO",3,"KO","non_5XFAD",0,"9","9","9","Microglia",TRUE,"Trem2_KO3_TGTGGTACAATTCCTT-1"
"Trem2_KO3",1124,887,"GSM4173509","Trem2_KO3","Trem2_KO",3,"KO","non_5XFAD",0.97864768683274,"9","9","9","Microglia",TRUE,"Trem2_KO3_TGTTCCGAGCACAGGT-1"
"Trem2_KO3",1053,841,"GSM4173509","Trem2_KO3","Trem2_KO",3,"KO","non_5XFAD",0,"9","9","9","Microglia",TRUE,"Trem2_KO3_TTAGTTCCAGATGAGC-1"
"Trem2_KO3",1149,921,"GSM4173509","Trem2_KO3","Trem2_KO",3,"KO","non_5XFAD",0.0870322019147084,"9","9","9","Microglia",TRUE,"Trem2_KO3_TTAGTTCTCAGCGACC-1"
"Trem2_KO3",672,567,"GSM4173509","Trem2_KO3","Trem2_KO",3,"KO","non_5XFAD",0.148809523809524,"9","9","9","Microglia",TRUE,"Trem2_KO3_TTATGCTAGTAACCCT-1"
"Trem2_KO3",1127,911,"GSM4173509","Trem2_KO3","Trem2_KO",3,"KO","non_5XFAD",0,"9","9","9","Microglia",TRUE,"Trem2_KO3_TTATGCTCAGCTGGCT-1"
"Trem2_KO3",1409,1076,"GSM4173509","Trem2_KO3","Trem2_KO",3,"KO","non_5XFAD",0,"9","9","9","Microglia",TRUE,"Trem2_KO3_TTCTACAGTAAGTGGC-1"
"Trem2_KO3",1107,917,"GSM4173509","Trem2_KO3","Trem2_KO",3,"KO","non_5XFAD",0.0903342366757001,"9","9","9","Microglia",TRUE,"Trem2_KO3_TTGAACGGTTCTCATT-1"
"Trem2_KO3",929,786,"GSM4173509","Trem2_KO3","Trem2_KO",3,"KO","non_5XFAD",0.215285252960172,"9","9","9","Microglia",TRUE,"Trem2_KO3_TTGAACGTCATCGATG-1"
"Trem2_KO3",1610,1210,"GSM4173509","Trem2_KO3","Trem2_KO",3,"KO","non_5XFAD",0.062111801242236,"9","9","9","Microglia",TRUE,"Trem2_KO3_TTGCCGTCAATTCCTT-1"
"Trem2_KO3",830,688,"GSM4173509","Trem2_KO3","Trem2_KO",3,"KO","non_5XFAD",0.120481927710843,"9","9","9","Microglia",TRUE,"Trem2_KO3_TTGGAACAGCTGTCTA-1"
"Trem2_KO3",929,736,"GSM4173509","Trem2_KO3","Trem2_KO",3,"KO","non_5XFAD",0.107642626480086,"9","9","9","Microglia",TRUE,"Trem2_KO3_TTGGCAACATTACGAC-1"
"Trem2_KO3",1124,860,"GSM4173509","Trem2_KO3","Trem2_KO",3,"KO","non_5XFAD",0,"9","9","9","Microglia",TRUE,"Trem2_KO3_TTGTAGGGTAGATTAG-1"
"Trem2_KO3",1484,1128,"GSM4173509","Trem2_KO3","Trem2_KO",3,"KO","non_5XFAD",0.471698113207547,"9","9","9","Microglia",TRUE,"Trem2_KO3_TTTACTGCAGTCAGAG-1"
"Trem2_KO3",1192,956,"GSM4173509","Trem2_KO3","Trem2_KO",3,"KO","non_5XFAD",0.0838926174496644,"9","9","9","Microglia",TRUE,"Trem2_KO3_TTTACTGGTGACGGTA-1"
"Trem2_KO3",811,656,"GSM4173509","Trem2_KO3","Trem2_KO",3,"KO","non_5XFAD",0,"9","9","9","Microglia",TRUE,"Trem2_KO3_TTTCCTCCAATCAGAA-1"
"Trem2_KO3",1130,909,"GSM4173509","Trem2_KO3","Trem2_KO",3,"KO","non_5XFAD",0.353982300884956,"9","9","9","Microglia",TRUE,"Trem2_KO3_TTTCCTCTCTCGAGTA-1"
"Trem2_KO3",1240,962,"GSM4173509","Trem2_KO3","Trem2_KO",3,"KO","non_5XFAD",0.0806451612903226,"9","9","9","Microglia",TRUE,"Trem2_KO3_TTTGGTTGTATAGGTA-1"
"Trem2_KO3",1149,950,"GSM4173509","Trem2_KO3","Trem2_KO",3,"KO","non_5XFAD",0.0870322019147084,"9","9","9","Microglia",TRUE,"Trem2_KO3_TTTGTCAGTGCATCTA-1"
"WT_5XFAD1",1678,1224,"GSM4173510","WT_5XFAD1","WT_5XFAD",1,"WT","5XFAD",0.715137067938021,"9","9","9","Microglia",TRUE,"WT_5XFAD1_AAACCTGTCCACGCAG-1"
"WT_5XFAD1",745,620,"GSM4173510","WT_5XFAD1","WT_5XFAD",1,"WT","5XFAD",0.536912751677852,"9","9","9","Microglia",TRUE,"WT_5XFAD1_AAAGATGGTGATGCCC-1"
"WT_5XFAD1",688,574,"GSM4173510","WT_5XFAD1","WT_5XFAD",1,"WT","5XFAD",0.290697674418605,"9","9","9","Microglia",TRUE,"WT_5XFAD1_AAAGTAGCAACTGGCC-1"
"WT_5XFAD1",1849,1381,"GSM4173510","WT_5XFAD1","WT_5XFAD",1,"WT","5XFAD",0.108166576527853,"9","9","9","Microglia",TRUE,"WT_5XFAD1_AAAGTAGGTGAAAGAG-1"
"WT_5XFAD1",1411,1062,"GSM4173510","WT_5XFAD1","WT_5XFAD",1,"WT","5XFAD",0.212615166548547,"9","9","9","Microglia",TRUE,"WT_5XFAD1_AAAGTAGTCAGTACGT-1"
"WT_5XFAD1",855,702,"GSM4173510","WT_5XFAD1","WT_5XFAD",1,"WT","5XFAD",0.116959064327485,"9","9","9","Microglia",TRUE,"WT_5XFAD1_AAATGCCAGGCATTGG-1"
"WT_5XFAD1",1304,1000,"GSM4173510","WT_5XFAD1","WT_5XFAD",1,"WT","5XFAD",0.153374233128834,"9","9","9","Microglia",TRUE,"WT_5XFAD1_AACACGTAGATAGGAG-1"
"WT_5XFAD1",1119,890,"GSM4173510","WT_5XFAD1","WT_5XFAD",1,"WT","5XFAD",0.357462019660411,"9","9","9","Microglia",TRUE,"WT_5XFAD1_AACCATGAGATGGCGT-1"
"WT_5XFAD1",1827,1304,"GSM4173510","WT_5XFAD1","WT_5XFAD",1,"WT","5XFAD",0.328407224958949,"9","9","9","Microglia",TRUE,"WT_5XFAD1_AACCATGAGCACGCCT-1"
"WT_5XFAD1",1112,904,"GSM4173510","WT_5XFAD1","WT_5XFAD",1,"WT","5XFAD",0.629496402877698,"9","9","9","Microglia",TRUE,"WT_5XFAD1_AACTCAGGTCTTTCAT-1"
"WT_5XFAD1",839,688,"GSM4173510","WT_5XFAD1","WT_5XFAD",1,"WT","5XFAD",0.715137067938021,"9","9","9","Microglia",TRUE,"WT_5XFAD1_AACTCTTAGCGTTTAC-1"
"WT_5XFAD1",1229,957,"GSM4173510","WT_5XFAD1","WT_5XFAD",1,"WT","5XFAD",0,"9","9","9","Microglia",TRUE,"WT_5XFAD1_AACTCTTGTCGAGTTT-1"
"WT_5XFAD1",728,600,"GSM4173510","WT_5XFAD1","WT_5XFAD",1,"WT","5XFAD",0,"9","9","9","Microglia",TRUE,"WT_5XFAD1_AAGGAGCCAAACCCAT-1"
"WT_5XFAD1",1036,853,"GSM4173510","WT_5XFAD1","WT_5XFAD",1,"WT","5XFAD",0,"9","9","9","Microglia",TRUE,"WT_5XFAD1_AAGGTTCAGCCGCCTA-1"
"WT_5XFAD1",1061,872,"GSM4173510","WT_5XFAD1","WT_5XFAD",1,"WT","5XFAD",0.754005655042413,"9","9","9","Microglia",TRUE,"WT_5XFAD1_AAGGTTCCACGAAAGC-1"
"WT_5XFAD1",1393,1109,"GSM4173510","WT_5XFAD1","WT_5XFAD",1,"WT","5XFAD",0.430725053840632,"9","9","9","Microglia",TRUE,"WT_5XFAD1_AAGGTTCCATAGAAAC-1"
"WT_5XFAD1",1473,1114,"GSM4173510","WT_5XFAD1","WT_5XFAD",1,"WT","5XFAD",0.135777325186694,"9","9","9","Microglia",TRUE,"WT_5XFAD1_AAGGTTCGTTTGTTGG-1"
"WT_5XFAD1",978,785,"GSM4173510","WT_5XFAD1","WT_5XFAD",1,"WT","5XFAD",0.102249488752556,"9","9","9","Microglia",TRUE,"WT_5XFAD1_AAGTCTGAGACGCAAC-1"
"WT_5XFAD1",1048,835,"GSM4173510","WT_5XFAD1","WT_5XFAD",1,"WT","5XFAD",0.763358778625954,"9","9","9","Microglia",TRUE,"WT_5XFAD1_AAGTCTGGTTGCGCAC-1"
"WT_5XFAD1",1298,1029,"GSM4173510","WT_5XFAD1","WT_5XFAD",1,"WT","5XFAD",0.231124807395994,"9","9","9","Microglia",TRUE,"WT_5XFAD1_AATCCAGGTGCCTGTG-1"
"WT_5XFAD1",1468,1145,"GSM4173510","WT_5XFAD1","WT_5XFAD",1,"WT","5XFAD",0.0681198910081744,"9","9","9","Microglia",TRUE,"WT_5XFAD1_AATCCAGGTTTGTGTG-1"
"WT_5XFAD1",1196,939,"GSM4173510","WT_5XFAD1","WT_5XFAD",1,"WT","5XFAD",0,"9","9","9","Microglia",TRUE,"WT_5XFAD1_ACACCAAGTCCGAAGA-1"
"WT_5XFAD1",781,666,"GSM4173510","WT_5XFAD1","WT_5XFAD",1,"WT","5XFAD",0,"9","9","9","Microglia",TRUE,"WT_5XFAD1_ACACCGGGTTAGAACA-1"
"WT_5XFAD1",1159,915,"GSM4173510","WT_5XFAD1","WT_5XFAD",1,"WT","5XFAD",0.345125107851596,"9","9","9","Microglia",TRUE,"WT_5XFAD1_ACACCGGTCACAATGC-1"
"WT_5XFAD1",1518,1126,"GSM4173510","WT_5XFAD1","WT_5XFAD",1,"WT","5XFAD",1.25164690382082,"9","9","9","Microglia",TRUE,"WT_5XFAD1_ACAGCCGGTGAGGCTA-1"
"WT_5XFAD1",1335,1040,"GSM4173510","WT_5XFAD1","WT_5XFAD",1,"WT","5XFAD",0.0749063670411985,"9","9","9","Microglia",TRUE,"WT_5XFAD1_ACATGGTCAGTAACGG-1"
"WT_5XFAD1",647,547,"GSM4173510","WT_5XFAD1","WT_5XFAD",1,"WT","5XFAD",0.309119010819165,"9","9","9","Microglia",TRUE,"WT_5XFAD1_ACATGGTCATCTCCCA-1"
"WT_5XFAD1",983,778,"GSM4173510","WT_5XFAD1","WT_5XFAD",1,"WT","5XFAD",0,"9","9","9","Microglia",TRUE,"WT_5XFAD1_ACCAGTAAGACTTGAA-1"
"WT_5XFAD1",1215,980,"GSM4173510","WT_5XFAD1","WT_5XFAD",1,"WT","5XFAD",0.576131687242798,"9","9","9","Microglia",TRUE,"WT_5XFAD1_ACCGTAAAGATATGCA-1"
"WT_5XFAD1",1702,1242,"GSM4173510","WT_5XFAD1","WT_5XFAD",1,"WT","5XFAD",0.293772032902468,"9","9","9","Microglia",TRUE,"WT_5XFAD1_ACCGTAATCCGTACAA-1"
"WT_5XFAD1",1729,1291,"GSM4173510","WT_5XFAD1","WT_5XFAD",1,"WT","5XFAD",0.173510699826489,"9","9","9","Microglia",TRUE,"WT_5XFAD1_ACCGTAATCGCATGAT-1"
"WT_5XFAD1",669,549,"GSM4173510","WT_5XFAD1","WT_5XFAD",1,"WT","5XFAD",1.34529147982063,"9","9","9","Microglia",TRUE,"WT_5XFAD1_ACCTTTACATAAAGGT-1"
"WT_5XFAD1",1357,1009,"GSM4173510","WT_5XFAD1","WT_5XFAD",1,"WT","5XFAD",0,"9","9","9","Microglia",TRUE,"WT_5XFAD1_ACGATGTAGAACTCGG-1"
"WT_5XFAD1",640,545,"GSM4173510","WT_5XFAD1","WT_5XFAD",1,"WT","5XFAD",0.15625,"9","9","9","Microglia",TRUE,"WT_5XFAD1_ACGCAGCTCTCGGACG-1"
"WT_5XFAD1",1322,1006,"GSM4173510","WT_5XFAD1","WT_5XFAD",1,"WT","5XFAD",0,"9","9","9","Microglia",TRUE,"WT_5XFAD1_ACGCCAGGTCTTGTCC-1"
"WT_5XFAD1",937,750,"GSM4173510","WT_5XFAD1","WT_5XFAD",1,"WT","5XFAD",0.213447171824973,"9","9","9","Microglia",TRUE,"WT_5XFAD1_ACGCCGAAGACAGAGA-1"
"WT_5XFAD1",1087,863,"GSM4173510","WT_5XFAD1","WT_5XFAD",1,"WT","5XFAD",0.0919963201471941,"9","9","9","Microglia",TRUE,"WT_5XFAD1_ACGGAGACACGGACAA-1"
"WT_5XFAD1",1192,916,"GSM4173510","WT_5XFAD1","WT_5XFAD",1,"WT","5XFAD",1.25838926174497,"9","9","9","Microglia",TRUE,"WT_5XFAD1_ACGGAGACAGATCTGT-1"
"WT_5XFAD1",523,441,"GSM4173510","WT_5XFAD1","WT_5XFAD",1,"WT","5XFAD",0.382409177820268,"9","9","9","Microglia",TRUE,"WT_5XFAD1_ACGGAGACAGCGATCC-1"
"WT_5XFAD1",1202,960,"GSM4173510","WT_5XFAD1","WT_5XFAD",1,"WT","5XFAD",0.332778702163062,"9","9","9","Microglia",TRUE,"WT_5XFAD1_ACGGGTCGTAGCTAAA-1"
"WT_5XFAD1",987,784,"GSM4173510","WT_5XFAD1","WT_5XFAD",1,"WT","5XFAD",0.506585612968592,"9","9","9","Microglia",TRUE,"WT_5XFAD1_ACGGGTCTCTGGCGTG-1"
"WT_5XFAD1",1060,883,"GSM4173510","WT_5XFAD1","WT_5XFAD",1,"WT","5XFAD",0,"9","9","9","Microglia",TRUE,"WT_5XFAD1_ACGTCAACAAGTAGTA-1"
"WT_5XFAD1",898,747,"GSM4173510","WT_5XFAD1","WT_5XFAD",1,"WT","5XFAD",1.11358574610245,"9","9","9","Microglia",TRUE,"WT_5XFAD1_ACGTCAACAGGTTTCA-1"
"WT_5XFAD1",583,497,"GSM4173510","WT_5XFAD1","WT_5XFAD",1,"WT","5XFAD",0,"9","9","9","Microglia",TRUE,"WT_5XFAD1_ACTATCTAGCTGCAAG-1"
"WT_5XFAD1",1224,981,"GSM4173510","WT_5XFAD1","WT_5XFAD",1,"WT","5XFAD",0.0816993464052288,"9","9","9","Microglia",TRUE,"WT_5XFAD1_ACTATCTAGTGGCACA-1"
"WT_5XFAD1",1274,970,"GSM4173510","WT_5XFAD1","WT_5XFAD",1,"WT","5XFAD",0.156985871271586,"9","9","9","Microglia",TRUE,"WT_5XFAD1_ACTGAACAGATCGGGT-1"
"WT_5XFAD1",558,450,"GSM4173510","WT_5XFAD1","WT_5XFAD",1,"WT","5XFAD",0,"9","9","9","Microglia",TRUE,"WT_5XFAD1_ACTGTCCTCTTATCTG-1"
"WT_5XFAD1",1412,1094,"GSM4173510","WT_5XFAD1","WT_5XFAD",1,"WT","5XFAD",0.0708215297450425,"9","9","9","Microglia",TRUE,"WT_5XFAD1_ACTTGTTGTAGAGGAA-1"
"WT_5XFAD1",1196,938,"GSM4173510","WT_5XFAD1","WT_5XFAD",1,"WT","5XFAD",0.418060200668896,"9","9","9","Microglia",TRUE,"WT_5XFAD1_AGACGTTAGTACGACG-1"
"WT_5XFAD1",972,809,"GSM4173510","WT_5XFAD1","WT_5XFAD",1,"WT","5XFAD",0.102880658436214,"9","9","9","Microglia",TRUE,"WT_5XFAD1_AGACGTTGTCCTAGCG-1"
"WT_5XFAD1",989,812,"GSM4173510","WT_5XFAD1","WT_5XFAD",1,"WT","5XFAD",0.404448938321537,"9","9","9","Microglia",TRUE,"WT_5XFAD1_AGAGCGACAGGTGCCT-1"
"WT_5XFAD1",1308,1042,"GSM4173510","WT_5XFAD1","WT_5XFAD",1,"WT","5XFAD",0.152905198776758,"9","9","9","Microglia",TRUE,"WT_5XFAD1_AGCAGCCCAGGCGATA-1"
"WT_5XFAD1",983,777,"GSM4173510","WT_5XFAD1","WT_5XFAD",1,"WT","5XFAD",0.101729399796541,"9","9","9","Microglia",TRUE,"WT_5XFAD1_AGCAGCCTCAATACCG-1"
"WT_5XFAD1",1472,1148,"GSM4173510","WT_5XFAD1","WT_5XFAD",1,"WT","5XFAD",0.47554347826087,"9","9","9","Microglia",TRUE,"WT_5XFAD1_AGCATACCACGAAATA-1"
"WT_5XFAD1",1241,991,"GSM4173510","WT_5XFAD1","WT_5XFAD",1,"WT","5XFAD",0.16116035455278,"9","9","9","Microglia",TRUE,"WT_5XFAD1_AGCATACGTCCGTGAC-1"
"WT_5XFAD1",1225,985,"GSM4173510","WT_5XFAD1","WT_5XFAD",1,"WT","5XFAD",0.0816326530612245,"9","9","9","Microglia",TRUE,"WT_5XFAD1_AGCCTAAAGTGTGAAT-1"
"WT_5XFAD1",1115,907,"GSM4173510","WT_5XFAD1","WT_5XFAD",1,"WT","5XFAD",1.52466367713004,"9","9","9","Microglia",TRUE,"WT_5XFAD1_AGCGGTCCAGAGTGTG-1"
"WT_5XFAD1",1302,1014,"GSM4173510","WT_5XFAD1","WT_5XFAD",1,"WT","5XFAD",0.921658986175115,"9","9","9","Microglia",TRUE,"WT_5XFAD1_AGCGGTCTCGTCACGG-1"
"WT_5XFAD1",1028,862,"GSM4173510","WT_5XFAD1","WT_5XFAD",1,"WT","5XFAD",0.291828793774319,"9","9","9","Microglia",TRUE,"WT_5XFAD1_AGCGTATTCGTACGGC-1"
"WT_5XFAD1",1219,930,"GSM4173510","WT_5XFAD1","WT_5XFAD",1,"WT","5XFAD",0.0820344544708778,"9","9","9","Microglia",TRUE,"WT_5XFAD1_AGCTTGACAGCCAATT-1"
"WT_5XFAD1",1043,850,"GSM4173510","WT_5XFAD1","WT_5XFAD",1,"WT","5XFAD",0.383509108341323,"9","9","9","Microglia",TRUE,"WT_5XFAD1_AGGCCACGTCTAAAGA-1"
"WT_5XFAD1",1166,946,"GSM4173510","WT_5XFAD1","WT_5XFAD",1,"WT","5XFAD",0.771869639794168,"9","9","9","Microglia",TRUE,"WT_5XFAD1_AGGCCACTCCTTGCCA-1"
"WT_5XFAD1",1514,1182,"GSM4173510","WT_5XFAD1","WT_5XFAD",1,"WT","5XFAD",0.132100396301189,"9","9","9","Microglia",TRUE,"WT_5XFAD1_AGGCCGTCAGATGGCA-1"
"WT_5XFAD1",1089,842,"GSM4173510","WT_5XFAD1","WT_5XFAD",1,"WT","5XFAD",0.459136822773186,"9","9","9","Microglia",TRUE,"WT_5XFAD1_AGGGAGTTCGTAGGTT-1"
"WT_5XFAD1",846,686,"GSM4173510","WT_5XFAD1","WT_5XFAD",1,"WT","5XFAD",0.8274231678487,"9","9","9","Microglia",TRUE,"WT_5XFAD1_AGGGATGAGATATACG-1"
"WT_5XFAD1",1198,933,"GSM4173510","WT_5XFAD1","WT_5XFAD",1,"WT","5XFAD",1.58597662771285,"9","9","9","Microglia",TRUE,"WT_5XFAD1_AGGTCATCAATTGCTG-1"
"WT_5XFAD1",875,727,"GSM4173510","WT_5XFAD1","WT_5XFAD",1,"WT","5XFAD",0.457142857142857,"9","9","9","Microglia",TRUE,"WT_5XFAD1_AGTAGTCCACTTCTGC-1"
"WT_5XFAD1",1231,975,"GSM4173510","WT_5XFAD1","WT_5XFAD",1,"WT","5XFAD",0.0812347684809098,"9","9","9","Microglia",TRUE,"WT_5XFAD1_AGTAGTCTCTAAGCCA-1"
"WT_5XFAD1",1074,863,"GSM4173510","WT_5XFAD1","WT_5XFAD",1,"WT","5XFAD",0.279329608938547,"9","9","9","Microglia",TRUE,"WT_5XFAD1_AGTCTTTAGTCCGTAT-1"
"WT_5XFAD1",1435,1128,"GSM4173510","WT_5XFAD1","WT_5XFAD",1,"WT","5XFAD",0.139372822299652,"9","9","9","Microglia",TRUE,"WT_5XFAD1_AGTCTTTCAAGAGTCG-1"
"WT_5XFAD1",1100,863,"GSM4173510","WT_5XFAD1","WT_5XFAD",1,"WT","5XFAD",0,"9","9","9","Microglia",TRUE,"WT_5XFAD1_AGTCTTTTCTGCTGTC-1"
"WT_5XFAD1",567,487,"GSM4173510","WT_5XFAD1","WT_5XFAD",1,"WT","5XFAD",0,"9","9","9","Microglia",TRUE,"WT_5XFAD1_AGTGAGGGTTGCTCCT-1"
"WT_5XFAD1",857,720,"GSM4173510","WT_5XFAD1","WT_5XFAD",1,"WT","5XFAD",0.350058343057176,"9","9","9","Microglia",TRUE,"WT_5XFAD1_AGTTGGTTCGGTTAAC-1"
"WT_5XFAD1",1036,827,"GSM4173510","WT_5XFAD1","WT_5XFAD",1,"WT","5XFAD",0.0965250965250965,"9","9","9","Microglia",TRUE,"WT_5XFAD1_ATAACGCAGCGTTCCG-1"
"WT_5XFAD1",872,730,"GSM4173510","WT_5XFAD1","WT_5XFAD",1,"WT","5XFAD",0.229357798165138,"9","9","9","Microglia",TRUE,"WT_5XFAD1_ATAAGAGGTTTGGCGC-1"
"WT_5XFAD1",1066,859,"GSM4173510","WT_5XFAD1","WT_5XFAD",1,"WT","5XFAD",0.0938086303939962,"9","9","9","Microglia",TRUE,"WT_5XFAD1_ATAGACCCATCCTAGA-1"
"WT_5XFAD1",824,713,"GSM4173510","WT_5XFAD1","WT_5XFAD",1,"WT","5XFAD",0,"9","9","9","Microglia",TRUE,"WT_5XFAD1_ATCACGAAGTGTTGAA-1"
"WT_5XFAD1",1384,1035,"GSM4173510","WT_5XFAD1","WT_5XFAD",1,"WT","5XFAD",0.65028901734104,"9","9","9","Microglia",TRUE,"WT_5XFAD1_ATCACGAAGTTCCACA-1"
"WT_5XFAD1",1105,868,"GSM4173510","WT_5XFAD1","WT_5XFAD",1,"WT","5XFAD",0.180995475113122,"9","9","9","Microglia",TRUE,"WT_5XFAD1_ATCACGATCACGATGT-1"
"WT_5XFAD1",931,724,"GSM4173510","WT_5XFAD1","WT_5XFAD",1,"WT","5XFAD",8.70032223415682,"9","9","9","Microglia",TRUE,"WT_5XFAD1_ATCACGATCAGGCAAG-1"
"WT_5XFAD1",859,717,"GSM4173510","WT_5XFAD1","WT_5XFAD",1,"WT","5XFAD",0.232828870779977,"9","9","9","Microglia",TRUE,"WT_5XFAD1_ATCACGATCGGCATCG-1"
"WT_5XFAD1",934,730,"GSM4173510","WT_5XFAD1","WT_5XFAD",1,"WT","5XFAD",0,"9","9","9","Microglia",TRUE,"WT_5XFAD1_ATCCACCAGACCACGA-1"
"WT_5XFAD1",2782,1919,"GSM4173510","WT_5XFAD1","WT_5XFAD",1,"WT","5XFAD",0.0718907260963336,"9","9","9","Microglia",TRUE,"WT_5XFAD1_ATCCACCCACGTCAGC-1"
"WT_5XFAD1",1248,950,"GSM4173510","WT_5XFAD1","WT_5XFAD",1,"WT","5XFAD",0,"9","9","9","Microglia",TRUE,"WT_5XFAD1_ATCCGAAGTAATAGCA-1"
"WT_5XFAD1",1231,1000,"GSM4173510","WT_5XFAD1","WT_5XFAD",1,"WT","5XFAD",0.731112916328189,"9","9","9","Microglia",TRUE,"WT_5XFAD1_ATCGAGTAGGGCACTA-1"
"WT_5XFAD1",501,429,"GSM4173510","WT_5XFAD1","WT_5XFAD",1,"WT","5XFAD",0.598802395209581,"9","9","9","Microglia",TRUE,"WT_5XFAD1_ATCGAGTCAGGTCCAC-1"
"WT_5XFAD1",1431,1086,"GSM4173510","WT_5XFAD1","WT_5XFAD",1,"WT","5XFAD",0.698812019566737,"9","9","9","Microglia",TRUE,"WT_5XFAD1_ATCGAGTCATCACAAC-1"
"WT_5XFAD1",1659,1281,"GSM4173510","WT_5XFAD1","WT_5XFAD",1,"WT","5XFAD",0.663050030138638,"9","9","9","Microglia",TRUE,"WT_5XFAD1_ATCTGCCGTAGCTTGT-1"
"WT_5XFAD1",986,784,"GSM4173510","WT_5XFAD1","WT_5XFAD",1,"WT","5XFAD",1.01419878296146,"9","9","9","Microglia",TRUE,"WT_5XFAD1_ATGAGGGCAGGGATTG-1"
"WT_5XFAD1",1220,961,"GSM4173510","WT_5XFAD1","WT_5XFAD",1,"WT","5XFAD",0.655737704918033,"9","9","9","Microglia",TRUE,"WT_5XFAD1_ATGCGATGTATAGGGC-1"
"WT_5XFAD1",1001,788,"GSM4173510","WT_5XFAD1","WT_5XFAD",1,"WT","5XFAD",0,"9","9","9","Microglia",TRUE,"WT_5XFAD1_ATGTGTGCAGATTGCT-1"
"WT_5XFAD1",1256,979,"GSM4173510","WT_5XFAD1","WT_5XFAD",1,"WT","5XFAD",0.557324840764331,"9","9","9","Microglia",TRUE,"WT_5XFAD1_ATGTGTGTCACAGTAC-1"
"WT_5XFAD1",960,779,"GSM4173510","WT_5XFAD1","WT_5XFAD",1,"WT","5XFAD",0.9375,"9","9","9","Microglia",TRUE,"WT_5XFAD1_ATTACTCAGCACCGTC-1"
"WT_5XFAD1",1036,846,"GSM4173510","WT_5XFAD1","WT_5XFAD",1,"WT","5XFAD",0.386100386100386,"9","9","9","Microglia",TRUE,"WT_5XFAD1_ATTACTCGTGTGGCTC-1"
"WT_5XFAD1",938,752,"GSM4173510","WT_5XFAD1","WT_5XFAD",1,"WT","5XFAD",0.746268656716418,"9","9","9","Microglia",TRUE,"WT_5XFAD1_ATTCTACCACGGATAG-1"
"WT_5XFAD1",727,603,"GSM4173510","WT_5XFAD1","WT_5XFAD",1,"WT","5XFAD",0.137551581843191,"9","9","9","Microglia",TRUE,"WT_5XFAD1_ATTCTACTCCGATATG-1"
"WT_5XFAD1",1104,888,"GSM4173510","WT_5XFAD1","WT_5XFAD",1,"WT","5XFAD",0.271739130434783,"9","9","9","Microglia",TRUE,"WT_5XFAD1_ATTGGACAGGATGGAA-1"
"WT_5XFAD1",1368,1037,"GSM4173510","WT_5XFAD1","WT_5XFAD",1,"WT","5XFAD",0.43859649122807,"9","9","9","Microglia",TRUE,"WT_5XFAD1_ATTGGTGAGGTGCACA-1"
"WT_5XFAD1",1229,971,"GSM4173510","WT_5XFAD1","WT_5XFAD",1,"WT","5XFAD",0.16273393002441,"9","9","9","Microglia",TRUE,"WT_5XFAD1_ATTGGTGTCCCAGGTG-1"
"WT_5XFAD1",1315,1044,"GSM4173510","WT_5XFAD1","WT_5XFAD",1,"WT","5XFAD",0.0760456273764259,"9","9","9","Microglia",TRUE,"WT_5XFAD1_ATTTCTGCAAGTTGTC-1"
"WT_5XFAD1",1058,862,"GSM4173510","WT_5XFAD1","WT_5XFAD",1,"WT","5XFAD",0.378071833648393,"9","9","9","Microglia",TRUE,"WT_5XFAD1_CAACTAGAGCTGTTCA-1"
"WT_5XFAD1",1231,949,"GSM4173510","WT_5XFAD1","WT_5XFAD",1,"WT","5XFAD",0.24370430544273,"9","9","9","Microglia",TRUE,"WT_5XFAD1_CAACTAGCAGCTGTTA-1"
"WT_5XFAD1",987,817,"GSM4173510","WT_5XFAD1","WT_5XFAD",1,"WT","5XFAD",0.60790273556231,"9","9","9","Microglia",TRUE,"WT_5XFAD1_CAAGAAAGTATCAGTC-1"
"WT_5XFAD1",880,721,"GSM4173510","WT_5XFAD1","WT_5XFAD",1,"WT","5XFAD",0,"9","9","9","Microglia",TRUE,"WT_5XFAD1_CAAGATCAGTCCCACG-1"
"WT_5XFAD1",726,604,"GSM4173510","WT_5XFAD1","WT_5XFAD",1,"WT","5XFAD",0.413223140495868,"9","9","9","Microglia",TRUE,"WT_5XFAD1_CAAGATCTCACGACTA-1"
"WT_5XFAD1",949,757,"GSM4173510","WT_5XFAD1","WT_5XFAD",1,"WT","5XFAD",0,"9","9","9","Microglia",TRUE,"WT_5XFAD1_CAAGATCTCAGCTCTC-1"
"WT_5XFAD1",941,765,"GSM4173510","WT_5XFAD1","WT_5XFAD",1,"WT","5XFAD",0.318809776833156,"9","9","9","Microglia",TRUE,"WT_5XFAD1_CAAGATCTCGTACGGC-1"
"WT_5XFAD1",777,644,"GSM4173510","WT_5XFAD1","WT_5XFAD",1,"WT","5XFAD",0.514800514800515,"9","9","9","Microglia",TRUE,"WT_5XFAD1_CAAGTTGAGCGTCAAG-1"
"WT_5XFAD1",1219,953,"GSM4173510","WT_5XFAD1","WT_5XFAD",1,"WT","5XFAD",0.0820344544708778,"9","9","9","Microglia",TRUE,"WT_5XFAD1_CAAGTTGGTGCGGTAA-1"
"WT_5XFAD1",756,625,"GSM4173510","WT_5XFAD1","WT_5XFAD",1,"WT","5XFAD",5.29100529100529,"9","9","9","Microglia",TRUE,"WT_5XFAD1_CACACTCCAGTAGAGC-1"
"WT_5XFAD1",1411,1089,"GSM4173510","WT_5XFAD1","WT_5XFAD",1,"WT","5XFAD",0.496102055279943,"9","9","9","Microglia",TRUE,"WT_5XFAD1_CACAGGCAGACGCTTT-1"
"WT_5XFAD1",1185,968,"GSM4173510","WT_5XFAD1","WT_5XFAD",1,"WT","5XFAD",0.0843881856540084,"9","9","9","Microglia",TRUE,"WT_5XFAD1_CACAGTACATGTTGAC-1"
"WT_5XFAD1",1395,962,"GSM4173510","WT_5XFAD1","WT_5XFAD",1,"WT","5XFAD",0.0716845878136201,"9","9","9","Microglia",TRUE,"WT_5XFAD1_CACATAGAGGGAGTAA-1"
"WT_5XFAD1",1227,959,"GSM4173510","WT_5XFAD1","WT_5XFAD",1,"WT","5XFAD",1.87449062754686,"9","9","9","Microglia",TRUE,"WT_5XFAD1_CACATAGAGTTAGGTA-1"
"WT_5XFAD1",662,549,"GSM4173510","WT_5XFAD1","WT_5XFAD",1,"WT","5XFAD",0.302114803625378,"9","9","9","Microglia",TRUE,"WT_5XFAD1_CACATAGCAGATAATG-1"
"WT_5XFAD1",1329,1059,"GSM4173510","WT_5XFAD1","WT_5XFAD",1,"WT","5XFAD",0,"9","9","9","Microglia",TRUE,"WT_5XFAD1_CACCACTAGCAGACTG-1"
"WT_5XFAD1",1635,1184,"GSM4173510","WT_5XFAD1","WT_5XFAD",1,"WT","5XFAD",0.489296636085627,"9","9","9","Microglia",TRUE,"WT_5XFAD1_CACCACTCAGCTGTGC-1"
"WT_5XFAD1",1160,902,"GSM4173510","WT_5XFAD1","WT_5XFAD",1,"WT","5XFAD",0.0862068965517241,"9","9","9","Microglia",TRUE,"WT_5XFAD1_CACCTTGTCTGCTGTC-1"
"WT_5XFAD1",1267,997,"GSM4173510","WT_5XFAD1","WT_5XFAD",1,"WT","5XFAD",0.947119179163378,"9","9","9","Microglia",TRUE,"WT_5XFAD1_CAGAGAGCAGCCTATA-1"
"WT_5XFAD1",945,777,"GSM4173510","WT_5XFAD1","WT_5XFAD",1,"WT","5XFAD",0.105820105820106,"9","9","9","Microglia",TRUE,"WT_5XFAD1_CAGCCGACATTCCTCG-1"
"WT_5XFAD1",1022,806,"GSM4173510","WT_5XFAD1","WT_5XFAD",1,"WT","5XFAD",0.293542074363992,"9","9","9","Microglia",TRUE,"WT_5XFAD1_CAGCGACCAGCCTTTC-1"
"WT_5XFAD1",1114,879,"GSM4173510","WT_5XFAD1","WT_5XFAD",1,"WT","5XFAD",0.807899461400359,"9","9","9","Microglia",TRUE,"WT_5XFAD1_CAGCTAACAGACGCTC-1"
"WT_5XFAD1",1543,1126,"GSM4173510","WT_5XFAD1","WT_5XFAD",1,"WT","5XFAD",5.96241088788075,"9","9","9","Microglia",TRUE,"WT_5XFAD1_CAGCTAACAGACTCGC-1"
"WT_5XFAD1",1116,906,"GSM4173510","WT_5XFAD1","WT_5XFAD",1,"WT","5XFAD",0,"9","9","9","Microglia",TRUE,"WT_5XFAD1_CAGCTGGCACGCCAGT-1"
"WT_5XFAD1",1196,917,"GSM4173510","WT_5XFAD1","WT_5XFAD",1,"WT","5XFAD",0.0836120401337793,"9","9","9","Microglia",TRUE,"WT_5XFAD1_CAGGTGCGTCTGCAAT-1"
"WT_5XFAD1",1176,934,"GSM4173510","WT_5XFAD1","WT_5XFAD",1,"WT","5XFAD",0.170068027210884,"9","9","9","Microglia",TRUE,"WT_5XFAD1_CAGGTGCTCTTTAGGG-1"
"WT_5XFAD1",768,637,"GSM4173510","WT_5XFAD1","WT_5XFAD",1,"WT","5XFAD",0,"9","9","9","Microglia",TRUE,"WT_5XFAD1_CAGTAACAGTGAATTG-1"
"WT_5XFAD1",606,506,"GSM4173510","WT_5XFAD1","WT_5XFAD",1,"WT","5XFAD",0.33003300330033,"9","9","9","Microglia",TRUE,"WT_5XFAD1_CATCAAGGTTACCAGT-1"
"WT_5XFAD1",542,435,"GSM4173510","WT_5XFAD1","WT_5XFAD",1,"WT","5XFAD",0.18450184501845,"9","9","9","Microglia",TRUE,"WT_5XFAD1_CATCAGAAGGCTACGA-1"
"WT_5XFAD1",974,779,"GSM4173510","WT_5XFAD1","WT_5XFAD",1,"WT","5XFAD",0.205338809034908,"9","9","9","Microglia",TRUE,"WT_5XFAD1_CATCCACGTGACTCAT-1"
"WT_5XFAD1",1713,1303,"GSM4173510","WT_5XFAD1","WT_5XFAD",1,"WT","5XFAD",0.467016929363689,"9","9","9","Microglia",TRUE,"WT_5XFAD1_CATCCACTCTAACCGA-1"
"WT_5XFAD1",1395,1083,"GSM4173510","WT_5XFAD1","WT_5XFAD",1,"WT","5XFAD",0.3584229390681,"9","9","9","Microglia",TRUE,"WT_5XFAD1_CATGACATCAGTGCAT-1"
"WT_5XFAD1",786,658,"GSM4173510","WT_5XFAD1","WT_5XFAD",1,"WT","5XFAD",0.89058524173028,"9","9","9","Microglia",TRUE,"WT_5XFAD1_CATTATCAGCTACCGC-1"
"WT_5XFAD1",1205,952,"GSM4173510","WT_5XFAD1","WT_5XFAD",1,"WT","5XFAD",0.24896265560166,"9","9","9","Microglia",TRUE,"WT_5XFAD1_CATTATCCATGCCTTC-1"
"WT_5XFAD1",1405,1101,"GSM4173510","WT_5XFAD1","WT_5XFAD",1,"WT","5XFAD",1.28113879003559,"9","9","9","Microglia",TRUE,"WT_5XFAD1_CCAATCCGTGATAAGT-1"
"WT_5XFAD1",541,443,"GSM4173510","WT_5XFAD1","WT_5XFAD",1,"WT","5XFAD",2.58780036968577,"9","9","9","Microglia",TRUE,"WT_5XFAD1_CCACCTAAGTTCGATC-1"
"WT_5XFAD1",1271,1021,"GSM4173510","WT_5XFAD1","WT_5XFAD",1,"WT","5XFAD",0.629425649095201,"9","9","9","Microglia",TRUE,"WT_5XFAD1_CCACGGACAAGTTGTC-1"
"WT_5XFAD1",723,600,"GSM4173510","WT_5XFAD1","WT_5XFAD",1,"WT","5XFAD",0,"9","9","9","Microglia",TRUE,"WT_5XFAD1_CCACTACAGTCAAGCG-1"
"WT_5XFAD1",994,830,"GSM4173510","WT_5XFAD1","WT_5XFAD",1,"WT","5XFAD",0,"9","9","9","Microglia",TRUE,"WT_5XFAD1_CCACTACTCAGGTTCA-1"
"WT_5XFAD1",1584,1143,"GSM4173510","WT_5XFAD1","WT_5XFAD",1,"WT","5XFAD",0.631313131313131,"9","9","9","Microglia",TRUE,"WT_5XFAD1_CCACTACTCTTGTACT-1"
"WT_5XFAD1",1116,878,"GSM4173510","WT_5XFAD1","WT_5XFAD",1,"WT","5XFAD",0.268817204301075,"9","9","9","Microglia",TRUE,"WT_5XFAD1_CCATGTCGTTCTCATT-1"
"WT_5XFAD1",966,708,"GSM4173510","WT_5XFAD1","WT_5XFAD",1,"WT","5XFAD",0.41407867494824,"9","9","9","Microglia",TRUE,"WT_5XFAD1_CCATTCGAGGTGGGTT-1"
"WT_5XFAD1",1178,866,"GSM4173510","WT_5XFAD1","WT_5XFAD",1,"WT","5XFAD",0.169779286926995,"9","9","9","Microglia",TRUE,"WT_5XFAD1_CCCTCCTCAATCCGAT-1"
"WT_5XFAD1",1143,890,"GSM4173510","WT_5XFAD1","WT_5XFAD",1,"WT","5XFAD",0.437445319335083,"9","9","9","Microglia",TRUE,"WT_5XFAD1_CCGGGATAGGATTCGG-1"
"WT_5XFAD1",961,755,"GSM4173510","WT_5XFAD1","WT_5XFAD",1,"WT","5XFAD",0.624349635796046,"9","9","9","Microglia",TRUE,"WT_5XFAD1_CCGGGATTCTCGCATC-1"
"WT_5XFAD1",923,749,"GSM4173510","WT_5XFAD1","WT_5XFAD",1,"WT","5XFAD",0.108342361863489,"9","9","9","Microglia",TRUE,"WT_5XFAD1_CCGGTAGGTCAGAGGT-1"
"WT_5XFAD1",1163,890,"GSM4173510","WT_5XFAD1","WT_5XFAD",1,"WT","5XFAD",0.343938091143594,"9","9","9","Microglia",TRUE,"WT_5XFAD1_CCGTTCATCAGCCTAA-1"
"WT_5XFAD1",1030,848,"GSM4173510","WT_5XFAD1","WT_5XFAD",1,"WT","5XFAD",0.194174757281553,"9","9","9","Microglia",TRUE,"WT_5XFAD1_CCGTTCATCTGTTGAG-1"
"WT_5XFAD1",1335,1050,"GSM4173510","WT_5XFAD1","WT_5XFAD",1,"WT","5XFAD",0,"9","9","9","Microglia",TRUE,"WT_5XFAD1_CCTACCACAATCAGAA-1"
"WT_5XFAD1",1003,838,"GSM4173510","WT_5XFAD1","WT_5XFAD",1,"WT","5XFAD",0.0997008973080758,"9","9","9","Microglia",TRUE,"WT_5XFAD1_CCTAGCTCACGGCGTT-1"
"WT_5XFAD1",1121,878,"GSM4173510","WT_5XFAD1","WT_5XFAD",1,"WT","5XFAD",0.267618198037467,"9","9","9","Microglia",TRUE,"WT_5XFAD1_CCTCAGTCACTTCTGC-1"
"WT_5XFAD1",1599,1181,"GSM4173510","WT_5XFAD1","WT_5XFAD",1,"WT","5XFAD",0.0625390869293308,"9","9","9","Microglia",TRUE,"WT_5XFAD1_CCTCAGTGTAAATGTG-1"
"WT_5XFAD1",1459,1113,"GSM4173510","WT_5XFAD1","WT_5XFAD",1,"WT","5XFAD",0.274160383824537,"9","9","9","Microglia",TRUE,"WT_5XFAD1_CCTCAGTTCACGACTA-1"
"WT_5XFAD1",960,774,"GSM4173510","WT_5XFAD1","WT_5XFAD",1,"WT","5XFAD",0.416666666666667,"9","9","9","Microglia",TRUE,"WT_5XFAD1_CCTCTGACAACTGCTA-1"
"WT_5XFAD1",1416,1066,"GSM4173510","WT_5XFAD1","WT_5XFAD",1,"WT","5XFAD",0,"9","9","9","Microglia",TRUE,"WT_5XFAD1_CCTCTGACATCGTCGG-1"
"WT_5XFAD1",1392,1051,"GSM4173510","WT_5XFAD1","WT_5XFAD",1,"WT","5XFAD",0.14367816091954,"9","9","9","Microglia",TRUE,"WT_5XFAD1_CCTTACGCAGGAATCG-1"
"WT_5XFAD1",970,802,"GSM4173510","WT_5XFAD1","WT_5XFAD",1,"WT","5XFAD",0,"9","9","9","Microglia",TRUE,"WT_5XFAD1_CCTTACGTCCTAGAAC-1"
"WT_5XFAD1",565,503,"GSM4173510","WT_5XFAD1","WT_5XFAD",1,"WT","5XFAD",1.41592920353982,"9","9","9","Microglia",TRUE,"WT_5XFAD1_CCTTCCCTCCACGAAT-1"
"WT_5XFAD1",993,818,"GSM4173510","WT_5XFAD1","WT_5XFAD",1,"WT","5XFAD",0,"9","9","9","Microglia",TRUE,"WT_5XFAD1_CCTTCGACAAACGCGA-1"
"WT_5XFAD1",1205,958,"GSM4173510","WT_5XFAD1","WT_5XFAD",1,"WT","5XFAD",0.24896265560166,"9","9","9","Microglia",TRUE,"WT_5XFAD1_CCTTCGATCATCTGCC-1"
"WT_5XFAD1",1296,986,"GSM4173510","WT_5XFAD1","WT_5XFAD",1,"WT","5XFAD",0.154320987654321,"9","9","9","Microglia",TRUE,"WT_5XFAD1_CCTTTCTTCACCAGGC-1"
"WT_5XFAD1",882,703,"GSM4173510","WT_5XFAD1","WT_5XFAD",1,"WT","5XFAD",0,"9","9","9","Microglia",TRUE,"WT_5XFAD1_CGAATGTTCACCCGAG-1"
"WT_5XFAD1",1285,1039,"GSM4173510","WT_5XFAD1","WT_5XFAD",1,"WT","5XFAD",0,"9","9","9","Microglia",TRUE,"WT_5XFAD1_CGAATGTTCTTTAGTC-1"
"WT_5XFAD1",1113,861,"GSM4173510","WT_5XFAD1","WT_5XFAD",1,"WT","5XFAD",1.61725067385445,"9","9","9","Microglia",TRUE,"WT_5XFAD1_CGACCTTAGTATGACA-1"
"WT_5XFAD1",1199,964,"GSM4173510","WT_5XFAD1","WT_5XFAD",1,"WT","5XFAD",0,"9","9","9","Microglia",TRUE,"WT_5XFAD1_CGACTTCAGGTGGGTT-1"
"WT_5XFAD1",1062,844,"GSM4173510","WT_5XFAD1","WT_5XFAD",1,"WT","5XFAD",0.282485875706215,"9","9","9","Microglia",TRUE,"WT_5XFAD1_CGACTTCAGTGGGATC-1"
"WT_5XFAD1",1514,1154,"GSM4173510","WT_5XFAD1","WT_5XFAD",1,"WT","5XFAD",0.792602377807133,"9","9","9","Microglia",TRUE,"WT_5XFAD1_CGAGAAGCATTATCTC-1"
"WT_5XFAD1",855,696,"GSM4173510","WT_5XFAD1","WT_5XFAD",1,"WT","5XFAD",0.701754385964912,"9","9","9","Microglia",TRUE,"WT_5XFAD1_CGAGCACTCAAGCCTA-1"
"WT_5XFAD1",1115,888,"GSM4173510","WT_5XFAD1","WT_5XFAD",1,"WT","5XFAD",0.179372197309417,"9","9","9","Microglia",TRUE,"WT_5XFAD1_CGAGCCAGTCTGCGGT-1"
"WT_5XFAD1",1131,891,"GSM4173510","WT_5XFAD1","WT_5XFAD",1,"WT","5XFAD",0.17683465959328,"9","9","9","Microglia",TRUE,"WT_5XFAD1_CGAGCCAGTGTGACCC-1"
"WT_5XFAD1",1072,853,"GSM4173510","WT_5XFAD1","WT_5XFAD",1,"WT","5XFAD",0,"9","9","9","Microglia",TRUE,"WT_5XFAD1_CGATCGGCATACAGCT-1"
"WT_5XFAD1",1218,981,"GSM4173510","WT_5XFAD1","WT_5XFAD",1,"WT","5XFAD",0.738916256157635,"9","9","9","Microglia",TRUE,"WT_5XFAD1_CGATCGGGTAAACCTC-1"
"WT_5XFAD1",646,555,"GSM4173510","WT_5XFAD1","WT_5XFAD",1,"WT","5XFAD",0.773993808049536,"9","9","9","Microglia",TRUE,"WT_5XFAD1_CGATCGGTCAGATAAG-1"
"WT_5XFAD1",1125,892,"GSM4173510","WT_5XFAD1","WT_5XFAD",1,"WT","5XFAD",0.711111111111111,"9","9","9","Microglia",TRUE,"WT_5XFAD1_CGATCGGTCCTCGCAT-1"
"WT_5XFAD1",1229,969,"GSM4173510","WT_5XFAD1","WT_5XFAD",1,"WT","5XFAD",0.406834825061025,"9","9","9","Microglia",TRUE,"WT_5XFAD1_CGATGTACACGGTAGA-1"
"WT_5XFAD1",1136,887,"GSM4173510","WT_5XFAD1","WT_5XFAD",1,"WT","5XFAD",1.05633802816901,"9","9","9","Microglia",TRUE,"WT_5XFAD1_CGCCAAGGTTGCGTTA-1"
"WT_5XFAD1",1118,908,"GSM4173510","WT_5XFAD1","WT_5XFAD",1,"WT","5XFAD",0.447227191413238,"9","9","9","Microglia",TRUE,"WT_5XFAD1_CGCGTTTCAAGCCATT-1"
"WT_5XFAD1",1145,918,"GSM4173510","WT_5XFAD1","WT_5XFAD",1,"WT","5XFAD",0.960698689956332,"9","9","9","Microglia",TRUE,"WT_5XFAD1_CGCTATCCAGTCGTGC-1"
"WT_5XFAD1",1226,963,"GSM4173510","WT_5XFAD1","WT_5XFAD",1,"WT","5XFAD",0.897226753670473,"9","9","9","Microglia",TRUE,"WT_5XFAD1_CGCTATCGTCTAGTGT-1"
"WT_5XFAD1",773,664,"GSM4173510","WT_5XFAD1","WT_5XFAD",1,"WT","5XFAD",0.129366106080207,"9","9","9","Microglia",TRUE,"WT_5XFAD1_CGCTGGAAGCCAGGAT-1"
"WT_5XFAD1",863,717,"GSM4173510","WT_5XFAD1","WT_5XFAD",1,"WT","5XFAD",0,"9","9","9","Microglia",TRUE,"WT_5XFAD1_CGCTGGAAGCCTATGT-1"
"WT_5XFAD1",1166,936,"GSM4173510","WT_5XFAD1","WT_5XFAD",1,"WT","5XFAD",0.0857632933104631,"9","9","9","Microglia",TRUE,"WT_5XFAD1_CGCTGGACACTTAACG-1"
"WT_5XFAD1",785,648,"GSM4173510","WT_5XFAD1","WT_5XFAD",1,"WT","5XFAD",0.509554140127389,"9","9","9","Microglia",TRUE,"WT_5XFAD1_CGCTGGATCCTCATTA-1"
"WT_5XFAD1",880,729,"GSM4173510","WT_5XFAD1","WT_5XFAD",1,"WT","5XFAD",0.227272727272727,"9","9","9","Microglia",TRUE,"WT_5XFAD1_CGGACACCATTGTGCA-1"
"WT_5XFAD1",988,825,"GSM4173510","WT_5XFAD1","WT_5XFAD",1,"WT","5XFAD",0.202429149797571,"9","9","9","Microglia",TRUE,"WT_5XFAD1_CGGACACTCTGACCTC-1"
"WT_5XFAD1",1057,835,"GSM4173510","WT_5XFAD1","WT_5XFAD",1,"WT","5XFAD",0.0946073793755913,"9","9","9","Microglia",TRUE,"WT_5XFAD1_CGGACGTAGCGATATA-1"
"WT_5XFAD1",1188,916,"GSM4173510","WT_5XFAD1","WT_5XFAD",1,"WT","5XFAD",0.168350168350168,"9","9","9","Microglia",TRUE,"WT_5XFAD1_CGGAGTCCATGCCTAA-1"
"WT_5XFAD1",923,742,"GSM4173510","WT_5XFAD1","WT_5XFAD",1,"WT","5XFAD",0.433369447453954,"9","9","9","Microglia",TRUE,"WT_5XFAD1_CGGCTAGCATCGATGT-1"
"WT_5XFAD1",1037,830,"GSM4173510","WT_5XFAD1","WT_5XFAD",1,"WT","5XFAD",0.289296046287367,"9","9","9","Microglia",TRUE,"WT_5XFAD1_CGGGTCACACTGAAGG-1"
"WT_5XFAD1",965,776,"GSM4173510","WT_5XFAD1","WT_5XFAD",1,"WT","5XFAD",0,"9","9","9","Microglia",TRUE,"WT_5XFAD1_CGGGTCAGTGAACCTT-1"
"WT_5XFAD1",1248,981,"GSM4173510","WT_5XFAD1","WT_5XFAD",1,"WT","5XFAD",0,"9","9","9","Microglia",TRUE,"WT_5XFAD1_CGGTTAAAGCCCAGCT-1"
"WT_5XFAD1",659,536,"GSM4173510","WT_5XFAD1","WT_5XFAD",1,"WT","5XFAD",0.303490136570561,"9","9","9","Microglia",TRUE,"WT_5XFAD1_CGGTTAAAGGTCGGAT-1"
"WT_5XFAD1",1456,1138,"GSM4173510","WT_5XFAD1","WT_5XFAD",1,"WT","5XFAD",0.686813186813187,"9","9","9","Microglia",TRUE,"WT_5XFAD1_CGGTTAACATTCACTT-1"
"WT_5XFAD1",1130,873,"GSM4173510","WT_5XFAD1","WT_5XFAD",1,"WT","5XFAD",5.39823008849558,"9","9","9","Microglia",TRUE,"WT_5XFAD1_CGGTTAATCGGTCTAA-1"
"WT_5XFAD1",1339,987,"GSM4173510","WT_5XFAD1","WT_5XFAD",1,"WT","5XFAD",0.896191187453323,"9","9","9","Microglia",TRUE,"WT_5XFAD1_CGTAGCGAGTGCAAGC-1"
"WT_5XFAD1",2272,1686,"GSM4173510","WT_5XFAD1","WT_5XFAD",1,"WT","5XFAD",0.308098591549296,"9","9","9","Microglia",TRUE,"WT_5XFAD1_CGTCAGGCACAACGTT-1"
"WT_5XFAD1",911,752,"GSM4173510","WT_5XFAD1","WT_5XFAD",1,"WT","5XFAD",0,"9","9","9","Microglia",TRUE,"WT_5XFAD1_CGTCTACCAGTCCTTC-1"
"WT_5XFAD1",1271,976,"GSM4173510","WT_5XFAD1","WT_5XFAD",1,"WT","5XFAD",0.3147128245476,"9","9","9","Microglia",TRUE,"WT_5XFAD1_CGTGAGCGTTAAGAAC-1"
"WT_5XFAD1",1082,669,"GSM4173510","WT_5XFAD1","WT_5XFAD",1,"WT","5XFAD",2.40295748613678,"9","9","9","Microglia",TRUE,"WT_5XFAD1_CGTGAGCTCGAATCCA-1"
"WT_5XFAD1",932,746,"GSM4173510","WT_5XFAD1","WT_5XFAD",1,"WT","5XFAD",0.107296137339056,"9","9","9","Microglia",TRUE,"WT_5XFAD1_CGTGTCTCAAACGTGG-1"
"WT_5XFAD1",1210,970,"GSM4173510","WT_5XFAD1","WT_5XFAD",1,"WT","5XFAD",0.578512396694215,"9","9","9","Microglia",TRUE,"WT_5XFAD1_CGTGTCTTCTGGAGCC-1"
"WT_5XFAD1",1313,978,"GSM4173510","WT_5XFAD1","WT_5XFAD",1,"WT","5XFAD",0.913937547600914,"9","9","9","Microglia",TRUE,"WT_5XFAD1_CGTTAGATCTAACCGA-1"
"WT_5XFAD1",830,634,"GSM4173510","WT_5XFAD1","WT_5XFAD",1,"WT","5XFAD",1.56626506024096,"9","9","9","Microglia",TRUE,"WT_5XFAD1_CGTTCTGAGTAGGCCA-1"
"WT_5XFAD1",1042,806,"GSM4173510","WT_5XFAD1","WT_5XFAD",1,"WT","5XFAD",0.191938579654511,"9","9","9","Microglia",TRUE,"WT_5XFAD1_CGTTCTGTCATCACCC-1"
"WT_5XFAD1",1222,971,"GSM4173510","WT_5XFAD1","WT_5XFAD",1,"WT","5XFAD",0.572831423895254,"9","9","9","Microglia",TRUE,"WT_5XFAD1_CTAACTTAGCGTCTAT-1"
"WT_5XFAD1",649,555,"GSM4173510","WT_5XFAD1","WT_5XFAD",1,"WT","5XFAD",0.154083204930663,"9","9","9","Microglia",TRUE,"WT_5XFAD1_CTAACTTCAAGACGTG-1"
"WT_5XFAD1",1339,1054,"GSM4173510","WT_5XFAD1","WT_5XFAD",1,"WT","5XFAD",0.373412994772218,"9","9","9","Microglia",TRUE,"WT_5XFAD1_CTAACTTCATACGCTA-1"
"WT_5XFAD1",1301,1036,"GSM4173510","WT_5XFAD1","WT_5XFAD",1,"WT","5XFAD",0.999231360491929,"9","9","9","Microglia",TRUE,"WT_5XFAD1_CTAACTTGTACTTAGC-1"
"WT_5XFAD1",1194,715,"GSM4173510","WT_5XFAD1","WT_5XFAD",1,"WT","5XFAD",3.93634840871022,"9","9","9","Microglia",TRUE,"WT_5XFAD1_CTAAGACCAGGTGCCT-1"
"WT_5XFAD1",899,732,"GSM4173510","WT_5XFAD1","WT_5XFAD",1,"WT","5XFAD",0.444938820912125,"9","9","9","Microglia",TRUE,"WT_5XFAD1_CTAAGACTCCCTTGTG-1"
"WT_5XFAD1",2009,1473,"GSM4173510","WT_5XFAD1","WT_5XFAD",1,"WT","5XFAD",0.348432055749129,"9","9","9","Microglia",TRUE,"WT_5XFAD1_CTACACCAGATGTGGC-1"
"WT_5XFAD1",1816,1356,"GSM4173510","WT_5XFAD1","WT_5XFAD",1,"WT","5XFAD",0.550660792951542,"9","9","9","Microglia",TRUE,"WT_5XFAD1_CTACACCAGTGAAGTT-1"
"WT_5XFAD1",941,738,"GSM4173510","WT_5XFAD1","WT_5XFAD",1,"WT","5XFAD",0,"9","9","9","Microglia",TRUE,"WT_5XFAD1_CTACACCCACAGGAGT-1"
"WT_5XFAD1",1265,982,"GSM4173510","WT_5XFAD1","WT_5XFAD",1,"WT","5XFAD",0.632411067193676,"9","9","9","Microglia",TRUE,"WT_5XFAD1_CTACATTTCGATCCCT-1"
"WT_5XFAD1",1298,1015,"GSM4173510","WT_5XFAD1","WT_5XFAD",1,"WT","5XFAD",0,"9","9","9","Microglia",TRUE,"WT_5XFAD1_CTACCCAAGTTAGGTA-1"
"WT_5XFAD1",1191,959,"GSM4173510","WT_5XFAD1","WT_5XFAD",1,"WT","5XFAD",0.419815281276238,"9","9","9","Microglia",TRUE,"WT_5XFAD1_CTAGAGTAGAGATGAG-1"
"WT_5XFAD1",1645,1257,"GSM4173510","WT_5XFAD1","WT_5XFAD",1,"WT","5XFAD",0.243161094224924,"9","9","9","Microglia",TRUE,"WT_5XFAD1_CTAGCCTCAATGACCT-1"
"WT_5XFAD1",1496,1142,"GSM4173510","WT_5XFAD1","WT_5XFAD",1,"WT","5XFAD",0.0668449197860962,"9","9","9","Microglia",TRUE,"WT_5XFAD1_CTAGCCTGTTCATGGT-1"
"WT_5XFAD1",1590,1126,"GSM4173510","WT_5XFAD1","WT_5XFAD",1,"WT","5XFAD",0,"9","9","9","Microglia",TRUE,"WT_5XFAD1_CTAGTGACAGTCGATT-1"
"WT_5XFAD1",1202,964,"GSM4173510","WT_5XFAD1","WT_5XFAD",1,"WT","5XFAD",0.665557404326123,"9","9","9","Microglia",TRUE,"WT_5XFAD1_CTAGTGAGTCTCATCC-1"
"WT_5XFAD1",542,427,"GSM4173510","WT_5XFAD1","WT_5XFAD",1,"WT","5XFAD",0.18450184501845,"9","9","9","Microglia",TRUE,"WT_5XFAD1_CTCACACCAGTAACGG-1"
"WT_5XFAD1",1928,1401,"GSM4173510","WT_5XFAD1","WT_5XFAD",1,"WT","5XFAD",0.20746887966805,"9","9","9","Microglia",TRUE,"WT_5XFAD1_CTCCTAGAGACACGAC-1"
"WT_5XFAD1",1019,810,"GSM4173510","WT_5XFAD1","WT_5XFAD",1,"WT","5XFAD",0.098135426889107,"9","9","9","Microglia",TRUE,"WT_5XFAD1_CTCCTAGAGTTTAGGA-1"
"WT_5XFAD1",1645,1215,"GSM4173510","WT_5XFAD1","WT_5XFAD",1,"WT","5XFAD",0.425531914893617,"9","9","9","Microglia",TRUE,"WT_5XFAD1_CTCCTAGTCAGTACGT-1"
"WT_5XFAD1",1175,912,"GSM4173510","WT_5XFAD1","WT_5XFAD",1,"WT","5XFAD",0.25531914893617,"9","9","9","Microglia",TRUE,"WT_5XFAD1_CTCCTAGTCCAAACAC-1"
"WT_5XFAD1",611,525,"GSM4173510","WT_5XFAD1","WT_5XFAD",1,"WT","5XFAD",0,"9","9","9","Microglia",TRUE,"WT_5XFAD1_CTCGAAATCTATCCTA-1"
"WT_5XFAD1",1414,1101,"GSM4173510","WT_5XFAD1","WT_5XFAD",1,"WT","5XFAD",0.495049504950495,"9","9","9","Microglia",TRUE,"WT_5XFAD1_CTCGAGGCACAGACAG-1"
"WT_5XFAD1",1155,912,"GSM4173510","WT_5XFAD1","WT_5XFAD",1,"WT","5XFAD",0.779220779220779,"9","9","9","Microglia",TRUE,"WT_5XFAD1_CTCGGAGGTATGCTTG-1"
"WT_5XFAD1",703,601,"GSM4173510","WT_5XFAD1","WT_5XFAD",1,"WT","5XFAD",0.142247510668563,"9","9","9","Microglia",TRUE,"WT_5XFAD1_CTCGGGAAGGATGTAT-1"
"WT_5XFAD1",1060,855,"GSM4173510","WT_5XFAD1","WT_5XFAD",1,"WT","5XFAD",0.471698113207547,"9","9","9","Microglia",TRUE,"WT_5XFAD1_CTCGGGATCTTGTATC-1"
"WT_5XFAD1",1200,930,"GSM4173510","WT_5XFAD1","WT_5XFAD",1,"WT","5XFAD",0.0833333333333333,"9","9","9","Microglia",TRUE,"WT_5XFAD1_CTCGTCAGTCCATGAT-1"
"WT_5XFAD1",786,658,"GSM4173510","WT_5XFAD1","WT_5XFAD",1,"WT","5XFAD",0,"9","9","9","Microglia",TRUE,"WT_5XFAD1_CTCTAATTCTGATACG-1"
"WT_5XFAD1",956,746,"GSM4173510","WT_5XFAD1","WT_5XFAD",1,"WT","5XFAD",0.627615062761506,"9","9","9","Microglia",TRUE,"WT_5XFAD1_CTGAAACAGAGGGATA-1"
"WT_5XFAD1",929,751,"GSM4173510","WT_5XFAD1","WT_5XFAD",1,"WT","5XFAD",0.215285252960172,"9","9","9","Microglia",TRUE,"WT_5XFAD1_CTGAAACGTCAGGACA-1"
"WT_5XFAD1",539,447,"GSM4173510","WT_5XFAD1","WT_5XFAD",1,"WT","5XFAD",0.185528756957328,"9","9","9","Microglia",TRUE,"WT_5XFAD1_CTGAAACGTTAGAACA-1"
"WT_5XFAD1",1013,828,"GSM4173510","WT_5XFAD1","WT_5XFAD",1,"WT","5XFAD",0,"9","9","9","Microglia",TRUE,"WT_5XFAD1_CTGAAGTAGACCTAGG-1"
"WT_5XFAD1",1169,886,"GSM4173510","WT_5XFAD1","WT_5XFAD",1,"WT","5XFAD",0.342172797262618,"9","9","9","Microglia",TRUE,"WT_5XFAD1_CTGAAGTGTCTAGAGG-1"
"WT_5XFAD1",2303,1666,"GSM4173510","WT_5XFAD1","WT_5XFAD",1,"WT","5XFAD",0.390794615718628,"9","9","9","Microglia",TRUE,"WT_5XFAD1_CTGATAGAGGTCATCT-1"
"WT_5XFAD1",1075,875,"GSM4173510","WT_5XFAD1","WT_5XFAD",1,"WT","5XFAD",0.0930232558139535,"9","9","9","Microglia",TRUE,"WT_5XFAD1_CTGATAGTCTTAGCCC-1"
"WT_5XFAD1",1572,1201,"GSM4173510","WT_5XFAD1","WT_5XFAD",1,"WT","5XFAD",0.572519083969466,"9","9","9","Microglia",TRUE,"WT_5XFAD1_CTGATCCTCTTCATGT-1"
"WT_5XFAD1",843,712,"GSM4173510","WT_5XFAD1","WT_5XFAD",1,"WT","5XFAD",0.474495848161329,"9","9","9","Microglia",TRUE,"WT_5XFAD1_CTGCGGAAGTCGTACT-1"
"WT_5XFAD1",963,801,"GSM4173510","WT_5XFAD1","WT_5XFAD",1,"WT","5XFAD",0.103842159916926,"9","9","9","Microglia",TRUE,"WT_5XFAD1_CTGCGGATCAAAGTAG-1"
"WT_5XFAD1",1098,872,"GSM4173510","WT_5XFAD1","WT_5XFAD",1,"WT","5XFAD",0.63752276867031,"9","9","9","Microglia",TRUE,"WT_5XFAD1_CTGCTGTGTCATCGGC-1"
"WT_5XFAD1",1333,1025,"GSM4173510","WT_5XFAD1","WT_5XFAD",1,"WT","5XFAD",0.375093773443361,"9","9","9","Microglia",TRUE,"WT_5XFAD1_CTTAACTGTCTCCATC-1"
"WT_5XFAD1",798,660,"GSM4173510","WT_5XFAD1","WT_5XFAD",1,"WT","5XFAD",0.25062656641604,"9","9","9","Microglia",TRUE,"WT_5XFAD1_CTTAGGAGTGGCAAAC-1"
"WT_5XFAD1",1045,839,"GSM4173510","WT_5XFAD1","WT_5XFAD",1,"WT","5XFAD",0,"9","9","9","Microglia",TRUE,"WT_5XFAD1_CTTAGGATCTGCCAGG-1"
"WT_5XFAD1",1022,841,"GSM4173510","WT_5XFAD1","WT_5XFAD",1,"WT","5XFAD",0.0978473581213307,"9","9","9","Microglia",TRUE,"WT_5XFAD1_CTTGGCTCATGATCCA-1"
"WT_5XFAD1",1706,1272,"GSM4173510","WT_5XFAD1","WT_5XFAD",1,"WT","5XFAD",0.41031652989449,"9","9","9","Microglia",TRUE,"WT_5XFAD1_CTTTGCGCAGCTGTAT-1"
"WT_5XFAD1",1681,1289,"GSM4173510","WT_5XFAD1","WT_5XFAD",1,"WT","5XFAD",0.951814396192742,"9","9","9","Microglia",TRUE,"WT_5XFAD1_CTTTGCGCATGGGACA-1"
"WT_5XFAD1",1270,1020,"GSM4173510","WT_5XFAD1","WT_5XFAD",1,"WT","5XFAD",0.393700787401575,"9","9","9","Microglia",TRUE,"WT_5XFAD1_CTTTGCGCATGTTGAC-1"
"WT_5XFAD1",906,682,"GSM4173510","WT_5XFAD1","WT_5XFAD",1,"WT","5XFAD",0.11037527593819,"9","9","9","Microglia",TRUE,"WT_5XFAD1_GAAATGACAAGCGATG-1"
"WT_5XFAD1",1307,1022,"GSM4173510","WT_5XFAD1","WT_5XFAD",1,"WT","5XFAD",0.382555470543229,"9","9","9","Microglia",TRUE,"WT_5XFAD1_GAACATCTCGGCGCTA-1"
"WT_5XFAD1",1593,1215,"GSM4173510","WT_5XFAD1","WT_5XFAD",1,"WT","5XFAD",0.0627746390458255,"9","9","9","Microglia",TRUE,"WT_5XFAD1_GAACCTATCAATCTCT-1"
"WT_5XFAD1",994,804,"GSM4173510","WT_5XFAD1","WT_5XFAD",1,"WT","5XFAD",0,"9","9","9","Microglia",TRUE,"WT_5XFAD1_GAATGAAAGCGTCTAT-1"
"WT_5XFAD1",1424,1075,"GSM4173510","WT_5XFAD1","WT_5XFAD",1,"WT","5XFAD",1.05337078651685,"9","9","9","Microglia",TRUE,"WT_5XFAD1_GAATGAACACCTCGTT-1"
"WT_5XFAD1",1164,926,"GSM4173510","WT_5XFAD1","WT_5XFAD",1,"WT","5XFAD",0,"9","9","9","Microglia",TRUE,"WT_5XFAD1_GAATGAAGTTTAGGAA-1"
"WT_5XFAD1",1422,1061,"GSM4173510","WT_5XFAD1","WT_5XFAD",1,"WT","5XFAD",0.140646976090014,"9","9","9","Microglia",TRUE,"WT_5XFAD1_GACCAATTCCATGAGT-1"
"WT_5XFAD1",965,804,"GSM4173510","WT_5XFAD1","WT_5XFAD",1,"WT","5XFAD",0,"9","9","9","Microglia",TRUE,"WT_5XFAD1_GACCTGGCAAGCCGCT-1"
"WT_5XFAD1",1658,1197,"GSM4173510","WT_5XFAD1","WT_5XFAD",1,"WT","5XFAD",0.663449939686369,"9","9","9","Microglia",TRUE,"WT_5XFAD1_GACCTGGCACAGACTT-1"
"WT_5XFAD1",1212,971,"GSM4173510","WT_5XFAD1","WT_5XFAD",1,"WT","5XFAD",0.247524752475248,"9","9","9","Microglia",TRUE,"WT_5XFAD1_GACCTGGCACTAGTAC-1"
"WT_5XFAD1",1094,868,"GSM4173510","WT_5XFAD1","WT_5XFAD",1,"WT","5XFAD",0.0914076782449726,"9","9","9","Microglia",TRUE,"WT_5XFAD1_GACGCGTTCGCCGTGA-1"
"WT_5XFAD1",1118,886,"GSM4173510","WT_5XFAD1","WT_5XFAD",1,"WT","5XFAD",0.178890876565295,"9","9","9","Microglia",TRUE,"WT_5XFAD1_GACGGCTAGGGATCTG-1"
"WT_5XFAD1",1533,1163,"GSM4173510","WT_5XFAD1","WT_5XFAD",1,"WT","5XFAD",0.391389432485323,"9","9","9","Microglia",TRUE,"WT_5XFAD1_GACGTGCTCTGCCAGG-1"
"WT_5XFAD1",1095,911,"GSM4173510","WT_5XFAD1","WT_5XFAD",1,"WT","5XFAD",0.45662100456621,"9","9","9","Microglia",TRUE,"WT_5XFAD1_GACGTTAGTGAAATCA-1"
"WT_5XFAD1",1151,920,"GSM4173510","WT_5XFAD1","WT_5XFAD",1,"WT","5XFAD",0,"9","9","9","Microglia",TRUE,"WT_5XFAD1_GACGTTAGTGCTTCTC-1"
"WT_5XFAD1",1749,1290,"GSM4173510","WT_5XFAD1","WT_5XFAD",1,"WT","5XFAD",0.0571755288736421,"9","9","9","Microglia",TRUE,"WT_5XFAD1_GACTAACAGTGTACCT-1"
"WT_5XFAD1",695,571,"GSM4173510","WT_5XFAD1","WT_5XFAD",1,"WT","5XFAD",0.575539568345324,"9","9","9","Microglia",TRUE,"WT_5XFAD1_GACTAACGTCGGGTCT-1"
"WT_5XFAD1",1397,1078,"GSM4173510","WT_5XFAD1","WT_5XFAD",1,"WT","5XFAD",0,"9","9","9","Microglia",TRUE,"WT_5XFAD1_GACTAACGTGGAAAGA-1"
"WT_5XFAD1",1246,941,"GSM4173510","WT_5XFAD1","WT_5XFAD",1,"WT","5XFAD",0.240770465489567,"9","9","9","Microglia",TRUE,"WT_5XFAD1_GACTACAGTAAACGCG-1"
"WT_5XFAD1",1192,916,"GSM4173510","WT_5XFAD1","WT_5XFAD",1,"WT","5XFAD",0,"9","9","9","Microglia",TRUE,"WT_5XFAD1_GACTGCGGTACTTCTT-1"
"WT_5XFAD1",1231,940,"GSM4173510","WT_5XFAD1","WT_5XFAD",1,"WT","5XFAD",0.487408610885459,"9","9","9","Microglia",TRUE,"WT_5XFAD1_GAGCAGACATAAGACA-1"
"WT_5XFAD1",845,689,"GSM4173510","WT_5XFAD1","WT_5XFAD",1,"WT","5XFAD",0.236686390532544,"9","9","9","Microglia",TRUE,"WT_5XFAD1_GAGGTGATCAGGCAAG-1"
"WT_5XFAD1",901,743,"GSM4173510","WT_5XFAD1","WT_5XFAD",1,"WT","5XFAD",0.554938956714761,"9","9","9","Microglia",TRUE,"WT_5XFAD1_GATCAGTAGGCAAAGA-1"
"WT_5XFAD1",1346,1078,"GSM4173510","WT_5XFAD1","WT_5XFAD",1,"WT","5XFAD",0.37147102526003,"9","9","9","Microglia",TRUE,"WT_5XFAD1_GATCGATCACATCCGG-1"
"WT_5XFAD1",1220,938,"GSM4173510","WT_5XFAD1","WT_5XFAD",1,"WT","5XFAD",0.163934426229508,"9","9","9","Microglia",TRUE,"WT_5XFAD1_GATCGCGCACTGTGTA-1"
"WT_5XFAD1",1023,820,"GSM4173510","WT_5XFAD1","WT_5XFAD",1,"WT","5XFAD",0.684261974584555,"9","9","9","Microglia",TRUE,"WT_5XFAD1_GATCGTAAGTGCCATT-1"
"WT_5XFAD1",1275,983,"GSM4173510","WT_5XFAD1","WT_5XFAD",1,"WT","5XFAD",0.235294117647059,"9","9","9","Microglia",TRUE,"WT_5XFAD1_GATCGTAGTTCGTGAT-1"
"WT_5XFAD1",1140,919,"GSM4173510","WT_5XFAD1","WT_5XFAD",1,"WT","5XFAD",0.087719298245614,"9","9","9","Microglia",TRUE,"WT_5XFAD1_GATCGTAGTTGCTCCT-1"
"WT_5XFAD1",1193,938,"GSM4173510","WT_5XFAD1","WT_5XFAD",1,"WT","5XFAD",0.167644593461861,"9","9","9","Microglia",TRUE,"WT_5XFAD1_GATCGTAGTTGGGACA-1"
"WT_5XFAD1",1235,990,"GSM4173510","WT_5XFAD1","WT_5XFAD",1,"WT","5XFAD",0.323886639676113,"9","9","9","Microglia",TRUE,"WT_5XFAD1_GATCTAGAGCTAGTCT-1"
"WT_5XFAD1",1352,1046,"GSM4173510","WT_5XFAD1","WT_5XFAD",1,"WT","5XFAD",0.369822485207101,"9","9","9","Microglia",TRUE,"WT_5XFAD1_GATCTAGCATACCATG-1"
"WT_5XFAD1",1382,1076,"GSM4173510","WT_5XFAD1","WT_5XFAD",1,"WT","5XFAD",0.144717800289436,"9","9","9","Microglia",TRUE,"WT_5XFAD1_GATCTAGCATGCCCGA-1"
"WT_5XFAD1",1257,985,"GSM4173510","WT_5XFAD1","WT_5XFAD",1,"WT","5XFAD",1.03420843277645,"9","9","9","Microglia",TRUE,"WT_5XFAD1_GATGAAAAGGAGCGAG-1"
"WT_5XFAD1",1087,888,"GSM4173510","WT_5XFAD1","WT_5XFAD",1,"WT","5XFAD",0.275988960441582,"9","9","9","Microglia",TRUE,"WT_5XFAD1_GATGAAATCATAGCAC-1"
"WT_5XFAD1",1053,821,"GSM4173510","WT_5XFAD1","WT_5XFAD",1,"WT","5XFAD",3.13390313390313,"9","9","9","Microglia",TRUE,"WT_5XFAD1_GATGAAATCATGCATG-1"
"WT_5XFAD1",1043,854,"GSM4173510","WT_5XFAD1","WT_5XFAD",1,"WT","5XFAD",0,"9","9","9","Microglia",TRUE,"WT_5XFAD1_GATGAAATCGATAGAA-1"
"WT_5XFAD1",830,655,"GSM4173510","WT_5XFAD1","WT_5XFAD",1,"WT","5XFAD",0.72289156626506,"9","9","9","Microglia",TRUE,"WT_5XFAD1_GATGAGGTCTTCGGTC-1"
"WT_5XFAD1",1394,1052,"GSM4173510","WT_5XFAD1","WT_5XFAD",1,"WT","5XFAD",0.860832137733142,"9","9","9","Microglia",TRUE,"WT_5XFAD1_GATGCTAAGGATGTAT-1"
"WT_5XFAD1",1632,1200,"GSM4173510","WT_5XFAD1","WT_5XFAD",1,"WT","5XFAD",0.428921568627451,"9","9","9","Microglia",TRUE,"WT_5XFAD1_GATGCTAGTTAGGGTG-1"
"WT_5XFAD1",1575,1208,"GSM4173510","WT_5XFAD1","WT_5XFAD",1,"WT","5XFAD",0.698412698412698,"9","9","9","Microglia",TRUE,"WT_5XFAD1_GATTCAGCAAAGAATC-1"
"WT_5XFAD1",1469,1165,"GSM4173510","WT_5XFAD1","WT_5XFAD",1,"WT","5XFAD",0,"9","9","9","Microglia",TRUE,"WT_5XFAD1_GCAGCCACAGCTGCTG-1"
"WT_5XFAD1",1034,842,"GSM4173510","WT_5XFAD1","WT_5XFAD",1,"WT","5XFAD",0.773694390715667,"9","9","9","Microglia",TRUE,"WT_5XFAD1_GCAGTTACAGCTTCGG-1"
"WT_5XFAD1",751,630,"GSM4173510","WT_5XFAD1","WT_5XFAD",1,"WT","5XFAD",0.133155792276964,"9","9","9","Microglia",TRUE,"WT_5XFAD1_GCATGATGTCTGATCA-1"
"WT_5XFAD1",1532,1156,"GSM4173510","WT_5XFAD1","WT_5XFAD",1,"WT","5XFAD",0.718015665796345,"9","9","9","Microglia",TRUE,"WT_5XFAD1_GCCAAATCAGTATCTG-1"
"WT_5XFAD1",1960,1348,"GSM4173510","WT_5XFAD1","WT_5XFAD",1,"WT","5XFAD",0.0510204081632653,"9","9","9","Microglia",TRUE,"WT_5XFAD1_GCCTCTAGTCGCGGTT-1"
"WT_5XFAD1",1200,882,"GSM4173510","WT_5XFAD1","WT_5XFAD",1,"WT","5XFAD",0.916666666666667,"9","9","9","Microglia",TRUE,"WT_5XFAD1_GCCTCTATCAGCTCTC-1"
"WT_5XFAD1",945,746,"GSM4173510","WT_5XFAD1","WT_5XFAD",1,"WT","5XFAD",1.05820105820106,"9","9","9","Microglia",TRUE,"WT_5XFAD1_GCGACCAGTACAGTGG-1"
"WT_5XFAD1",1293,1005,"GSM4173510","WT_5XFAD1","WT_5XFAD",1,"WT","5XFAD",0.928074245939675,"9","9","9","Microglia",TRUE,"WT_5XFAD1_GCGCAACAGTCAATAG-1"
"WT_5XFAD1",1378,1083,"GSM4173510","WT_5XFAD1","WT_5XFAD",1,"WT","5XFAD",0.58055152394775,"9","9","9","Microglia",TRUE,"WT_5XFAD1_GCGCAGTAGTACGTAA-1"
"WT_5XFAD1",1226,941,"GSM4173510","WT_5XFAD1","WT_5XFAD",1,"WT","5XFAD",0.897226753670473,"9","9","9","Microglia",TRUE,"WT_5XFAD1_GCGCAGTGTTCAGGCC-1"
"WT_5XFAD1",946,790,"GSM4173510","WT_5XFAD1","WT_5XFAD",1,"WT","5XFAD",0.317124735729387,"9","9","9","Microglia",TRUE,"WT_5XFAD1_GCGCCAACAGGCTCAC-1"
"WT_5XFAD1",1226,998,"GSM4173510","WT_5XFAD1","WT_5XFAD",1,"WT","5XFAD",0.0815660685154976,"9","9","9","Microglia",TRUE,"WT_5XFAD1_GCGCCAACATAGAAAC-1"
"WT_5XFAD1",1330,1032,"GSM4173510","WT_5XFAD1","WT_5XFAD",1,"WT","5XFAD",0,"9","9","9","Microglia",TRUE,"WT_5XFAD1_GCGCCAATCACGAAGG-1"
"WT_5XFAD1",1988,1485,"GSM4173510","WT_5XFAD1","WT_5XFAD",1,"WT","5XFAD",0.201207243460765,"9","9","9","Microglia",TRUE,"WT_5XFAD1_GCTGCAGAGGATATAC-1"
"WT_5XFAD1",1154,895,"GSM4173510","WT_5XFAD1","WT_5XFAD",1,"WT","5XFAD",0.866551126516464,"9","9","9","Microglia",TRUE,"WT_5XFAD1_GCTGCAGGTACCATCA-1"
"WT_5XFAD1",1161,906,"GSM4173510","WT_5XFAD1","WT_5XFAD",1,"WT","5XFAD",0.258397932816538,"9","9","9","Microglia",TRUE,"WT_5XFAD1_GCTGCAGGTACTTGAC-1"
"WT_5XFAD1",660,550,"GSM4173510","WT_5XFAD1","WT_5XFAD",1,"WT","5XFAD",0.757575757575758,"9","9","9","Microglia",TRUE,"WT_5XFAD1_GCTGCAGGTGATAAGT-1"
"WT_5XFAD1",1039,850,"GSM4173510","WT_5XFAD1","WT_5XFAD",1,"WT","5XFAD",0.769971126082772,"9","9","9","Microglia",TRUE,"WT_5XFAD1_GCTGCAGGTGTATGGG-1"
"WT_5XFAD1",1170,899,"GSM4173510","WT_5XFAD1","WT_5XFAD",1,"WT","5XFAD",1.02564102564103,"9","9","9","Microglia",TRUE,"WT_5XFAD1_GCTGCGACAATGGAAT-1"
"WT_5XFAD1",1049,842,"GSM4173510","WT_5XFAD1","WT_5XFAD",1,"WT","5XFAD",0,"9","9","9","Microglia",TRUE,"WT_5XFAD1_GCTGCGACATACGCCG-1"
"WT_5XFAD1",750,609,"GSM4173510","WT_5XFAD1","WT_5XFAD",1,"WT","5XFAD",0.666666666666667,"9","9","9","Microglia",TRUE,"WT_5XFAD1_GCTGCGAGTCCGACGT-1"
"WT_5XFAD1",1336,1009,"GSM4173510","WT_5XFAD1","WT_5XFAD",1,"WT","5XFAD",0.0748502994011976,"9","9","9","Microglia",TRUE,"WT_5XFAD1_GCTGCTTGTCACTGGC-1"
"WT_5XFAD1",971,806,"GSM4173510","WT_5XFAD1","WT_5XFAD",1,"WT","5XFAD",0.82389289392379,"9","9","9","Microglia",TRUE,"WT_5XFAD1_GCTGCTTTCCCTTGCA-1"
"WT_5XFAD1",1130,881,"GSM4173510","WT_5XFAD1","WT_5XFAD",1,"WT","5XFAD",0.265486725663717,"9","9","9","Microglia",TRUE,"WT_5XFAD1_GCTGGGTCAAGGTTTC-1"
"WT_5XFAD1",2058,1560,"GSM4173510","WT_5XFAD1","WT_5XFAD",1,"WT","5XFAD",0.631681243926142,"9","9","9","Microglia",TRUE,"WT_5XFAD1_GCTGGGTTCACCGTAA-1"
"WT_5XFAD1",1077,828,"GSM4173510","WT_5XFAD1","WT_5XFAD",1,"WT","5XFAD",1.20705663881151,"9","9","9","Microglia",TRUE,"WT_5XFAD1_GCTTCCATCCGTAGTA-1"
"WT_5XFAD1",1102,916,"GSM4173510","WT_5XFAD1","WT_5XFAD",1,"WT","5XFAD",0.0907441016333938,"9","9","9","Microglia",TRUE,"WT_5XFAD1_GCTTGAAGTCTCACCT-1"
"WT_5XFAD1",683,575,"GSM4173510","WT_5XFAD1","WT_5XFAD",1,"WT","5XFAD",1.31771595900439,"9","9","9","Microglia",TRUE,"WT_5XFAD1_GGAAAGCTCAACGGCC-1"
"WT_5XFAD1",1300,1025,"GSM4173510","WT_5XFAD1","WT_5XFAD",1,"WT","5XFAD",0.461538461538462,"9","9","9","Microglia",TRUE,"WT_5XFAD1_GGAATAACATGTAAGA-1"
"WT_5XFAD1",1217,990,"GSM4173510","WT_5XFAD1","WT_5XFAD",1,"WT","5XFAD",0.0821692686935086,"9","9","9","Microglia",TRUE,"WT_5XFAD1_GGACAAGAGATTACCC-1"
"WT_5XFAD1",933,760,"GSM4173510","WT_5XFAD1","WT_5XFAD",1,"WT","5XFAD",0.321543408360129,"9","9","9","Microglia",TRUE,"WT_5XFAD1_GGACAAGCACATCTTT-1"
"WT_5XFAD1",1112,847,"GSM4173510","WT_5XFAD1","WT_5XFAD",1,"WT","5XFAD",0.179856115107914,"9","9","9","Microglia",TRUE,"WT_5XFAD1_GGACAAGTCCAACCAA-1"
"WT_5XFAD1",1183,945,"GSM4173510","WT_5XFAD1","WT_5XFAD",1,"WT","5XFAD",0.422654268808115,"9","9","9","Microglia",TRUE,"WT_5XFAD1_GGACAGAAGGAGTCTG-1"
"WT_5XFAD1",1195,926,"GSM4173510","WT_5XFAD1","WT_5XFAD",1,"WT","5XFAD",0.502092050209205,"9","9","9","Microglia",TRUE,"WT_5XFAD1_GGACAGAGTAAGCACG-1"
"WT_5XFAD1",1010,818,"GSM4173510","WT_5XFAD1","WT_5XFAD",1,"WT","5XFAD",0.198019801980198,"9","9","9","Microglia",TRUE,"WT_5XFAD1_GGATGTTAGCCCAATT-1"
"WT_5XFAD1",682,582,"GSM4173510","WT_5XFAD1","WT_5XFAD",1,"WT","5XFAD",0.293255131964809,"9","9","9","Microglia",TRUE,"WT_5XFAD1_GGATGTTAGCTAGCCC-1"
"WT_5XFAD1",1096,893,"GSM4173510","WT_5XFAD1","WT_5XFAD",1,"WT","5XFAD",0.0912408759124088,"9","9","9","Microglia",TRUE,"WT_5XFAD1_GGATGTTCAAGTAATG-1"
"WT_5XFAD1",1367,1071,"GSM4173510","WT_5XFAD1","WT_5XFAD",1,"WT","5XFAD",0.512070226773958,"9","9","9","Microglia",TRUE,"WT_5XFAD1_GGATGTTCAATGGTCT-1"
"WT_5XFAD1",1111,896,"GSM4173510","WT_5XFAD1","WT_5XFAD",1,"WT","5XFAD",0.45004500450045,"9","9","9","Microglia",TRUE,"WT_5XFAD1_GGATTACCAGCCAGAA-1"
"WT_5XFAD1",874,716,"GSM4173510","WT_5XFAD1","WT_5XFAD",1,"WT","5XFAD",0,"9","9","9","Microglia",TRUE,"WT_5XFAD1_GGCAATTAGTCTCCTC-1"
"WT_5XFAD1",833,678,"GSM4173510","WT_5XFAD1","WT_5XFAD",1,"WT","5XFAD",0.480192076830732,"9","9","9","Microglia",TRUE,"WT_5XFAD1_GGCGACTAGGCTCATT-1"
"WT_5XFAD1",994,811,"GSM4173510","WT_5XFAD1","WT_5XFAD",1,"WT","5XFAD",1.60965794768612,"9","9","9","Microglia",TRUE,"WT_5XFAD1_GGCTCGAAGGATGCGT-1"
"WT_5XFAD1",1563,1151,"GSM4173510","WT_5XFAD1","WT_5XFAD",1,"WT","5XFAD",0.127959053103007,"9","9","9","Microglia",TRUE,"WT_5XFAD1_GGCTGGTGTCGCGTGT-1"
"WT_5XFAD1",761,635,"GSM4173510","WT_5XFAD1","WT_5XFAD",1,"WT","5XFAD",0.919842312746386,"9","9","9","Microglia",TRUE,"WT_5XFAD1_GGGAATGAGACATAAC-1"
"WT_5XFAD1",1162,922,"GSM4173510","WT_5XFAD1","WT_5XFAD",1,"WT","5XFAD",0.344234079173838,"9","9","9","Microglia",TRUE,"WT_5XFAD1_GGGATGAAGGTGACCA-1"
"WT_5XFAD1",1409,1124,"GSM4173510","WT_5XFAD1","WT_5XFAD",1,"WT","5XFAD",0.14194464158978,"9","9","9","Microglia",TRUE,"WT_5XFAD1_GGGCACTCAACACCCG-1"
"WT_5XFAD1",1562,1218,"GSM4173510","WT_5XFAD1","WT_5XFAD",1,"WT","5XFAD",0,"9","9","9","Microglia",TRUE,"WT_5XFAD1_GGGCACTTCGCAGGCT-1"
"WT_5XFAD1",1392,1090,"GSM4173510","WT_5XFAD1","WT_5XFAD",1,"WT","5XFAD",0.646551724137931,"9","9","9","Microglia",TRUE,"WT_5XFAD1_GGGTCTGAGAAGGTGA-1"
"WT_5XFAD1",1164,926,"GSM4173510","WT_5XFAD1","WT_5XFAD",1,"WT","5XFAD",0.257731958762887,"9","9","9","Microglia",TRUE,"WT_5XFAD1_GGTATTGAGTGGAGAA-1"
"WT_5XFAD1",1240,980,"GSM4173510","WT_5XFAD1","WT_5XFAD",1,"WT","5XFAD",0.564516129032258,"9","9","9","Microglia",TRUE,"WT_5XFAD1_GGTATTGGTAAATGAC-1"
"WT_5XFAD1",821,688,"GSM4173510","WT_5XFAD1","WT_5XFAD",1,"WT","5XFAD",0.730816077953715,"9","9","9","Microglia",TRUE,"WT_5XFAD1_GGTGAAGAGCTAACTC-1"
"WT_5XFAD1",1135,928,"GSM4173510","WT_5XFAD1","WT_5XFAD",1,"WT","5XFAD",0.26431718061674,"9","9","9","Microglia",TRUE,"WT_5XFAD1_GGTGTTATCATAACCG-1"
"WT_5XFAD1",604,522,"GSM4173510","WT_5XFAD1","WT_5XFAD",1,"WT","5XFAD",0.165562913907285,"9","9","9","Microglia",TRUE,"WT_5XFAD1_GTAACTGCATCCCATC-1"
"WT_5XFAD1",1137,910,"GSM4173510","WT_5XFAD1","WT_5XFAD",1,"WT","5XFAD",0.0879507475813544,"9","9","9","Microglia",TRUE,"WT_5XFAD1_GTACGTAAGTCAAGGC-1"
"WT_5XFAD1",861,711,"GSM4173510","WT_5XFAD1","WT_5XFAD",1,"WT","5XFAD",0.232288037166086,"9","9","9","Microglia",TRUE,"WT_5XFAD1_GTAGGCCCAAGTAATG-1"
"WT_5XFAD1",887,724,"GSM4173510","WT_5XFAD1","WT_5XFAD",1,"WT","5XFAD",0.225479143179256,"9","9","9","Microglia",TRUE,"WT_5XFAD1_GTAGGCCTCTTCGAGA-1"
"WT_5XFAD1",2009,1461,"GSM4173510","WT_5XFAD1","WT_5XFAD",1,"WT","5XFAD",0.39820806371329,"9","9","9","Microglia",TRUE,"WT_5XFAD1_GTAGTCAAGTACATGA-1"
"WT_5XFAD1",1466,1150,"GSM4173510","WT_5XFAD1","WT_5XFAD",1,"WT","5XFAD",0.204638472032742,"9","9","9","Microglia",TRUE,"WT_5XFAD1_GTAGTCAGTGCACTTA-1"
"WT_5XFAD1",847,683,"GSM4173510","WT_5XFAD1","WT_5XFAD",1,"WT","5XFAD",0.708382526564345,"9","9","9","Microglia",TRUE,"WT_5XFAD1_GTAGTCATCAGTCAGT-1"
"WT_5XFAD1",1150,895,"GSM4173510","WT_5XFAD1","WT_5XFAD",1,"WT","5XFAD",0,"9","9","9","Microglia",TRUE,"WT_5XFAD1_GTAGTCATCTTATCTG-1"
"WT_5XFAD1",661,550,"GSM4173510","WT_5XFAD1","WT_5XFAD",1,"WT","5XFAD",0.75642965204236,"9","9","9","Microglia",TRUE,"WT_5XFAD1_GTATCTTAGAGGTACC-1"
"WT_5XFAD1",1616,1243,"GSM4173510","WT_5XFAD1","WT_5XFAD",1,"WT","5XFAD",0.185643564356436,"9","9","9","Microglia",TRUE,"WT_5XFAD1_GTCAAGTAGCACACAG-1"
"WT_5XFAD1",1082,891,"GSM4173510","WT_5XFAD1","WT_5XFAD",1,"WT","5XFAD",0.369685767097967,"9","9","9","Microglia",TRUE,"WT_5XFAD1_GTCAAGTGTGTTGAGG-1"
"WT_5XFAD1",2035,1546,"GSM4173510","WT_5XFAD1","WT_5XFAD",1,"WT","5XFAD",1.03194103194103,"9","9","9","Microglia",TRUE,"WT_5XFAD1_GTCAAGTTCTTGTACT-1"
"WT_5XFAD1",1028,811,"GSM4173510","WT_5XFAD1","WT_5XFAD",1,"WT","5XFAD",0,"9","9","9","Microglia",TRUE,"WT_5XFAD1_GTCACAAAGAAGGTTT-1"
"WT_5XFAD1",961,787,"GSM4173510","WT_5XFAD1","WT_5XFAD",1,"WT","5XFAD",0.520291363163372,"9","9","9","Microglia",TRUE,"WT_5XFAD1_GTCACGGAGGAGTCTG-1"
"WT_5XFAD1",844,675,"GSM4173510","WT_5XFAD1","WT_5XFAD",1,"WT","5XFAD",0.118483412322275,"9","9","9","Microglia",TRUE,"WT_5XFAD1_GTCACGGTCCCTAACC-1"
"WT_5XFAD1",1221,975,"GSM4173510","WT_5XFAD1","WT_5XFAD",1,"WT","5XFAD",0.573300573300573,"9","9","9","Microglia",TRUE,"WT_5XFAD1_GTCACGGTCCTTGACC-1"
"WT_5XFAD1",1017,821,"GSM4173510","WT_5XFAD1","WT_5XFAD",1,"WT","5XFAD",0.393313667649951,"9","9","9","Microglia",TRUE,"WT_5XFAD1_GTCATTTCATGTCTCC-1"
"WT_5XFAD1",517,442,"GSM4173510","WT_5XFAD1","WT_5XFAD",1,"WT","5XFAD",0,"9","9","9","Microglia",TRUE,"WT_5XFAD1_GTCCTCATCCCAAGAT-1"
"WT_5XFAD1",918,750,"GSM4173510","WT_5XFAD1","WT_5XFAD",1,"WT","5XFAD",1.52505446623094,"9","9","9","Microglia",TRUE,"WT_5XFAD1_GTCGGGTGTCTAGAGG-1"
"WT_5XFAD1",946,775,"GSM4173510","WT_5XFAD1","WT_5XFAD",1,"WT","5XFAD",0.105708245243129,"9","9","9","Microglia",TRUE,"WT_5XFAD1_GTCTTCGCAGCATACT-1"
"WT_5XFAD1",569,447,"GSM4173510","WT_5XFAD1","WT_5XFAD",1,"WT","5XFAD",0,"9","9","9","Microglia",TRUE,"WT_5XFAD1_GTGAAGGAGATCCGAG-1"
"WT_5XFAD1",731,601,"GSM4173510","WT_5XFAD1","WT_5XFAD",1,"WT","5XFAD",0,"9","9","9","Microglia",TRUE,"WT_5XFAD1_GTGAAGGAGGGTGTTG-1"
"WT_5XFAD1",1425,1105,"GSM4173510","WT_5XFAD1","WT_5XFAD",1,"WT","5XFAD",0,"9","9","9","Microglia",TRUE,"WT_5XFAD1_GTGCAGCGTAGCGCAA-1"
"WT_5XFAD1",1101,885,"GSM4173510","WT_5XFAD1","WT_5XFAD",1,"WT","5XFAD",0.272479564032698,"9","9","9","Microglia",TRUE,"WT_5XFAD1_GTGCAGCTCGGAGCAA-1"
"WT_5XFAD1",1173,971,"GSM4173510","WT_5XFAD1","WT_5XFAD",1,"WT","5XFAD",0,"9","9","9","Microglia",TRUE,"WT_5XFAD1_GTGCATACAGGACGTA-1"
"WT_5XFAD1",1181,929,"GSM4173510","WT_5XFAD1","WT_5XFAD",1,"WT","5XFAD",0.0846740050804403,"9","9","9","Microglia",TRUE,"WT_5XFAD1_GTGCGGTAGTGGAGAA-1"
"WT_5XFAD1",1216,968,"GSM4173510","WT_5XFAD1","WT_5XFAD",1,"WT","5XFAD",0.164473684210526,"9","9","9","Microglia",TRUE,"WT_5XFAD1_GTGCGGTTCAAACAAG-1"
"WT_5XFAD1",1641,1227,"GSM4173510","WT_5XFAD1","WT_5XFAD",1,"WT","5XFAD",0.182815356489945,"9","9","9","Microglia",TRUE,"WT_5XFAD1_GTGCTTCCAACTGCTA-1"
"WT_5XFAD1",1260,1003,"GSM4173510","WT_5XFAD1","WT_5XFAD",1,"WT","5XFAD",0.238095238095238,"9","9","9","Microglia",TRUE,"WT_5XFAD1_GTGGGTCCATCACAAC-1"
"WT_5XFAD1",818,657,"GSM4173510","WT_5XFAD1","WT_5XFAD",1,"WT","5XFAD",1.10024449877751,"9","9","9","Microglia",TRUE,"WT_5XFAD1_GTGTTAGAGTTCGCAT-1"
"WT_5XFAD1",1441,1078,"GSM4173510","WT_5XFAD1","WT_5XFAD",1,"WT","5XFAD",0,"9","9","9","Microglia",TRUE,"WT_5XFAD1_GTTAAGCCAATCTACG-1"
"WT_5XFAD1",1292,1010,"GSM4173510","WT_5XFAD1","WT_5XFAD",1,"WT","5XFAD",0.309597523219814,"9","9","9","Microglia",TRUE,"WT_5XFAD1_GTTACAGTCGGCTTGG-1"
"WT_5XFAD1",1714,1307,"GSM4173510","WT_5XFAD1","WT_5XFAD",1,"WT","5XFAD",0.758459743290548,"9","9","9","Microglia",TRUE,"WT_5XFAD1_GTTCATTTCACATGCA-1"
"WT_5XFAD1",772,642,"GSM4173510","WT_5XFAD1","WT_5XFAD",1,"WT","5XFAD",0,"9","9","9","Microglia",TRUE,"WT_5XFAD1_GTTCGGGCAGAAGCAC-1"
"WT_5XFAD1",1004,804,"GSM4173510","WT_5XFAD1","WT_5XFAD",1,"WT","5XFAD",0.49800796812749,"9","9","9","Microglia",TRUE,"WT_5XFAD1_GTTTCTAAGAGTGACC-1"
"WT_5XFAD1",1518,1179,"GSM4173510","WT_5XFAD1","WT_5XFAD",1,"WT","5XFAD",0.658761528326746,"9","9","9","Microglia",TRUE,"WT_5XFAD1_GTTTCTAAGCCGGTAA-1"
"WT_5XFAD1",909,738,"GSM4173510","WT_5XFAD1","WT_5XFAD",1,"WT","5XFAD",0.22002200220022,"9","9","9","Microglia",TRUE,"WT_5XFAD1_GTTTCTACAGGCTCAC-1"
"WT_5XFAD1",1174,917,"GSM4173510","WT_5XFAD1","WT_5XFAD",1,"WT","5XFAD",0.0851788756388416,"9","9","9","Microglia",TRUE,"WT_5XFAD1_GTTTCTAGTCAATGTC-1"
"WT_5XFAD1",1175,934,"GSM4173510","WT_5XFAD1","WT_5XFAD",1,"WT","5XFAD",0.25531914893617,"9","9","9","Microglia",TRUE,"WT_5XFAD1_GTTTCTAGTCTGCCAG-1"
"WT_5XFAD1",760,628,"GSM4173510","WT_5XFAD1","WT_5XFAD",1,"WT","5XFAD",0.263157894736842,"9","9","9","Microglia",TRUE,"WT_5XFAD1_TAAGAGAGTACTCAAC-1"
"WT_5XFAD1",1316,1024,"GSM4173510","WT_5XFAD1","WT_5XFAD",1,"WT","5XFAD",0.0759878419452888,"9","9","9","Microglia",TRUE,"WT_5XFAD1_TAAGCGTCATTCTTAC-1"
"WT_5XFAD1",984,807,"GSM4173510","WT_5XFAD1","WT_5XFAD",1,"WT","5XFAD",0,"9","9","9","Microglia",TRUE,"WT_5XFAD1_TAAGCGTGTACGAAAT-1"
"WT_5XFAD1",657,561,"GSM4173510","WT_5XFAD1","WT_5XFAD",1,"WT","5XFAD",0.45662100456621,"9","9","9","Microglia",TRUE,"WT_5XFAD1_TAAGTGCCAATCCGAT-1"
"WT_5XFAD1",1224,961,"GSM4173510","WT_5XFAD1","WT_5XFAD",1,"WT","5XFAD",0.898692810457516,"9","9","9","Microglia",TRUE,"WT_5XFAD1_TACACGATCTGTACGA-1"
"WT_5XFAD1",1161,917,"GSM4173510","WT_5XFAD1","WT_5XFAD",1,"WT","5XFAD",0.0861326442721792,"9","9","9","Microglia",TRUE,"WT_5XFAD1_TACAGTGGTTATGTGC-1"
"WT_5XFAD1",1134,905,"GSM4173510","WT_5XFAD1","WT_5XFAD",1,"WT","5XFAD",0.440917107583774,"9","9","9","Microglia",TRUE,"WT_5XFAD1_TACGGATGTGTTAAGA-1"
"WT_5XFAD1",1440,1038,"GSM4173510","WT_5XFAD1","WT_5XFAD",1,"WT","5XFAD",0.277777777777778,"9","9","9","Microglia",TRUE,"WT_5XFAD1_TACGGGCTCACGAAGG-1"
"WT_5XFAD1",1701,1267,"GSM4173510","WT_5XFAD1","WT_5XFAD",1,"WT","5XFAD",0.764256319811875,"9","9","9","Microglia",TRUE,"WT_5XFAD1_TACTTACAGCGATTCT-1"
"WT_5XFAD1",1137,879,"GSM4173510","WT_5XFAD1","WT_5XFAD",1,"WT","5XFAD",0.351802990325418,"9","9","9","Microglia",TRUE,"WT_5XFAD1_TACTTGTCAGTATGCT-1"
"WT_5XFAD1",1057,858,"GSM4173510","WT_5XFAD1","WT_5XFAD",1,"WT","5XFAD",0.378429517502365,"9","9","9","Microglia",TRUE,"WT_5XFAD1_TAGAGCTAGGAGTACC-1"
"WT_5XFAD1",1093,890,"GSM4173510","WT_5XFAD1","WT_5XFAD",1,"WT","5XFAD",0.274473924977127,"9","9","9","Microglia",TRUE,"WT_5XFAD1_TAGCCGGTCTTGACGA-1"
"WT_5XFAD1",2398,1603,"GSM4173510","WT_5XFAD1","WT_5XFAD",1,"WT","5XFAD",0.291909924937448,"9","9","9","Microglia",TRUE,"WT_5XFAD1_TAGTGGTGTGGCAAAC-1"
"WT_5XFAD1",1024,808,"GSM4173510","WT_5XFAD1","WT_5XFAD",1,"WT","5XFAD",0.09765625,"9","9","9","Microglia",TRUE,"WT_5XFAD1_TAGTGGTTCAGCTTAG-1"
"WT_5XFAD1",1406,1075,"GSM4173510","WT_5XFAD1","WT_5XFAD",1,"WT","5XFAD",1.28022759601707,"9","9","9","Microglia",TRUE,"WT_5XFAD1_TAGTTGGCAATCGAAA-1"
"WT_5XFAD1",988,814,"GSM4173510","WT_5XFAD1","WT_5XFAD",1,"WT","5XFAD",0.607287449392713,"9","9","9","Microglia",TRUE,"WT_5XFAD1_TAGTTGGGTCTCTTAT-1"
"WT_5XFAD1",1633,1219,"GSM4173510","WT_5XFAD1","WT_5XFAD",1,"WT","5XFAD",0.122473974280465,"9","9","9","Microglia",TRUE,"WT_5XFAD1_TATCAGGGTATGAAAC-1"
"WT_5XFAD1",1166,941,"GSM4173510","WT_5XFAD1","WT_5XFAD",1,"WT","5XFAD",0.0857632933104631,"9","9","9","Microglia",TRUE,"WT_5XFAD1_TATCTCACAAGTACCT-1"
"WT_5XFAD1",927,775,"GSM4173510","WT_5XFAD1","WT_5XFAD",1,"WT","5XFAD",0,"9","9","9","Microglia",TRUE,"WT_5XFAD1_TATCTCATCACGGTTA-1"
"WT_5XFAD1",903,728,"GSM4173510","WT_5XFAD1","WT_5XFAD",1,"WT","5XFAD",0.553709856035437,"9","9","9","Microglia",TRUE,"WT_5XFAD1_TATGCCCAGCGAGAAA-1"
"WT_5XFAD1",770,643,"GSM4173510","WT_5XFAD1","WT_5XFAD",1,"WT","5XFAD",0.12987012987013,"9","9","9","Microglia",TRUE,"WT_5XFAD1_TATGCCCGTGTGACGA-1"
"WT_5XFAD1",1014,826,"GSM4173510","WT_5XFAD1","WT_5XFAD",1,"WT","5XFAD",0.0986193293885602,"9","9","9","Microglia",TRUE,"WT_5XFAD1_TATTACCAGCAATATG-1"
"WT_5XFAD1",1153,923,"GSM4173510","WT_5XFAD1","WT_5XFAD",1,"WT","5XFAD",0.0867302688638335,"9","9","9","Microglia",TRUE,"WT_5XFAD1_TATTACCAGTAGCCGA-1"
"WT_5XFAD1",1413,1042,"GSM4173510","WT_5XFAD1","WT_5XFAD",1,"WT","5XFAD",0.424628450106157,"9","9","9","Microglia",TRUE,"WT_5XFAD1_TCAATCTCAGCCTATA-1"
"WT_5XFAD1",1816,1290,"GSM4173510","WT_5XFAD1","WT_5XFAD",1,"WT","5XFAD",4.35022026431718,"9","9","9","Microglia",TRUE,"WT_5XFAD1_TCAATCTGTCGTGGCT-1"
"WT_5XFAD1",965,788,"GSM4173510","WT_5XFAD1","WT_5XFAD",1,"WT","5XFAD",0.310880829015544,"9","9","9","Microglia",TRUE,"WT_5XFAD1_TCACAAGAGGGTATCG-1"
"WT_5XFAD1",987,811,"GSM4173510","WT_5XFAD1","WT_5XFAD",1,"WT","5XFAD",0.405268490374873,"9","9","9","Microglia",TRUE,"WT_5XFAD1_TCACGAATCACTTACT-1"
"WT_5XFAD1",1270,977,"GSM4173510","WT_5XFAD1","WT_5XFAD",1,"WT","5XFAD",0,"9","9","9","Microglia",TRUE,"WT_5XFAD1_TCAGCAATCAAGATCC-1"
"WT_5XFAD1",1170,938,"GSM4173510","WT_5XFAD1","WT_5XFAD",1,"WT","5XFAD",0.0854700854700855,"9","9","9","Microglia",TRUE,"WT_5XFAD1_TCAGGTAGTGGAAAGA-1"
"WT_5XFAD1",922,751,"GSM4173510","WT_5XFAD1","WT_5XFAD",1,"WT","5XFAD",0.108459869848156,"9","9","9","Microglia",TRUE,"WT_5XFAD1_TCATTACGTAAACGCG-1"
"WT_5XFAD1",837,686,"GSM4173510","WT_5XFAD1","WT_5XFAD",1,"WT","5XFAD",0.3584229390681,"9","9","9","Microglia",TRUE,"WT_5XFAD1_TCATTACGTCGGCACT-1"
"WT_5XFAD1",939,770,"GSM4173510","WT_5XFAD1","WT_5XFAD",1,"WT","5XFAD",0,"9","9","9","Microglia",TRUE,"WT_5XFAD1_TCATTTGAGCCCGAAA-1"
"WT_5XFAD1",1528,1159,"GSM4173510","WT_5XFAD1","WT_5XFAD",1,"WT","5XFAD",0.327225130890052,"9","9","9","Microglia",TRUE,"WT_5XFAD1_TCATTTGCAGCGAACA-1"
"WT_5XFAD1",1113,887,"GSM4173510","WT_5XFAD1","WT_5XFAD",1,"WT","5XFAD",1.61725067385445,"9","9","9","Microglia",TRUE,"WT_5XFAD1_TCGAGGCAGGAATTAC-1"
"WT_5XFAD1",1275,983,"GSM4173510","WT_5XFAD1","WT_5XFAD",1,"WT","5XFAD",0.862745098039216,"9","9","9","Microglia",TRUE,"WT_5XFAD1_TCGCGTTCACCATGTA-1"
"WT_5XFAD1",512,437,"GSM4173510","WT_5XFAD1","WT_5XFAD",1,"WT","5XFAD",0.390625,"9","9","9","Microglia",TRUE,"WT_5XFAD1_TCGCGTTGTGAGGCTA-1"
"WT_5XFAD1",1067,863,"GSM4173510","WT_5XFAD1","WT_5XFAD",1,"WT","5XFAD",0.28116213683224,"9","9","9","Microglia",TRUE,"WT_5XFAD1_TCGGGACTCATAAAGG-1"
"WT_5XFAD1",1006,782,"GSM4173510","WT_5XFAD1","WT_5XFAD",1,"WT","5XFAD",1.19284294234592,"9","9","9","Microglia",TRUE,"WT_5XFAD1_TCGGGACTCTCGAGTA-1"
"WT_5XFAD1",837,678,"GSM4173510","WT_5XFAD1","WT_5XFAD",1,"WT","5XFAD",0.1194743130227,"9","9","9","Microglia",TRUE,"WT_5XFAD1_TCGGTAAGTAGCTGCC-1"
"WT_5XFAD1",1562,1171,"GSM4173510","WT_5XFAD1","WT_5XFAD",1,"WT","5XFAD",0.640204865556978,"9","9","9","Microglia",TRUE,"WT_5XFAD1_TCGTAGAAGTAGCCGA-1"
"WT_5XFAD1",810,652,"GSM4173510","WT_5XFAD1","WT_5XFAD",1,"WT","5XFAD",0.37037037037037,"9","9","9","Microglia",TRUE,"WT_5XFAD1_TCGTAGACATGTCTCC-1"
"WT_5XFAD1",941,776,"GSM4173510","WT_5XFAD1","WT_5XFAD",1,"WT","5XFAD",0.212539851222104,"9","9","9","Microglia",TRUE,"WT_5XFAD1_TCGTAGATCATCACCC-1"
"WT_5XFAD1",1360,1035,"GSM4173510","WT_5XFAD1","WT_5XFAD",1,"WT","5XFAD",0.441176470588235,"9","9","9","Microglia",TRUE,"WT_5XFAD1_TCTATTGGTAGGACAC-1"
"WT_5XFAD1",994,805,"GSM4173510","WT_5XFAD1","WT_5XFAD",1,"WT","5XFAD",2.11267605633803,"9","9","9","Microglia",TRUE,"WT_5XFAD1_TCTCTAATCCCTTGTG-1"
"WT_5XFAD1",1008,833,"GSM4173510","WT_5XFAD1","WT_5XFAD",1,"WT","5XFAD",0.793650793650794,"9","9","9","Microglia",TRUE,"WT_5XFAD1_TCTGAGACAAGTCTAC-1"
"WT_5XFAD1",856,718,"GSM4173510","WT_5XFAD1","WT_5XFAD",1,"WT","5XFAD",0.233644859813084,"9","9","9","Microglia",TRUE,"WT_5XFAD1_TCTGAGACAATCGAAA-1"
"WT_5XFAD1",1155,906,"GSM4173510","WT_5XFAD1","WT_5XFAD",1,"WT","5XFAD",0,"9","9","9","Microglia",TRUE,"WT_5XFAD1_TCTGGAACAGGTGGAT-1"
"WT_5XFAD1",1008,795,"GSM4173510","WT_5XFAD1","WT_5XFAD",1,"WT","5XFAD",0,"9","9","9","Microglia",TRUE,"WT_5XFAD1_TCTTTCCAGTCGTTTG-1"
"WT_5XFAD1",927,750,"GSM4173510","WT_5XFAD1","WT_5XFAD",1,"WT","5XFAD",0.323624595469256,"9","9","9","Microglia",TRUE,"WT_5XFAD1_TGAAAGATCTCTTGAT-1"
"WT_5XFAD1",907,741,"GSM4173510","WT_5XFAD1","WT_5XFAD",1,"WT","5XFAD",0,"9","9","9","Microglia",TRUE,"WT_5XFAD1_TGACAACGTTCCCGAG-1"
"WT_5XFAD1",1083,869,"GSM4173510","WT_5XFAD1","WT_5XFAD",1,"WT","5XFAD",0.369344413665743,"9","9","9","Microglia",TRUE,"WT_5XFAD1_TGACGGCCACTAGTAC-1"
"WT_5XFAD1",1151,928,"GSM4173510","WT_5XFAD1","WT_5XFAD",1,"WT","5XFAD",0.0868809730668983,"9","9","9","Microglia",TRUE,"WT_5XFAD1_TGACGGCTCTTACCTA-1"
"WT_5XFAD1",813,673,"GSM4173510","WT_5XFAD1","WT_5XFAD",1,"WT","5XFAD",0,"9","9","9","Microglia",TRUE,"WT_5XFAD1_TGACTAGTCACTATTC-1"
"WT_5XFAD1",1451,1081,"GSM4173510","WT_5XFAD1","WT_5XFAD",1,"WT","5XFAD",0.137835975189524,"9","9","9","Microglia",TRUE,"WT_5XFAD1_TGACTTTAGCAATCTC-1"
"WT_5XFAD1",916,735,"GSM4173510","WT_5XFAD1","WT_5XFAD",1,"WT","5XFAD",0.109170305676856,"9","9","9","Microglia",TRUE,"WT_5XFAD1_TGAGCCGTCGGTCCGA-1"
"WT_5XFAD1",1378,1055,"GSM4173510","WT_5XFAD1","WT_5XFAD",1,"WT","5XFAD",0.145137880986938,"9","9","9","Microglia",TRUE,"WT_5XFAD1_TGCCAAAAGATGTTAG-1"
"WT_5XFAD1",611,509,"GSM4173510","WT_5XFAD1","WT_5XFAD",1,"WT","5XFAD",3.10965630114566,"9","9","9","Microglia",TRUE,"WT_5XFAD1_TGCCAAAGTACATGTC-1"
"WT_5XFAD1",679,574,"GSM4173510","WT_5XFAD1","WT_5XFAD",1,"WT","5XFAD",1.32547864506627,"9","9","9","Microglia",TRUE,"WT_5XFAD1_TGCCCATTCTCGTATT-1"
"WT_5XFAD1",1054,850,"GSM4173510","WT_5XFAD1","WT_5XFAD",1,"WT","5XFAD",0,"9","9","9","Microglia",TRUE,"WT_5XFAD1_TGCCCTAGTTCCGGCA-1"
"WT_5XFAD1",804,688,"GSM4173510","WT_5XFAD1","WT_5XFAD",1,"WT","5XFAD",0.124378109452736,"9","9","9","Microglia",TRUE,"WT_5XFAD1_TGCCCTATCTTGTTTG-1"
"WT_5XFAD1",996,801,"GSM4173510","WT_5XFAD1","WT_5XFAD",1,"WT","5XFAD",0,"9","9","9","Microglia",TRUE,"WT_5XFAD1_TGCGTGGAGCGTTTAC-1"
"WT_5XFAD1",1340,1036,"GSM4173510","WT_5XFAD1","WT_5XFAD",1,"WT","5XFAD",0.746268656716418,"9","9","9","Microglia",TRUE,"WT_5XFAD1_TGCGTGGCATCTGGTA-1"
"WT_5XFAD1",1106,895,"GSM4173510","WT_5XFAD1","WT_5XFAD",1,"WT","5XFAD",0.723327305605787,"9","9","9","Microglia",TRUE,"WT_5XFAD1_TGCGTGGGTCCAGTTA-1"
"WT_5XFAD1",1149,930,"GSM4173510","WT_5XFAD1","WT_5XFAD",1,"WT","5XFAD",0.0870322019147084,"9","9","9","Microglia",TRUE,"WT_5XFAD1_TGCGTGGTCAAACGGG-1"
"WT_5XFAD1",1139,934,"GSM4173510","WT_5XFAD1","WT_5XFAD",1,"WT","5XFAD",0,"9","9","9","Microglia",TRUE,"WT_5XFAD1_TGCTACCAGTCTCCTC-1"
"WT_5XFAD1",1531,1154,"GSM4173510","WT_5XFAD1","WT_5XFAD",1,"WT","5XFAD",0.0653167864141084,"9","9","9","Microglia",TRUE,"WT_5XFAD1_TGCTGCTAGGCTCTTA-1"
"WT_5XFAD1",902,709,"GSM4173510","WT_5XFAD1","WT_5XFAD",1,"WT","5XFAD",0,"9","9","9","Microglia",TRUE,"WT_5XFAD1_TGGCCAGAGATATGGT-1"
"WT_5XFAD1",1042,862,"GSM4173510","WT_5XFAD1","WT_5XFAD",1,"WT","5XFAD",0.0959692898272553,"9","9","9","Microglia",TRUE,"WT_5XFAD1_TGGCCAGCACAGGAGT-1"
"WT_5XFAD1",2281,1606,"GSM4173510","WT_5XFAD1","WT_5XFAD",1,"WT","5XFAD",0,"9","9","9","Microglia",TRUE,"WT_5XFAD1_TGGCTGGGTTCCGTCT-1"
"WT_5XFAD1",1098,844,"GSM4173510","WT_5XFAD1","WT_5XFAD",1,"WT","5XFAD",0.0910746812386157,"9","9","9","Microglia",TRUE,"WT_5XFAD1_TGGGCGTAGGCTAGGT-1"
"WT_5XFAD1",985,796,"GSM4173510","WT_5XFAD1","WT_5XFAD",1,"WT","5XFAD",0.101522842639594,"9","9","9","Microglia",TRUE,"WT_5XFAD1_TGGGCGTGTTAAGATG-1"
"WT_5XFAD1",1503,1187,"GSM4173510","WT_5XFAD1","WT_5XFAD",1,"WT","5XFAD",0.133067198935462,"9","9","9","Microglia",TRUE,"WT_5XFAD1_TGGTTAGAGGATATAC-1"
"WT_5XFAD1",1015,809,"GSM4173510","WT_5XFAD1","WT_5XFAD",1,"WT","5XFAD",0.197044334975369,"9","9","9","Microglia",TRUE,"WT_5XFAD1_TGTCCCACATCACCCT-1"
"WT_5XFAD1",1055,847,"GSM4173510","WT_5XFAD1","WT_5XFAD",1,"WT","5XFAD",0.0947867298578199,"9","9","9","Microglia",TRUE,"WT_5XFAD1_TGTCCCAGTCATCCCT-1"
"WT_5XFAD1",1028,841,"GSM4173510","WT_5XFAD1","WT_5XFAD",1,"WT","5XFAD",0.291828793774319,"9","9","9","Microglia",TRUE,"WT_5XFAD1_TGTGTTTCACCAGGCT-1"
"WT_5XFAD1",1438,1119,"GSM4173510","WT_5XFAD1","WT_5XFAD",1,"WT","5XFAD",0.0695410292072323,"9","9","9","Microglia",TRUE,"WT_5XFAD1_TGTGTTTGTGTTGGGA-1"
"WT_5XFAD1",1141,922,"GSM4173510","WT_5XFAD1","WT_5XFAD",1,"WT","5XFAD",0.262927256792287,"9","9","9","Microglia",TRUE,"WT_5XFAD1_TGTTCCGCATCGGACC-1"
"WT_5XFAD1",1926,1406,"GSM4173510","WT_5XFAD1","WT_5XFAD",1,"WT","5XFAD",0.207684319833853,"9","9","9","Microglia",TRUE,"WT_5XFAD1_TTAACTCTCTAACCGA-1"
"WT_5XFAD1",1206,946,"GSM4173510","WT_5XFAD1","WT_5XFAD",1,"WT","5XFAD",0.165837479270315,"9","9","9","Microglia",TRUE,"WT_5XFAD1_TTAGGACGTCAAAGCG-1"
"WT_5XFAD1",1182,924,"GSM4173510","WT_5XFAD1","WT_5XFAD",1,"WT","5XFAD",0,"9","9","9","Microglia",TRUE,"WT_5XFAD1_TTAGTTCAGTACGTTC-1"
"WT_5XFAD1",949,759,"GSM4173510","WT_5XFAD1","WT_5XFAD",1,"WT","5XFAD",0,"9","9","9","Microglia",TRUE,"WT_5XFAD1_TTATGCTCAAAGTGCG-1"
"WT_5XFAD1",1589,1192,"GSM4173510","WT_5XFAD1","WT_5XFAD",1,"WT","5XFAD",0.503461296412838,"9","9","9","Microglia",TRUE,"WT_5XFAD1_TTATGCTCACAACGTT-1"
"WT_5XFAD1",1148,930,"GSM4173510","WT_5XFAD1","WT_5XFAD",1,"WT","5XFAD",0,"9","9","9","Microglia",TRUE,"WT_5XFAD1_TTATGCTCATTAGGCT-1"
"WT_5XFAD1",1013,810,"GSM4173510","WT_5XFAD1","WT_5XFAD",1,"WT","5XFAD",0,"9","9","9","Microglia",TRUE,"WT_5XFAD1_TTCCCAGTCGGCCGAT-1"
"WT_5XFAD1",1126,899,"GSM4173510","WT_5XFAD1","WT_5XFAD",1,"WT","5XFAD",0,"9","9","9","Microglia",TRUE,"WT_5XFAD1_TTCTACAGTGCTGTAT-1"
"WT_5XFAD1",1238,923,"GSM4173510","WT_5XFAD1","WT_5XFAD",1,"WT","5XFAD",1.05008077544426,"9","9","9","Microglia",TRUE,"WT_5XFAD1_TTCTCAAAGAACAATC-1"
"WT_5XFAD1",1416,1101,"GSM4173510","WT_5XFAD1","WT_5XFAD",1,"WT","5XFAD",0.282485875706215,"9","9","9","Microglia",TRUE,"WT_5XFAD1_TTCTCAAAGGTGCACA-1"
"WT_5XFAD1",1159,957,"GSM4173510","WT_5XFAD1","WT_5XFAD",1,"WT","5XFAD",0.172562553925798,"9","9","9","Microglia",TRUE,"WT_5XFAD1_TTCTCAACACATGGGA-1"
"WT_5XFAD1",939,764,"GSM4173510","WT_5XFAD1","WT_5XFAD",1,"WT","5XFAD",0.425985090521832,"9","9","9","Microglia",TRUE,"WT_5XFAD1_TTCTCCTGTGATGATA-1"
"WT_5XFAD1",1213,946,"GSM4173510","WT_5XFAD1","WT_5XFAD",1,"WT","5XFAD",0.824402308326463,"9","9","9","Microglia",TRUE,"WT_5XFAD1_TTCTCCTTCCAAGTAC-1"
"WT_5XFAD1",952,760,"GSM4173510","WT_5XFAD1","WT_5XFAD",1,"WT","5XFAD",0.735294117647059,"9","9","9","Microglia",TRUE,"WT_5XFAD1_TTCTTAGGTAGCGTAG-1"
"WT_5XFAD1",1638,1211,"GSM4173510","WT_5XFAD1","WT_5XFAD",1,"WT","5XFAD",0.122100122100122,"9","9","9","Microglia",TRUE,"WT_5XFAD1_TTGAACGCAAAGTCAA-1"
"WT_5XFAD1",1621,1152,"GSM4173510","WT_5XFAD1","WT_5XFAD",1,"WT","5XFAD",0.185070943861814,"9","9","9","Microglia",TRUE,"WT_5XFAD1_TTGCGTCAGCGTGAGT-1"
"WT_5XFAD1",600,474,"GSM4173510","WT_5XFAD1","WT_5XFAD",1,"WT","5XFAD",0.5,"9","9","9","Microglia",TRUE,"WT_5XFAD1_TTGGAACCACATCCAA-1"
"WT_5XFAD1",1167,940,"GSM4173510","WT_5XFAD1","WT_5XFAD",1,"WT","5XFAD",0.0856898029134533,"9","9","9","Microglia",TRUE,"WT_5XFAD1_TTGTAGGCATACTACG-1"
"WT_5XFAD1",1562,1206,"GSM4173510","WT_5XFAD1","WT_5XFAD",1,"WT","5XFAD",0.256081946222791,"9","9","9","Microglia",TRUE,"WT_5XFAD1_TTGTAGGGTCTCATCC-1"
"WT_5XFAD1",1587,1172,"GSM4173510","WT_5XFAD1","WT_5XFAD",1,"WT","5XFAD",0.252047889098929,"9","9","9","Microglia",TRUE,"WT_5XFAD1_TTTACTGAGTCCAGGA-1"
"WT_5XFAD1",862,727,"GSM4173510","WT_5XFAD1","WT_5XFAD",1,"WT","5XFAD",0.348027842227378,"9","9","9","Microglia",TRUE,"WT_5XFAD1_TTTACTGCAGACAAGC-1"
"WT_5XFAD1",885,713,"GSM4173510","WT_5XFAD1","WT_5XFAD",1,"WT","5XFAD",0.790960451977401,"9","9","9","Microglia",TRUE,"WT_5XFAD1_TTTACTGGTCCAAGTT-1"
"WT_5XFAD1",1568,1199,"GSM4173510","WT_5XFAD1","WT_5XFAD",1,"WT","5XFAD",0,"9","9","9","Microglia",TRUE,"WT_5XFAD1_TTTACTGGTCTCTCTG-1"
"WT_5XFAD1",970,784,"GSM4173510","WT_5XFAD1","WT_5XFAD",1,"WT","5XFAD",0.309278350515464,"9","9","9","Microglia",TRUE,"WT_5XFAD1_TTTATGCGTCTGGTCG-1"
"WT_5XFAD1",955,765,"GSM4173510","WT_5XFAD1","WT_5XFAD",1,"WT","5XFAD",0,"9","9","9","Microglia",TRUE,"WT_5XFAD1_TTTATGCTCTACTCAT-1"
"WT_5XFAD1",1161,944,"GSM4173510","WT_5XFAD1","WT_5XFAD",1,"WT","5XFAD",0.430663221360896,"9","9","9","Microglia",TRUE,"WT_5XFAD1_TTTCCTCCACTTGGAT-1"
"WT_5XFAD1",1024,815,"GSM4173510","WT_5XFAD1","WT_5XFAD",1,"WT","5XFAD",0.48828125,"9","9","9","Microglia",TRUE,"WT_5XFAD1_TTTGCGCTCCACTCCA-1"
"WT_5XFAD1",767,630,"GSM4173510","WT_5XFAD1","WT_5XFAD",1,"WT","5XFAD",0.130378096479791,"9","9","9","Microglia",TRUE,"WT_5XFAD1_TTTGGTTTCCTGTAGA-1"
"WT_5XFAD2",1299,1024,"GSM4173511","WT_5XFAD2","WT_5XFAD",2,"WT","5XFAD",0,"9","9","9","Microglia",TRUE,"WT_5XFAD2_AAACCTGAGCTAGTCT-1"
"WT_5XFAD2",2407,1706,"GSM4173511","WT_5XFAD2","WT_5XFAD",2,"WT","5XFAD",0.0415454923140839,"9","9","9","Microglia",TRUE,"WT_5XFAD2_AAAGCAACAGATGAGC-1"
"WT_5XFAD2",1214,953,"GSM4173511","WT_5XFAD2","WT_5XFAD",2,"WT","5XFAD",0.247116968698517,"9","9","9","Microglia",TRUE,"WT_5XFAD2_AACACGTCAATACGCT-1"
"WT_5XFAD2",3663,2362,"GSM4173511","WT_5XFAD2","WT_5XFAD",2,"WT","5XFAD",0.0273000273000273,"9","9","9","Microglia",TRUE,"WT_5XFAD2_AACACGTGTAAATGTG-1"
"WT_5XFAD2",1947,1408,"GSM4173511","WT_5XFAD2","WT_5XFAD",2,"WT","5XFAD",8.371854134566,"9","9","9","Microglia",TRUE,"WT_5XFAD2_AACTCAGAGTGCCAGA-1"
"WT_5XFAD2",1184,937,"GSM4173511","WT_5XFAD2","WT_5XFAD",2,"WT","5XFAD",0,"9","9","9","Microglia",TRUE,"WT_5XFAD2_AACTGGTGTCCGTTAA-1"
"WT_5XFAD2",1726,1295,"GSM4173511","WT_5XFAD2","WT_5XFAD",2,"WT","5XFAD",0.173812282734647,"9","9","9","Microglia",TRUE,"WT_5XFAD2_AAGACCTGTTGGTTTG-1"
"WT_5XFAD2",1444,1067,"GSM4173511","WT_5XFAD2","WT_5XFAD",2,"WT","5XFAD",0,"9","9","9","Microglia",TRUE,"WT_5XFAD2_AAGCCGCTCGGAATCT-1"
"WT_5XFAD2",1222,992,"GSM4173511","WT_5XFAD2","WT_5XFAD",2,"WT","5XFAD",0.409165302782324,"9","9","9","Microglia",TRUE,"WT_5XFAD2_AAGGAGCTCGTTTGCC-1"
"WT_5XFAD2",724,610,"GSM4173511","WT_5XFAD2","WT_5XFAD",2,"WT","5XFAD",0.138121546961326,"9","9","9","Microglia",TRUE,"WT_5XFAD2_AAGGTTCCAGTGGGAT-1"
"WT_5XFAD2",1103,877,"GSM4173511","WT_5XFAD2","WT_5XFAD",2,"WT","5XFAD",0,"9","9","9","Microglia",TRUE,"WT_5XFAD2_AATCGGTCACTTCGAA-1"
"WT_5XFAD2",1374,1030,"GSM4173511","WT_5XFAD2","WT_5XFAD",2,"WT","5XFAD",0.145560407569141,"9","9","9","Microglia",TRUE,"WT_5XFAD2_ACAGCCGCAGACTCGC-1"
"WT_5XFAD2",1581,1203,"GSM4173511","WT_5XFAD2","WT_5XFAD",2,"WT","5XFAD",0.0632511068943706,"9","9","9","Microglia",TRUE,"WT_5XFAD2_ACAGCCGCATTAGGCT-1"
"WT_5XFAD2",1237,962,"GSM4173511","WT_5XFAD2","WT_5XFAD",2,"WT","5XFAD",1.21261115602264,"9","9","9","Microglia",TRUE,"WT_5XFAD2_ACGCAGCGTGTAAGTA-1"
"WT_5XFAD2",1577,1137,"GSM4173511","WT_5XFAD2","WT_5XFAD",2,"WT","5XFAD",0.0634115409004439,"9","9","9","Microglia",TRUE,"WT_5XFAD2_ACGCCAGCAGCCAATT-1"
"WT_5XFAD2",1041,835,"GSM4173511","WT_5XFAD2","WT_5XFAD",2,"WT","5XFAD",0.288184438040346,"9","9","9","Microglia",TRUE,"WT_5XFAD2_ACGGAGACACGCTTTC-1"
"WT_5XFAD2",1614,1231,"GSM4173511","WT_5XFAD2","WT_5XFAD",2,"WT","5XFAD",0.619578686493185,"9","9","9","Microglia",TRUE,"WT_5XFAD2_ACGGGCTAGTAGGTGC-1"
"WT_5XFAD2",1244,982,"GSM4173511","WT_5XFAD2","WT_5XFAD",2,"WT","5XFAD",0.241157556270096,"9","9","9","Microglia",TRUE,"WT_5XFAD2_ACGTCAAAGAGCTGCA-1"
"WT_5XFAD2",1558,1197,"GSM4173511","WT_5XFAD2","WT_5XFAD",2,"WT","5XFAD",0.0641848523748395,"9","9","9","Microglia",TRUE,"WT_5XFAD2_ACTATCTCACTATCTT-1"
"WT_5XFAD2",1450,1123,"GSM4173511","WT_5XFAD2","WT_5XFAD",2,"WT","5XFAD",0.206896551724138,"9","9","9","Microglia",TRUE,"WT_5XFAD2_ACTATCTCAGTAAGCG-1"
"WT_5XFAD2",1170,983,"GSM4173511","WT_5XFAD2","WT_5XFAD",2,"WT","5XFAD",0,"9","9","9","Microglia",TRUE,"WT_5XFAD2_ACTGAACAGCAGCCTC-1"
"WT_5XFAD2",1061,872,"GSM4173511","WT_5XFAD2","WT_5XFAD",2,"WT","5XFAD",0,"9","9","9","Microglia",TRUE,"WT_5XFAD2_ACTGAACCAATAACGA-1"
"WT_5XFAD2",1122,904,"GSM4173511","WT_5XFAD2","WT_5XFAD",2,"WT","5XFAD",0,"9","9","9","Microglia",TRUE,"WT_5XFAD2_ACTGAGTGTCCAGTAT-1"
"WT_5XFAD2",574,480,"GSM4173511","WT_5XFAD2","WT_5XFAD",2,"WT","5XFAD",0.871080139372822,"9","9","9","Microglia",TRUE,"WT_5XFAD2_ACTGAGTTCTTTACAC-1"
"WT_5XFAD2",1858,1355,"GSM4173511","WT_5XFAD2","WT_5XFAD",2,"WT","5XFAD",0.0538213132400431,"9","9","9","Microglia",TRUE,"WT_5XFAD2_ACTTGTTAGTTATCGC-1"
"WT_5XFAD2",1863,1358,"GSM4173511","WT_5XFAD2","WT_5XFAD",2,"WT","5XFAD",0.107353730542136,"9","9","9","Microglia",TRUE,"WT_5XFAD2_AGACGTTCATATGCTG-1"
"WT_5XFAD2",2641,1815,"GSM4173511","WT_5XFAD2","WT_5XFAD",2,"WT","5XFAD",0.151457781143506,"9","9","9","Microglia",TRUE,"WT_5XFAD2_AGAGCTTCATCCTTGC-1"
"WT_5XFAD2",1624,1195,"GSM4173511","WT_5XFAD2","WT_5XFAD",2,"WT","5XFAD",0.061576354679803,"9","9","9","Microglia",TRUE,"WT_5XFAD2_AGAGCTTTCTAAGCCA-1"
"WT_5XFAD2",1518,1157,"GSM4173511","WT_5XFAD2","WT_5XFAD",2,"WT","5XFAD",0.197628458498024,"9","9","9","Microglia",TRUE,"WT_5XFAD2_AGCCTAAGTAGCTGCC-1"
"WT_5XFAD2",1265,992,"GSM4173511","WT_5XFAD2","WT_5XFAD",2,"WT","5XFAD",0.158102766798419,"9","9","9","Microglia",TRUE,"WT_5XFAD2_AGCGGTCAGTTGAGAT-1"
"WT_5XFAD2",1805,1352,"GSM4173511","WT_5XFAD2","WT_5XFAD",2,"WT","5XFAD",0.332409972299169,"9","9","9","Microglia",TRUE,"WT_5XFAD2_AGCGGTCTCACAACGT-1"
"WT_5XFAD2",1117,907,"GSM4173511","WT_5XFAD2","WT_5XFAD",2,"WT","5XFAD",0.0895255147717099,"9","9","9","Microglia",TRUE,"WT_5XFAD2_AGCGTATCACGCTTTC-1"
"WT_5XFAD2",1656,1261,"GSM4173511","WT_5XFAD2","WT_5XFAD",2,"WT","5XFAD",0.0603864734299517,"9","9","9","Microglia",TRUE,"WT_5XFAD2_AGCGTATGTAAGTGTA-1"
"WT_5XFAD2",1015,845,"GSM4173511","WT_5XFAD2","WT_5XFAD",2,"WT","5XFAD",0.0985221674876847,"9","9","9","Microglia",TRUE,"WT_5XFAD2_AGCGTATGTACCTACA-1"
"WT_5XFAD2",1593,1194,"GSM4173511","WT_5XFAD2","WT_5XFAD",2,"WT","5XFAD",0,"9","9","9","Microglia",TRUE,"WT_5XFAD2_AGGCCACGTAGGACAC-1"
"WT_5XFAD2",1664,1217,"GSM4173511","WT_5XFAD2","WT_5XFAD",2,"WT","5XFAD",0.180288461538462,"9","9","9","Microglia",TRUE,"WT_5XFAD2_AGGCCACGTATAGTAG-1"
"WT_5XFAD2",1045,842,"GSM4173511","WT_5XFAD2","WT_5XFAD",2,"WT","5XFAD",0.0956937799043062,"9","9","9","Microglia",TRUE,"WT_5XFAD2_AGGGAGTGTCAGCTAT-1"
"WT_5XFAD2",1995,1409,"GSM4173511","WT_5XFAD2","WT_5XFAD",2,"WT","5XFAD",0.100250626566416,"9","9","9","Microglia",TRUE,"WT_5XFAD2_AGGTCCGAGATGCCTT-1"
"WT_5XFAD2",1362,1007,"GSM4173511","WT_5XFAD2","WT_5XFAD",2,"WT","5XFAD",0,"9","9","9","Microglia",TRUE,"WT_5XFAD2_AGGTCCGCAGGACGTA-1"
"WT_5XFAD2",2121,1463,"GSM4173511","WT_5XFAD2","WT_5XFAD",2,"WT","5XFAD",3.81895332390382,"9","9","9","Microglia",TRUE,"WT_5XFAD2_AGTCTTTGTTAAAGTG-1"
"WT_5XFAD2",1240,987,"GSM4173511","WT_5XFAD2","WT_5XFAD",2,"WT","5XFAD",0.32258064516129,"9","9","9","Microglia",TRUE,"WT_5XFAD2_AGTGAGGAGCTCCTTC-1"
"WT_5XFAD2",1303,1017,"GSM4173511","WT_5XFAD2","WT_5XFAD",2,"WT","5XFAD",0.306983883346124,"9","9","9","Microglia",TRUE,"WT_5XFAD2_AGTGAGGTCTGTCCGT-1"
"WT_5XFAD2",1538,1169,"GSM4173511","WT_5XFAD2","WT_5XFAD",2,"WT","5XFAD",0.390117035110533,"9","9","9","Microglia",TRUE,"WT_5XFAD2_AGTGAGGTCTTGTCAT-1"
"WT_5XFAD2",1831,1370,"GSM4173511","WT_5XFAD2","WT_5XFAD",2,"WT","5XFAD",0.109229929000546,"9","9","9","Microglia",TRUE,"WT_5XFAD2_AGTGTCAAGGATGTAT-1"
"WT_5XFAD2",918,766,"GSM4173511","WT_5XFAD2","WT_5XFAD",2,"WT","5XFAD",0.326797385620915,"9","9","9","Microglia",TRUE,"WT_5XFAD2_ATAGACCCAAGCGATG-1"
"WT_5XFAD2",1367,1053,"GSM4173511","WT_5XFAD2","WT_5XFAD",2,"WT","5XFAD",0.146305779078274,"9","9","9","Microglia",TRUE,"WT_5XFAD2_ATCACGAAGTACGATA-1"
"WT_5XFAD2",1574,1198,"GSM4173511","WT_5XFAD2","WT_5XFAD",2,"WT","5XFAD",0.317662007623888,"9","9","9","Microglia",TRUE,"WT_5XFAD2_ATCACGAGTTATCCGA-1"
"WT_5XFAD2",1317,1008,"GSM4173511","WT_5XFAD2","WT_5XFAD",2,"WT","5XFAD",0.683371298405467,"9","9","9","Microglia",TRUE,"WT_5XFAD2_ATCATGGAGGACAGAA-1"
"WT_5XFAD2",2313,1638,"GSM4173511","WT_5XFAD2","WT_5XFAD",2,"WT","5XFAD",1.08084738434933,"9","9","9","Microglia",TRUE,"WT_5XFAD2_ATCCACCCAGCTCGCA-1"
"WT_5XFAD2",1338,1048,"GSM4173511","WT_5XFAD2","WT_5XFAD",2,"WT","5XFAD",0.448430493273543,"9","9","9","Microglia",TRUE,"WT_5XFAD2_ATCGAGTAGAGATGAG-1"
"WT_5XFAD2",1490,1164,"GSM4173511","WT_5XFAD2","WT_5XFAD",2,"WT","5XFAD",0.0671140939597315,"9","9","9","Microglia",TRUE,"WT_5XFAD2_ATGCGATAGTCCAGGA-1"
"WT_5XFAD2",2042,1465,"GSM4173511","WT_5XFAD2","WT_5XFAD",2,"WT","5XFAD",0.244857982370225,"9","9","9","Microglia",TRUE,"WT_5XFAD2_ATGTGTGAGACAATAC-1"
"WT_5XFAD2",1181,914,"GSM4173511","WT_5XFAD2","WT_5XFAD",2,"WT","5XFAD",0,"9","9","9","Microglia",TRUE,"WT_5XFAD2_ATGTGTGGTGTCCTCT-1"
"WT_5XFAD2",1655,1289,"GSM4173511","WT_5XFAD2","WT_5XFAD",2,"WT","5XFAD",0,"9","9","9","Microglia",TRUE,"WT_5XFAD2_ATTCTACAGTTTCCTT-1"
"WT_5XFAD2",1323,1022,"GSM4173511","WT_5XFAD2","WT_5XFAD",2,"WT","5XFAD",0.453514739229025,"9","9","9","Microglia",TRUE,"WT_5XFAD2_CAACCAACAGCCAATT-1"
"WT_5XFAD2",1709,1323,"GSM4173511","WT_5XFAD2","WT_5XFAD",2,"WT","5XFAD",0.702165008777063,"9","9","9","Microglia",TRUE,"WT_5XFAD2_CAACCTCTCCGCAGTG-1"
"WT_5XFAD2",1530,1216,"GSM4173511","WT_5XFAD2","WT_5XFAD",2,"WT","5XFAD",1.11111111111111,"9","9","9","Microglia",TRUE,"WT_5XFAD2_CAACTAGAGTCGTACT-1"
"WT_5XFAD2",1122,911,"GSM4173511","WT_5XFAD2","WT_5XFAD",2,"WT","5XFAD",0.17825311942959,"9","9","9","Microglia",TRUE,"WT_5XFAD2_CAAGGCCAGCGTTGCC-1"
"WT_5XFAD2",2141,1574,"GSM4173511","WT_5XFAD2","WT_5XFAD",2,"WT","5XFAD",0.373657169546941,"9","9","9","Microglia",TRUE,"WT_5XFAD2_CACACCTGTAGCTGCC-1"
"WT_5XFAD2",1671,1214,"GSM4173511","WT_5XFAD2","WT_5XFAD",2,"WT","5XFAD",0.0598444045481747,"9","9","9","Microglia",TRUE,"WT_5XFAD2_CACAGGCGTTACAGAA-1"
"WT_5XFAD2",733,561,"GSM4173511","WT_5XFAD2","WT_5XFAD",2,"WT","5XFAD",2.86493860845839,"9","9","9","Microglia",TRUE,"WT_5XFAD2_CACATAGTCCGTAGTA-1"
"WT_5XFAD2",1740,1335,"GSM4173511","WT_5XFAD2","WT_5XFAD",2,"WT","5XFAD",0.114942528735632,"9","9","9","Microglia",TRUE,"WT_5XFAD2_CACATTTTCATGTCTT-1"
"WT_5XFAD2",2031,1478,"GSM4173511","WT_5XFAD2","WT_5XFAD",2,"WT","5XFAD",0,"9","9","9","Microglia",TRUE,"WT_5XFAD2_CACCTTGAGCACAGGT-1"
"WT_5XFAD2",1010,837,"GSM4173511","WT_5XFAD2","WT_5XFAD",2,"WT","5XFAD",0.198019801980198,"9","9","9","Microglia",TRUE,"WT_5XFAD2_CACCTTGCACACCGAC-1"
"WT_5XFAD2",1211,916,"GSM4173511","WT_5XFAD2","WT_5XFAD",2,"WT","5XFAD",0.0825763831544178,"9","9","9","Microglia",TRUE,"WT_5XFAD2_CAGATCAAGAAGCCCA-1"
"WT_5XFAD2",1466,1159,"GSM4173511","WT_5XFAD2","WT_5XFAD",2,"WT","5XFAD",0.136425648021828,"9","9","9","Microglia",TRUE,"WT_5XFAD2_CAGCAGCAGCACACAG-1"
"WT_5XFAD2",1321,1006,"GSM4173511","WT_5XFAD2","WT_5XFAD",2,"WT","5XFAD",0.151400454201363,"9","9","9","Microglia",TRUE,"WT_5XFAD2_CAGCCGACAGCTGCTG-1"
"WT_5XFAD2",1320,1065,"GSM4173511","WT_5XFAD2","WT_5XFAD",2,"WT","5XFAD",0.0757575757575758,"9","9","9","Microglia",TRUE,"WT_5XFAD2_CAGCCGAGTTCCCGAG-1"
"WT_5XFAD2",1362,1094,"GSM4173511","WT_5XFAD2","WT_5XFAD",2,"WT","5XFAD",0.220264317180617,"9","9","9","Microglia",TRUE,"WT_5XFAD2_CAGCTAACACAGACTT-1"
"WT_5XFAD2",1301,1011,"GSM4173511","WT_5XFAD2","WT_5XFAD",2,"WT","5XFAD",0.0768639508070715,"9","9","9","Microglia",TRUE,"WT_5XFAD2_CAGCTAAGTAGCAAAT-1"
"WT_5XFAD2",1356,1059,"GSM4173511","WT_5XFAD2","WT_5XFAD",2,"WT","5XFAD",0.368731563421829,"9","9","9","Microglia",TRUE,"WT_5XFAD2_CAGGTGCTCTCCAGGG-1"
"WT_5XFAD2",2397,1689,"GSM4173511","WT_5XFAD2","WT_5XFAD",2,"WT","5XFAD",0,"9","9","9","Microglia",TRUE,"WT_5XFAD2_CAGTAACAGGCCCTTG-1"
"WT_5XFAD2",619,517,"GSM4173511","WT_5XFAD2","WT_5XFAD",2,"WT","5XFAD",0.484652665589661,"9","9","9","Microglia",TRUE,"WT_5XFAD2_CATATGGGTCTACCTC-1"
"WT_5XFAD2",1503,1168,"GSM4173511","WT_5XFAD2","WT_5XFAD",2,"WT","5XFAD",0.133067198935462,"9","9","9","Microglia",TRUE,"WT_5XFAD2_CATATGGTCTACTATC-1"
"WT_5XFAD2",1772,1313,"GSM4173511","WT_5XFAD2","WT_5XFAD",2,"WT","5XFAD",0.0564334085778781,"9","9","9","Microglia",TRUE,"WT_5XFAD2_CATCAAGCACCCATTC-1"
"WT_5XFAD2",2446,1744,"GSM4173511","WT_5XFAD2","WT_5XFAD",2,"WT","5XFAD",0.0408830744071954,"9","9","9","Microglia",TRUE,"WT_5XFAD2_CATCAGACATGGTTGT-1"
"WT_5XFAD2",1432,1114,"GSM4173511","WT_5XFAD2","WT_5XFAD",2,"WT","5XFAD",0,"9","9","9","Microglia",TRUE,"WT_5XFAD2_CATCAGAGTCATGCCG-1"
"WT_5XFAD2",671,558,"GSM4173511","WT_5XFAD2","WT_5XFAD",2,"WT","5XFAD",0.14903129657228,"9","9","9","Microglia",TRUE,"WT_5XFAD2_CATCGGGAGGCCCTCA-1"
"WT_5XFAD2",1478,1146,"GSM4173511","WT_5XFAD2","WT_5XFAD",2,"WT","5XFAD",0.06765899864682,"9","9","9","Microglia",TRUE,"WT_5XFAD2_CATGCCTTCCCGACTT-1"
"WT_5XFAD2",1152,899,"GSM4173511","WT_5XFAD2","WT_5XFAD",2,"WT","5XFAD",0.173611111111111,"9","9","9","Microglia",TRUE,"WT_5XFAD2_CATTATCCACGGTAGA-1"
"WT_5XFAD2",1402,1084,"GSM4173511","WT_5XFAD2","WT_5XFAD",2,"WT","5XFAD",0,"9","9","9","Microglia",TRUE,"WT_5XFAD2_CCACCTATCGCCCTTA-1"
"WT_5XFAD2",2200,1505,"GSM4173511","WT_5XFAD2","WT_5XFAD",2,"WT","5XFAD",0.0454545454545455,"9","9","9","Microglia",TRUE,"WT_5XFAD2_CCACGGATCCACTCCA-1"
"WT_5XFAD2",1454,1112,"GSM4173511","WT_5XFAD2","WT_5XFAD",2,"WT","5XFAD",1.10041265474553,"9","9","9","Microglia",TRUE,"WT_5XFAD2_CCATGTCCATACGCCG-1"
"WT_5XFAD2",1700,1311,"GSM4173511","WT_5XFAD2","WT_5XFAD",2,"WT","5XFAD",0,"9","9","9","Microglia",TRUE,"WT_5XFAD2_CCATGTCCATGGATGG-1"
"WT_5XFAD2",1720,1235,"GSM4173511","WT_5XFAD2","WT_5XFAD",2,"WT","5XFAD",0,"9","9","9","Microglia",TRUE,"WT_5XFAD2_CCCTCCTCATGGTCAT-1"
"WT_5XFAD2",1362,1051,"GSM4173511","WT_5XFAD2","WT_5XFAD",2,"WT","5XFAD",0.220264317180617,"9","9","9","Microglia",TRUE,"WT_5XFAD2_CCGGTAGAGGAGTCTG-1"
"WT_5XFAD2",1151,937,"GSM4173511","WT_5XFAD2","WT_5XFAD",2,"WT","5XFAD",0.0868809730668983,"9","9","9","Microglia",TRUE,"WT_5XFAD2_CCGTGGAGTTCGGGCT-1"
"WT_5XFAD2",1258,1001,"GSM4173511","WT_5XFAD2","WT_5XFAD",2,"WT","5XFAD",0.158982511923688,"9","9","9","Microglia",TRUE,"WT_5XFAD2_CCTAAAGCACCGGAAA-1"
"WT_5XFAD2",878,714,"GSM4173511","WT_5XFAD2","WT_5XFAD",2,"WT","5XFAD",0.113895216400911,"9","9","9","Microglia",TRUE,"WT_5XFAD2_CCTACACCAGGGATTG-1"
"WT_5XFAD2",1250,962,"GSM4173511","WT_5XFAD2","WT_5XFAD",2,"WT","5XFAD",0.16,"9","9","9","Microglia",TRUE,"WT_5XFAD2_CCTAGCTGTCTAGCCG-1"
"WT_5XFAD2",1384,1097,"GSM4173511","WT_5XFAD2","WT_5XFAD",2,"WT","5XFAD",0,"9","9","9","Microglia",TRUE,"WT_5XFAD2_CCTAGCTTCCAAGTAC-1"
"WT_5XFAD2",1810,1310,"GSM4173511","WT_5XFAD2","WT_5XFAD",2,"WT","5XFAD",0.110497237569061,"9","9","9","Microglia",TRUE,"WT_5XFAD2_CCTAGCTTCGCCCTTA-1"
"WT_5XFAD2",1478,1108,"GSM4173511","WT_5XFAD2","WT_5XFAD",2,"WT","5XFAD",0.27063599458728,"9","9","9","Microglia",TRUE,"WT_5XFAD2_CCTCAGTGTACTCGCG-1"
"WT_5XFAD2",2406,1704,"GSM4173511","WT_5XFAD2","WT_5XFAD",2,"WT","5XFAD",0.207813798836243,"9","9","9","Microglia",TRUE,"WT_5XFAD2_CGAGCCAGTTCGGCAC-1"
"WT_5XFAD2",1630,1279,"GSM4173511","WT_5XFAD2","WT_5XFAD",2,"WT","5XFAD",1.16564417177914,"9","9","9","Microglia",TRUE,"WT_5XFAD2_CGATCGGTCGTCCGTT-1"
"WT_5XFAD2",1496,1171,"GSM4173511","WT_5XFAD2","WT_5XFAD",2,"WT","5XFAD",0,"9","9","9","Microglia",TRUE,"WT_5XFAD2_CGCGGTAAGCACCGTC-1"
"WT_5XFAD2",1461,1178,"GSM4173511","WT_5XFAD2","WT_5XFAD",2,"WT","5XFAD",0.0684462696783025,"9","9","9","Microglia",TRUE,"WT_5XFAD2_CGCGGTAGTCCAAGTT-1"
"WT_5XFAD2",1020,825,"GSM4173511","WT_5XFAD2","WT_5XFAD",2,"WT","5XFAD",0.588235294117647,"9","9","9","Microglia",TRUE,"WT_5XFAD2_CGCGTTTCAGGTGCCT-1"
"WT_5XFAD2",1982,1517,"GSM4173511","WT_5XFAD2","WT_5XFAD",2,"WT","5XFAD",0.0504540867810293,"9","9","9","Microglia",TRUE,"WT_5XFAD2_CGGACACCAAATCCGT-1"
"WT_5XFAD2",1361,1084,"GSM4173511","WT_5XFAD2","WT_5XFAD",2,"WT","5XFAD",0.0734753857457752,"9","9","9","Microglia",TRUE,"WT_5XFAD2_CGGACTGCAAGCGAGT-1"
"WT_5XFAD2",1588,1226,"GSM4173511","WT_5XFAD2","WT_5XFAD",2,"WT","5XFAD",0.314861460957179,"9","9","9","Microglia",TRUE,"WT_5XFAD2_CGGGTCACACAGCCCA-1"
"WT_5XFAD2",1497,1126,"GSM4173511","WT_5XFAD2","WT_5XFAD",2,"WT","5XFAD",0.0668002672010688,"9","9","9","Microglia",TRUE,"WT_5XFAD2_CGGTTAAAGTCGATAA-1"
"WT_5XFAD2",1154,922,"GSM4173511","WT_5XFAD2","WT_5XFAD",2,"WT","5XFAD",0.866551126516464,"9","9","9","Microglia",TRUE,"WT_5XFAD2_CGTAGCGCATGAGCGA-1"
"WT_5XFAD2",1225,1007,"GSM4173511","WT_5XFAD2","WT_5XFAD",2,"WT","5XFAD",0.0816326530612245,"9","9","9","Microglia",TRUE,"WT_5XFAD2_CGTAGCGGTGACAAAT-1"
"WT_5XFAD2",1229,966,"GSM4173511","WT_5XFAD2","WT_5XFAD",2,"WT","5XFAD",0.244100895036615,"9","9","9","Microglia",TRUE,"WT_5XFAD2_CGTCACTGTCCGTGAC-1"
"WT_5XFAD2",1205,961,"GSM4173511","WT_5XFAD2","WT_5XFAD",2,"WT","5XFAD",0.16597510373444,"9","9","9","Microglia",TRUE,"WT_5XFAD2_CGTCACTGTGGGTCAA-1"
"WT_5XFAD2",1169,954,"GSM4173511","WT_5XFAD2","WT_5XFAD",2,"WT","5XFAD",0,"9","9","9","Microglia",TRUE,"WT_5XFAD2_CGTCCATGTGGTCCGT-1"
"WT_5XFAD2",1051,876,"GSM4173511","WT_5XFAD2","WT_5XFAD",2,"WT","5XFAD",0.0951474785918173,"9","9","9","Microglia",TRUE,"WT_5XFAD2_CGTGAGCTCGCATGAT-1"
"WT_5XFAD2",2220,1594,"GSM4173511","WT_5XFAD2","WT_5XFAD",2,"WT","5XFAD",0.135135135135135,"9","9","9","Microglia",TRUE,"WT_5XFAD2_CGTTAGAAGAGTACCG-1"
"WT_5XFAD2",1087,896,"GSM4173511","WT_5XFAD2","WT_5XFAD",2,"WT","5XFAD",0.0919963201471941,"9","9","9","Microglia",TRUE,"WT_5XFAD2_CGTTAGACAACGCACC-1"
"WT_5XFAD2",1604,1185,"GSM4173511","WT_5XFAD2","WT_5XFAD",2,"WT","5XFAD",0,"9","9","9","Microglia",TRUE,"WT_5XFAD2_CGTTAGACATATACGC-1"
"WT_5XFAD2",1120,879,"GSM4173511","WT_5XFAD2","WT_5XFAD",2,"WT","5XFAD",0.357142857142857,"9","9","9","Microglia",TRUE,"WT_5XFAD2_CTAACTTTCTGCGACG-1"
"WT_5XFAD2",895,744,"GSM4173511","WT_5XFAD2","WT_5XFAD",2,"WT","5XFAD",1.00558659217877,"9","9","9","Microglia",TRUE,"WT_5XFAD2_CTAATGGTCGGCCGAT-1"
"WT_5XFAD2",1588,1269,"GSM4173511","WT_5XFAD2","WT_5XFAD",2,"WT","5XFAD",0.188916876574307,"9","9","9","Microglia",TRUE,"WT_5XFAD2_CTACACCAGTGTACGG-1"
"WT_5XFAD2",1571,1161,"GSM4173511","WT_5XFAD2","WT_5XFAD",2,"WT","5XFAD",0.063653723742839,"9","9","9","Microglia",TRUE,"WT_5XFAD2_CTACATTTCAAACAAG-1"
"WT_5XFAD2",1833,1397,"GSM4173511","WT_5XFAD2","WT_5XFAD",2,"WT","5XFAD",0.10911074740862,"9","9","9","Microglia",TRUE,"WT_5XFAD2_CTACCCAAGACTAGAT-1"
"WT_5XFAD2",1071,881,"GSM4173511","WT_5XFAD2","WT_5XFAD",2,"WT","5XFAD",0.186741363211951,"9","9","9","Microglia",TRUE,"WT_5XFAD2_CTACCCACATAGACTC-1"
"WT_5XFAD2",2310,1706,"GSM4173511","WT_5XFAD2","WT_5XFAD",2,"WT","5XFAD",0.0432900432900433,"9","9","9","Microglia",TRUE,"WT_5XFAD2_CTAGTGACAATCGAAA-1"
"WT_5XFAD2",1137,888,"GSM4173511","WT_5XFAD2","WT_5XFAD",2,"WT","5XFAD",0.351802990325418,"9","9","9","Microglia",TRUE,"WT_5XFAD2_CTAGTGACATCTATGG-1"
"WT_5XFAD2",1496,1151,"GSM4173511","WT_5XFAD2","WT_5XFAD",2,"WT","5XFAD",0.133689839572192,"9","9","9","Microglia",TRUE,"WT_5XFAD2_CTCACACAGTGTACGG-1"
"WT_5XFAD2",1551,1207,"GSM4173511","WT_5XFAD2","WT_5XFAD",2,"WT","5XFAD",0.0644745325596389,"9","9","9","Microglia",TRUE,"WT_5XFAD2_CTCCTAGCAGCATGAG-1"
"WT_5XFAD2",2477,1790,"GSM4173511","WT_5XFAD2","WT_5XFAD",2,"WT","5XFAD",0,"9","9","9","Microglia",TRUE,"WT_5XFAD2_CTCGAGGCAACACCCG-1"
"WT_5XFAD2",1423,1115,"GSM4173511","WT_5XFAD2","WT_5XFAD",2,"WT","5XFAD",0.0702740688685875,"9","9","9","Microglia",TRUE,"WT_5XFAD2_CTCTAATGTTGTCTTT-1"
"WT_5XFAD2",1406,1066,"GSM4173511","WT_5XFAD2","WT_5XFAD",2,"WT","5XFAD",0,"9","9","9","Microglia",TRUE,"WT_5XFAD2_CTCTACGTCGCAAACT-1"
"WT_5XFAD2",1175,938,"GSM4173511","WT_5XFAD2","WT_5XFAD",2,"WT","5XFAD",0.851063829787234,"9","9","9","Microglia",TRUE,"WT_5XFAD2_CTGATAGTCGAATCCA-1"
"WT_5XFAD2",1827,1332,"GSM4173511","WT_5XFAD2","WT_5XFAD",2,"WT","5XFAD",0.164203612479475,"9","9","9","Microglia",TRUE,"WT_5XFAD2_CTGCCTATCCACGCAG-1"
"WT_5XFAD2",1065,866,"GSM4173511","WT_5XFAD2","WT_5XFAD",2,"WT","5XFAD",0,"9","9","9","Microglia",TRUE,"WT_5XFAD2_CTGCTGTCAGATTGCT-1"
"WT_5XFAD2",1094,864,"GSM4173511","WT_5XFAD2","WT_5XFAD",2,"WT","5XFAD",0.182815356489945,"9","9","9","Microglia",TRUE,"WT_5XFAD2_CTGTGCTGTAAGTTCC-1"
"WT_5XFAD2",1476,1136,"GSM4173511","WT_5XFAD2","WT_5XFAD",2,"WT","5XFAD",0.203252032520325,"9","9","9","Microglia",TRUE,"WT_5XFAD2_CTTAACTGTTTAGGAA-1"
"WT_5XFAD2",1141,903,"GSM4173511","WT_5XFAD2","WT_5XFAD",2,"WT","5XFAD",0,"9","9","9","Microglia",TRUE,"WT_5XFAD2_CTTGGCTAGCCTCGTG-1"
"WT_5XFAD2",1116,875,"GSM4173511","WT_5XFAD2","WT_5XFAD",2,"WT","5XFAD",0.17921146953405,"9","9","9","Microglia",TRUE,"WT_5XFAD2_GAAACTCGTAAATACG-1"
"WT_5XFAD2",1311,1033,"GSM4173511","WT_5XFAD2","WT_5XFAD",2,"WT","5XFAD",0.3813882532418,"9","9","9","Microglia",TRUE,"WT_5XFAD2_GAAATGACACTGTCGG-1"
"WT_5XFAD2",1648,1222,"GSM4173511","WT_5XFAD2","WT_5XFAD",2,"WT","5XFAD",0,"9","9","9","Microglia",TRUE,"WT_5XFAD2_GAATAAGGTCGTCTTC-1"
"WT_5XFAD2",1334,1054,"GSM4173511","WT_5XFAD2","WT_5XFAD",2,"WT","5XFAD",0,"9","9","9","Microglia",TRUE,"WT_5XFAD2_GACCAATCAAGGTTCT-1"
"WT_5XFAD2",594,508,"GSM4173511","WT_5XFAD2","WT_5XFAD",2,"WT","5XFAD",0.505050505050505,"9","9","9","Microglia",TRUE,"WT_5XFAD2_GACGTGCAGCGATCCC-1"
"WT_5XFAD2",543,411,"GSM4173511","WT_5XFAD2","WT_5XFAD",2,"WT","5XFAD",0.920810313075507,"9","9","9","Microglia",TRUE,"WT_5XFAD2_GACGTGCCAAGAGTCG-1"
"WT_5XFAD2",1310,1000,"GSM4173511","WT_5XFAD2","WT_5XFAD",2,"WT","5XFAD",0,"9","9","9","Microglia",TRUE,"WT_5XFAD2_GACTGCGCAGGTGCCT-1"
"WT_5XFAD2",1651,1213,"GSM4173511","WT_5XFAD2","WT_5XFAD",2,"WT","5XFAD",0.181708055723804,"9","9","9","Microglia",TRUE,"WT_5XFAD2_GATCAGTCAGATAATG-1"
"WT_5XFAD2",1382,1097,"GSM4173511","WT_5XFAD2","WT_5XFAD",2,"WT","5XFAD",0.0723589001447178,"9","9","9","Microglia",TRUE,"WT_5XFAD2_GATCAGTTCGCATGAT-1"
"WT_5XFAD2",1320,1037,"GSM4173511","WT_5XFAD2","WT_5XFAD",2,"WT","5XFAD",0.0757575757575758,"9","9","9","Microglia",TRUE,"WT_5XFAD2_GATCGATGTGCAGACA-1"
"WT_5XFAD2",1470,1156,"GSM4173511","WT_5XFAD2","WT_5XFAD",2,"WT","5XFAD",0,"9","9","9","Microglia",TRUE,"WT_5XFAD2_GATCGCGGTTAAGATG-1"
"WT_5XFAD2",1048,866,"GSM4173511","WT_5XFAD2","WT_5XFAD",2,"WT","5XFAD",0,"9","9","9","Microglia",TRUE,"WT_5XFAD2_GATCGTAAGACCTAGG-1"
"WT_5XFAD2",1554,1156,"GSM4173511","WT_5XFAD2","WT_5XFAD",2,"WT","5XFAD",0.128700128700129,"9","9","9","Microglia",TRUE,"WT_5XFAD2_GCAAACTAGTGGAGAA-1"
"WT_5XFAD2",1380,1049,"GSM4173511","WT_5XFAD2","WT_5XFAD",2,"WT","5XFAD",0.072463768115942,"9","9","9","Microglia",TRUE,"WT_5XFAD2_GCACTCTAGGATGTAT-1"
"WT_5XFAD2",1468,1157,"GSM4173511","WT_5XFAD2","WT_5XFAD",2,"WT","5XFAD",0,"9","9","9","Microglia",TRUE,"WT_5XFAD2_GCAGCCATCAAGATCC-1"
"WT_5XFAD2",1248,992,"GSM4173511","WT_5XFAD2","WT_5XFAD",2,"WT","5XFAD",0.16025641025641,"9","9","9","Microglia",TRUE,"WT_5XFAD2_GCGCAGTTCACGGTTA-1"
"WT_5XFAD2",1058,856,"GSM4173511","WT_5XFAD2","WT_5XFAD",2,"WT","5XFAD",0.472589792060492,"9","9","9","Microglia",TRUE,"WT_5XFAD2_GCGCGATTCAGCTGGC-1"
"WT_5XFAD2",1238,934,"GSM4173511","WT_5XFAD2","WT_5XFAD",2,"WT","5XFAD",0.726978998384491,"9","9","9","Microglia",TRUE,"WT_5XFAD2_GCGGGTTAGTACGTTC-1"
"WT_5XFAD2",1274,1015,"GSM4173511","WT_5XFAD2","WT_5XFAD",2,"WT","5XFAD",2.1978021978022,"9","9","9","Microglia",TRUE,"WT_5XFAD2_GCGGGTTAGTGAAGAG-1"
"WT_5XFAD2",1603,1215,"GSM4173511","WT_5XFAD2","WT_5XFAD",2,"WT","5XFAD",0.0623830318153462,"9","9","9","Microglia",TRUE,"WT_5XFAD2_GCGGGTTTCCCGACTT-1"
"WT_5XFAD2",1005,823,"GSM4173511","WT_5XFAD2","WT_5XFAD",2,"WT","5XFAD",0.099502487562189,"9","9","9","Microglia",TRUE,"WT_5XFAD2_GCTCCTACAAACGTGG-1"
"WT_5XFAD2",1407,1085,"GSM4173511","WT_5XFAD2","WT_5XFAD",2,"WT","5XFAD",0.426439232409382,"9","9","9","Microglia",TRUE,"WT_5XFAD2_GCTCCTATCACCTTAT-1"
"WT_5XFAD2",1510,1189,"GSM4173511","WT_5XFAD2","WT_5XFAD",2,"WT","5XFAD",0.463576158940397,"9","9","9","Microglia",TRUE,"WT_5XFAD2_GCTGCAGAGCAATATG-1"
"WT_5XFAD2",1810,1346,"GSM4173511","WT_5XFAD2","WT_5XFAD",2,"WT","5XFAD",0.441988950276243,"9","9","9","Microglia",TRUE,"WT_5XFAD2_GCTGCAGAGTTAAGTG-1"
"WT_5XFAD2",1829,1320,"GSM4173511","WT_5XFAD2","WT_5XFAD",2,"WT","5XFAD",0.0546746856205577,"9","9","9","Microglia",TRUE,"WT_5XFAD2_GCTTCCAAGGCTACGA-1"
"WT_5XFAD2",994,774,"GSM4173511","WT_5XFAD2","WT_5XFAD",2,"WT","5XFAD",0,"9","9","9","Microglia",TRUE,"WT_5XFAD2_GGAAAGCAGGGTGTTG-1"
"WT_5XFAD2",1618,1262,"GSM4173511","WT_5XFAD2","WT_5XFAD",2,"WT","5XFAD",0.0618046971569839,"9","9","9","Microglia",TRUE,"WT_5XFAD2_GGAACTTAGGCTAGCA-1"
"WT_5XFAD2",1877,1311,"GSM4173511","WT_5XFAD2","WT_5XFAD",2,"WT","5XFAD",0.426212040490144,"9","9","9","Microglia",TRUE,"WT_5XFAD2_GGACAAGCATTCTTAC-1"
"WT_5XFAD2",1150,929,"GSM4173511","WT_5XFAD2","WT_5XFAD",2,"WT","5XFAD",0,"9","9","9","Microglia",TRUE,"WT_5XFAD2_GGACATTGTGCAACTT-1"
"WT_5XFAD2",1739,1269,"GSM4173511","WT_5XFAD2","WT_5XFAD",2,"WT","5XFAD",0.115008625646924,"9","9","9","Microglia",TRUE,"WT_5XFAD2_GGAGCAAAGATCACGG-1"
"WT_5XFAD2",1370,1079,"GSM4173511","WT_5XFAD2","WT_5XFAD",2,"WT","5XFAD",0.145985401459854,"9","9","9","Microglia",TRUE,"WT_5XFAD2_GGAGCAACAGTGGAGT-1"
"WT_5XFAD2",1610,1181,"GSM4173511","WT_5XFAD2","WT_5XFAD",2,"WT","5XFAD",0.745341614906832,"9","9","9","Microglia",TRUE,"WT_5XFAD2_GGAGCAAGTAGCACGA-1"
"WT_5XFAD2",1657,1281,"GSM4173511","WT_5XFAD2","WT_5XFAD",2,"WT","5XFAD",0.181050090525045,"9","9","9","Microglia",TRUE,"WT_5XFAD2_GGATGTTAGAAAGTGG-1"
"WT_5XFAD2",1088,883,"GSM4173511","WT_5XFAD2","WT_5XFAD",2,"WT","5XFAD",2.75735294117647,"9","9","9","Microglia",TRUE,"WT_5XFAD2_GGATTACGTTCGGCAC-1"
"WT_5XFAD2",2218,1492,"GSM4173511","WT_5XFAD2","WT_5XFAD",2,"WT","5XFAD",0.450856627592426,"9","9","9","Microglia",TRUE,"WT_5XFAD2_GGCGACTTCTTATCTG-1"
"WT_5XFAD2",1033,859,"GSM4173511","WT_5XFAD2","WT_5XFAD",2,"WT","5XFAD",0,"9","9","9","Microglia",TRUE,"WT_5XFAD2_GGCGTGTTCTGCGGCA-1"
"WT_5XFAD2",1422,1163,"GSM4173511","WT_5XFAD2","WT_5XFAD",2,"WT","5XFAD",0.140646976090014,"9","9","9","Microglia",TRUE,"WT_5XFAD2_GGGATGAGTAGATTAG-1"
"WT_5XFAD2",678,556,"GSM4173511","WT_5XFAD2","WT_5XFAD",2,"WT","5XFAD",0.294985250737463,"9","9","9","Microglia",TRUE,"WT_5XFAD2_GGGCACTCAATGCCAT-1"
"WT_5XFAD2",1576,1226,"GSM4173511","WT_5XFAD2","WT_5XFAD",2,"WT","5XFAD",0,"9","9","9","Microglia",TRUE,"WT_5XFAD2_GGGTCTGTCCGCGCAA-1"
"WT_5XFAD2",561,465,"GSM4173511","WT_5XFAD2","WT_5XFAD",2,"WT","5XFAD",1.60427807486631,"9","9","9","Microglia",TRUE,"WT_5XFAD2_GGTATTGCAAGGACTG-1"
"WT_5XFAD2",1456,1088,"GSM4173511","WT_5XFAD2","WT_5XFAD",2,"WT","5XFAD",0.343406593406593,"9","9","9","Microglia",TRUE,"WT_5XFAD2_GGTGAAGCATTATCTC-1"
"WT_5XFAD2",1839,1417,"GSM4173511","WT_5XFAD2","WT_5XFAD",2,"WT","5XFAD",0.761283306144644,"9","9","9","Microglia",TRUE,"WT_5XFAD2_GGTGTTAAGAATGTGT-1"
"WT_5XFAD2",1492,1164,"GSM4173511","WT_5XFAD2","WT_5XFAD",2,"WT","5XFAD",3.88739946380697,"9","9","9","Microglia",TRUE,"WT_5XFAD2_GGTGTTACAGCTGGCT-1"
"WT_5XFAD2",1548,1161,"GSM4173511","WT_5XFAD2","WT_5XFAD",2,"WT","5XFAD",0.0645994832041344,"9","9","9","Microglia",TRUE,"WT_5XFAD2_GTACTTTTCGGAGCAA-1"
"WT_5XFAD2",1628,1254,"GSM4173511","WT_5XFAD2","WT_5XFAD",2,"WT","5XFAD",0.184275184275184,"9","9","9","Microglia",TRUE,"WT_5XFAD2_GTAGGCCAGCGGCTTC-1"
"WT_5XFAD2",1494,1162,"GSM4173511","WT_5XFAD2","WT_5XFAD",2,"WT","5XFAD",0.133868808567604,"9","9","9","Microglia",TRUE,"WT_5XFAD2_GTATCTTAGTTTCCTT-1"
"WT_5XFAD2",1266,999,"GSM4173511","WT_5XFAD2","WT_5XFAD",2,"WT","5XFAD",0,"9","9","9","Microglia",TRUE,"WT_5XFAD2_GTATCTTTCCACGAAT-1"
"WT_5XFAD2",1757,1264,"GSM4173511","WT_5XFAD2","WT_5XFAD",2,"WT","5XFAD",0.796812749003984,"9","9","9","Microglia",TRUE,"WT_5XFAD2_GTCAAGTCATAACCTG-1"
"WT_5XFAD2",842,712,"GSM4173511","WT_5XFAD2","WT_5XFAD",2,"WT","5XFAD",0.118764845605701,"9","9","9","Microglia",TRUE,"WT_5XFAD2_GTCATTTAGGAGCGTT-1"
"WT_5XFAD2",1186,938,"GSM4173511","WT_5XFAD2","WT_5XFAD",2,"WT","5XFAD",0.0843170320404722,"9","9","9","Microglia",TRUE,"WT_5XFAD2_GTCGGGTCAAACCCAT-1"
"WT_5XFAD2",2890,1920,"GSM4173511","WT_5XFAD2","WT_5XFAD",2,"WT","5XFAD",0.103806228373702,"9","9","9","Microglia",TRUE,"WT_5XFAD2_GTCTCGTAGATGCGAC-1"
"WT_5XFAD2",1739,1268,"GSM4173511","WT_5XFAD2","WT_5XFAD",2,"WT","5XFAD",0.402530189764232,"9","9","9","Microglia",TRUE,"WT_5XFAD2_GTCTCGTCACGGTAGA-1"
"WT_5XFAD2",1650,1103,"GSM4173511","WT_5XFAD2","WT_5XFAD",2,"WT","5XFAD",0.909090909090909,"9","9","9","Microglia",TRUE,"WT_5XFAD2_GTCTCGTGTGAACCTT-1"
"WT_5XFAD2",1516,1080,"GSM4173511","WT_5XFAD2","WT_5XFAD",2,"WT","5XFAD",0.0659630606860158,"9","9","9","Microglia",TRUE,"WT_5XFAD2_GTCTCGTTCACGGTTA-1"
"WT_5XFAD2",1127,939,"GSM4173511","WT_5XFAD2","WT_5XFAD",2,"WT","5XFAD",0.177462289263531,"9","9","9","Microglia",TRUE,"WT_5XFAD2_GTGAAGGAGATGAGAG-1"
"WT_5XFAD2",1508,1147,"GSM4173511","WT_5XFAD2","WT_5XFAD",2,"WT","5XFAD",0.0663129973474801,"9","9","9","Microglia",TRUE,"WT_5XFAD2_GTGCAGCCATAACCTG-1"
"WT_5XFAD2",1880,1395,"GSM4173511","WT_5XFAD2","WT_5XFAD",2,"WT","5XFAD",0.159574468085106,"9","9","9","Microglia",TRUE,"WT_5XFAD2_GTGCATACATATGCTG-1"
"WT_5XFAD2",813,665,"GSM4173511","WT_5XFAD2","WT_5XFAD",2,"WT","5XFAD",0.2460024600246,"9","9","9","Microglia",TRUE,"WT_5XFAD2_GTGCGGTTCCGTCATC-1"
"WT_5XFAD2",1356,1057,"GSM4173511","WT_5XFAD2","WT_5XFAD",2,"WT","5XFAD",0.0737463126843658,"9","9","9","Microglia",TRUE,"WT_5XFAD2_GTGGGTCTCCGTTGCT-1"
"WT_5XFAD2",984,821,"GSM4173511","WT_5XFAD2","WT_5XFAD",2,"WT","5XFAD",0,"9","9","9","Microglia",TRUE,"WT_5XFAD2_GTGTGCGGTATTAGCC-1"
"WT_5XFAD2",1291,1011,"GSM4173511","WT_5XFAD2","WT_5XFAD",2,"WT","5XFAD",0.69713400464756,"9","9","9","Microglia",TRUE,"WT_5XFAD2_GTGTTAGCAAACGTGG-1"
"WT_5XFAD2",1252,1027,"GSM4173511","WT_5XFAD2","WT_5XFAD",2,"WT","5XFAD",0,"9","9","9","Microglia",TRUE,"WT_5XFAD2_GTGTTAGCACCCAGTG-1"
"WT_5XFAD2",1178,949,"GSM4173511","WT_5XFAD2","WT_5XFAD",2,"WT","5XFAD",0.0848896434634974,"9","9","9","Microglia",TRUE,"WT_5XFAD2_GTGTTAGGTTCAGGCC-1"
"WT_5XFAD2",1515,1168,"GSM4173511","WT_5XFAD2","WT_5XFAD",2,"WT","5XFAD",0,"9","9","9","Microglia",TRUE,"WT_5XFAD2_GTTCATTCATGTAGTC-1"
"WT_5XFAD2",1343,1013,"GSM4173511","WT_5XFAD2","WT_5XFAD",2,"WT","5XFAD",0.819061801935964,"9","9","9","Microglia",TRUE,"WT_5XFAD2_GTTCTCGTCACATAGC-1"
"WT_5XFAD2",1014,833,"GSM4173511","WT_5XFAD2","WT_5XFAD",2,"WT","5XFAD",0,"9","9","9","Microglia",TRUE,"WT_5XFAD2_TAAGCGTGTGCACCAC-1"
"WT_5XFAD2",674,463,"GSM4173511","WT_5XFAD2","WT_5XFAD",2,"WT","5XFAD",4.00593471810089,"9","9","9","Microglia",TRUE,"WT_5XFAD2_TAAGTGCCAACTGCTA-1"
"WT_5XFAD2",1991,1487,"GSM4173511","WT_5XFAD2","WT_5XFAD",2,"WT","5XFAD",0,"9","9","9","Microglia",TRUE,"WT_5XFAD2_TACAGTGAGAAGCCCA-1"
"WT_5XFAD2",3574,2343,"GSM4173511","WT_5XFAD2","WT_5XFAD",2,"WT","5XFAD",0.0559597090095132,"9","9","9","Microglia",TRUE,"WT_5XFAD2_TACAGTGTCATTGCGA-1"
"WT_5XFAD2",3294,2202,"GSM4173511","WT_5XFAD2","WT_5XFAD",2,"WT","5XFAD",0.0910746812386157,"9","9","9","Microglia",TRUE,"WT_5XFAD2_TACGGTAGTAAAGTCA-1"
"WT_5XFAD2",1374,1066,"GSM4173511","WT_5XFAD2","WT_5XFAD",2,"WT","5XFAD",0.0727802037845706,"9","9","9","Microglia",TRUE,"WT_5XFAD2_TACTTGTCACACTGCG-1"
"WT_5XFAD2",1392,1096,"GSM4173511","WT_5XFAD2","WT_5XFAD",2,"WT","5XFAD",0.21551724137931,"9","9","9","Microglia",TRUE,"WT_5XFAD2_TACTTGTGTACTCTCC-1"
"WT_5XFAD2",1335,1038,"GSM4173511","WT_5XFAD2","WT_5XFAD",2,"WT","5XFAD",0,"9","9","9","Microglia",TRUE,"WT_5XFAD2_TAGCCGGTCGTGGTCG-1"
"WT_5XFAD2",1763,1375,"GSM4173511","WT_5XFAD2","WT_5XFAD",2,"WT","5XFAD",0.170164492342598,"9","9","9","Microglia",TRUE,"WT_5XFAD2_TATCTCACATCCGCGA-1"
"WT_5XFAD2",798,654,"GSM4173511","WT_5XFAD2","WT_5XFAD",2,"WT","5XFAD",0.25062656641604,"9","9","9","Microglia",TRUE,"WT_5XFAD2_TATGCCCCAGTTAACC-1"
"WT_5XFAD2",1542,1143,"GSM4173511","WT_5XFAD2","WT_5XFAD",2,"WT","5XFAD",0.259403372243839,"9","9","9","Microglia",TRUE,"WT_5XFAD2_TCACGAATCGAGCCCA-1"
"WT_5XFAD2",1722,1318,"GSM4173511","WT_5XFAD2","WT_5XFAD",2,"WT","5XFAD",0.0580720092915215,"9","9","9","Microglia",TRUE,"WT_5XFAD2_TCACGAATCTGCTTGC-1"
"WT_5XFAD2",1660,1293,"GSM4173511","WT_5XFAD2","WT_5XFAD",2,"WT","5XFAD",0.301204819277108,"9","9","9","Microglia",TRUE,"WT_5XFAD2_TCAGCAAAGAAACCGC-1"
"WT_5XFAD2",968,777,"GSM4173511","WT_5XFAD2","WT_5XFAD",2,"WT","5XFAD",0,"9","9","9","Microglia",TRUE,"WT_5XFAD2_TCAGGTAAGCGACGTA-1"
"WT_5XFAD2",1377,1039,"GSM4173511","WT_5XFAD2","WT_5XFAD",2,"WT","5XFAD",0.217864923747277,"9","9","9","Microglia",TRUE,"WT_5XFAD2_TCATTACCAAAGGTGC-1"
"WT_5XFAD2",1601,1207,"GSM4173511","WT_5XFAD2","WT_5XFAD",2,"WT","5XFAD",0.124921923797626,"9","9","9","Microglia",TRUE,"WT_5XFAD2_TCCACACCAGTCGATT-1"
"WT_5XFAD2",1072,835,"GSM4173511","WT_5XFAD2","WT_5XFAD",2,"WT","5XFAD",0.0932835820895522,"9","9","9","Microglia",TRUE,"WT_5XFAD2_TCGAGGCCATAAGACA-1"
"WT_5XFAD2",1248,1025,"GSM4173511","WT_5XFAD2","WT_5XFAD",2,"WT","5XFAD",0.16025641025641,"9","9","9","Microglia",TRUE,"WT_5XFAD2_TCGCGTTGTGCCTGTG-1"
"WT_5XFAD2",1285,999,"GSM4173511","WT_5XFAD2","WT_5XFAD",2,"WT","5XFAD",0.155642023346304,"9","9","9","Microglia",TRUE,"WT_5XFAD2_TCGGTAACATCAGTAC-1"
"WT_5XFAD2",1474,1162,"GSM4173511","WT_5XFAD2","WT_5XFAD",2,"WT","5XFAD",0.203527815468114,"9","9","9","Microglia",TRUE,"WT_5XFAD2_TCGGTAATCGGAATCT-1"
"WT_5XFAD2",1128,918,"GSM4173511","WT_5XFAD2","WT_5XFAD",2,"WT","5XFAD",0.265957446808511,"9","9","9","Microglia",TRUE,"WT_5XFAD2_TCGTAGACAGCTTCGG-1"
"WT_5XFAD2",1036,853,"GSM4173511","WT_5XFAD2","WT_5XFAD",2,"WT","5XFAD",0.386100386100386,"9","9","9","Microglia",TRUE,"WT_5XFAD2_TCGTAGAGTCACCTAA-1"
"WT_5XFAD2",1519,1173,"GSM4173511","WT_5XFAD2","WT_5XFAD",2,"WT","5XFAD",0.0658327847267939,"9","9","9","Microglia",TRUE,"WT_5XFAD2_TCGTAGAGTCTTCTCG-1"
"WT_5XFAD2",1556,1209,"GSM4173511","WT_5XFAD2","WT_5XFAD",2,"WT","5XFAD",0.06426735218509,"9","9","9","Microglia",TRUE,"WT_5XFAD2_TCTATTGTCAAACGGG-1"
"WT_5XFAD2",1447,1092,"GSM4173511","WT_5XFAD2","WT_5XFAD",2,"WT","5XFAD",0,"9","9","9","Microglia",TRUE,"WT_5XFAD2_TGACAACAGAGCTTCT-1"
"WT_5XFAD2",2222,1589,"GSM4173511","WT_5XFAD2","WT_5XFAD",2,"WT","5XFAD",0.225022502250225,"9","9","9","Microglia",TRUE,"WT_5XFAD2_TGACAACGTATGGTTC-1"
"WT_5XFAD2",1699,1272,"GSM4173511","WT_5XFAD2","WT_5XFAD",2,"WT","5XFAD",0.294290759270159,"9","9","9","Microglia",TRUE,"WT_5XFAD2_TGAGAGGCATAACCTG-1"
"WT_5XFAD2",932,640,"GSM4173511","WT_5XFAD2","WT_5XFAD",2,"WT","5XFAD",8.79828326180258,"9","9","9","Microglia",TRUE,"WT_5XFAD2_TGAGCATCAGACTCGC-1"
"WT_5XFAD2",1066,838,"GSM4173511","WT_5XFAD2","WT_5XFAD",2,"WT","5XFAD",0.0938086303939962,"9","9","9","Microglia",TRUE,"WT_5XFAD2_TGCCAAATCCATTCTA-1"
"WT_5XFAD2",1273,1007,"GSM4173511","WT_5XFAD2","WT_5XFAD",2,"WT","5XFAD",0.392772977219167,"9","9","9","Microglia",TRUE,"WT_5XFAD2_TGCTACCCACCGTTGG-1"
"WT_5XFAD2",518,435,"GSM4173511","WT_5XFAD2","WT_5XFAD",2,"WT","5XFAD",0,"9","9","9","Microglia",TRUE,"WT_5XFAD2_TGGGAAGAGCGGCTTC-1"
"WT_5XFAD2",1368,1115,"GSM4173511","WT_5XFAD2","WT_5XFAD",2,"WT","5XFAD",0.0730994152046784,"9","9","9","Microglia",TRUE,"WT_5XFAD2_TGGGAAGTCGCGCCAA-1"
"WT_5XFAD2",1377,1084,"GSM4173511","WT_5XFAD2","WT_5XFAD",2,"WT","5XFAD",0.145243282498184,"9","9","9","Microglia",TRUE,"WT_5XFAD2_TGTGGTATCACCGTAA-1"
"WT_5XFAD2",1752,1333,"GSM4173511","WT_5XFAD2","WT_5XFAD",2,"WT","5XFAD",0,"9","9","9","Microglia",TRUE,"WT_5XFAD2_TGTGTTTTCGCTGATA-1"
"WT_5XFAD2",1485,1133,"GSM4173511","WT_5XFAD2","WT_5XFAD",2,"WT","5XFAD",1.07744107744108,"9","9","9","Microglia",TRUE,"WT_5XFAD2_TTAGGACGTGGCGAAT-1"
"WT_5XFAD2",1245,962,"GSM4173511","WT_5XFAD2","WT_5XFAD",2,"WT","5XFAD",0,"9","9","9","Microglia",TRUE,"WT_5XFAD2_TTAGTTCGTTAGAACA-1"
"WT_5XFAD2",1291,1045,"GSM4173511","WT_5XFAD2","WT_5XFAD",2,"WT","5XFAD",1.0844306738962,"9","9","9","Microglia",TRUE,"WT_5XFAD2_TTCCCAGGTAGCCTCG-1"
"WT_5XFAD2",1081,842,"GSM4173511","WT_5XFAD2","WT_5XFAD",2,"WT","5XFAD",0,"9","9","9","Microglia",TRUE,"WT_5XFAD2_TTCGAAGCATGTCCTC-1"
"WT_5XFAD2",1639,1165,"GSM4173511","WT_5XFAD2","WT_5XFAD",2,"WT","5XFAD",0,"9","9","9","Microglia",TRUE,"WT_5XFAD2_TTCGGTCCAATGACCT-1"
"WT_5XFAD2",2001,1467,"GSM4173511","WT_5XFAD2","WT_5XFAD",2,"WT","5XFAD",0.299850074962519,"9","9","9","Microglia",TRUE,"WT_5XFAD2_TTCTACACAGACAGGT-1"
"WT_5XFAD2",1128,901,"GSM4173511","WT_5XFAD2","WT_5XFAD",2,"WT","5XFAD",0.0886524822695035,"9","9","9","Microglia",TRUE,"WT_5XFAD2_TTCTACAGTCGGGTCT-1"
"WT_5XFAD2",1484,1076,"GSM4173511","WT_5XFAD2","WT_5XFAD",2,"WT","5XFAD",0.606469002695418,"9","9","9","Microglia",TRUE,"WT_5XFAD2_TTCTCAAAGCCATCGC-1"
"WT_5XFAD2",1040,841,"GSM4173511","WT_5XFAD2","WT_5XFAD",2,"WT","5XFAD",0,"9","9","9","Microglia",TRUE,"WT_5XFAD2_TTCTCAAGTCCTCCAT-1"
"WT_5XFAD2",1472,1115,"GSM4173511","WT_5XFAD2","WT_5XFAD",2,"WT","5XFAD",0.339673913043478,"9","9","9","Microglia",TRUE,"WT_5XFAD2_TTCTTAGCACAGGAGT-1"
"WT_5XFAD2",1095,908,"GSM4173511","WT_5XFAD2","WT_5XFAD",2,"WT","5XFAD",0.091324200913242,"9","9","9","Microglia",TRUE,"WT_5XFAD2_TTCTTAGGTCTCCACT-1"
"WT_5XFAD2",1522,1156,"GSM4173511","WT_5XFAD2","WT_5XFAD",2,"WT","5XFAD",0,"9","9","9","Microglia",TRUE,"WT_5XFAD2_TTGACTTGTTCCCTTG-1"
"WT_5XFAD2",1293,988,"GSM4173511","WT_5XFAD2","WT_5XFAD",2,"WT","5XFAD",0,"9","9","9","Microglia",TRUE,"WT_5XFAD2_TTGCCGTTCACATAGC-1"
"WT_5XFAD2",1121,889,"GSM4173511","WT_5XFAD2","WT_5XFAD",2,"WT","5XFAD",0.0892060660124889,"9","9","9","Microglia",TRUE,"WT_5XFAD2_TTGGAACAGATGAGAG-1"
"WT_5XFAD2",1309,993,"GSM4173511","WT_5XFAD2","WT_5XFAD",2,"WT","5XFAD",0.152788388082506,"9","9","9","Microglia",TRUE,"WT_5XFAD2_TTGGCAAGTACATGTC-1"
"WT_5XFAD2",1552,1172,"GSM4173511","WT_5XFAD2","WT_5XFAD",2,"WT","5XFAD",1.61082474226804,"9","9","9","Microglia",TRUE,"WT_5XFAD2_TTGGCAAGTTGTTTGG-1"
"WT_5XFAD2",1212,1002,"GSM4173511","WT_5XFAD2","WT_5XFAD",2,"WT","5XFAD",0.0825082508250825,"9","9","9","Microglia",TRUE,"WT_5XFAD2_TTTATGCTCAGAGACG-1"
"WT_5XFAD2",901,733,"GSM4173511","WT_5XFAD2","WT_5XFAD",2,"WT","5XFAD",0,"9","9","9","Microglia",TRUE,"WT_5XFAD2_TTTGTCATCATCGGAT-1"
"WT_5XFAD3",1228,960,"GSM4173512","WT_5XFAD3","WT_5XFAD",3,"WT","5XFAD",1.0586319218241,"9","9","9","Microglia",TRUE,"WT_5XFAD3_AAACCTGTCGGACAAG-1"
"WT_5XFAD3",1546,1190,"GSM4173512","WT_5XFAD3","WT_5XFAD",3,"WT","5XFAD",1.74644243208279,"9","9","9","Microglia",TRUE,"WT_5XFAD3_AAACCTGTCTCTTATG-1"
"WT_5XFAD3",1658,987,"GSM4173512","WT_5XFAD3","WT_5XFAD",3,"WT","5XFAD",4.40289505428227,"9","9","9","Microglia",TRUE,"WT_5XFAD3_AAACGGGCACGAAGCA-1"
"WT_5XFAD3",1351,1032,"GSM4173512","WT_5XFAD3","WT_5XFAD",3,"WT","5XFAD",0,"9","9","9","Microglia",TRUE,"WT_5XFAD3_AAACGGGCAGATGGCA-1"
"WT_5XFAD3",1165,918,"GSM4173512","WT_5XFAD3","WT_5XFAD",3,"WT","5XFAD",0,"9","9","9","Microglia",TRUE,"WT_5XFAD3_AAACGGGGTCTGGTCG-1"
"WT_5XFAD3",1127,911,"GSM4173512","WT_5XFAD3","WT_5XFAD",3,"WT","5XFAD",0,"9","9","9","Microglia",TRUE,"WT_5XFAD3_AAAGATGGTACCGAGA-1"
"WT_5XFAD3",1679,1241,"GSM4173512","WT_5XFAD3","WT_5XFAD",3,"WT","5XFAD",0,"9","9","9","Microglia",TRUE,"WT_5XFAD3_AAAGTAGAGCCCTAAT-1"
"WT_5XFAD3",766,635,"GSM4173512","WT_5XFAD3","WT_5XFAD",3,"WT","5XFAD",0.391644908616188,"9","9","9","Microglia",TRUE,"WT_5XFAD3_AAAGTAGCACCCATTC-1"
"WT_5XFAD3",762,633,"GSM4173512","WT_5XFAD3","WT_5XFAD",3,"WT","5XFAD",1.31233595800525,"9","9","9","Microglia",TRUE,"WT_5XFAD3_AAAGTAGTCTCGATGA-1"
"WT_5XFAD3",1565,1207,"GSM4173512","WT_5XFAD3","WT_5XFAD",3,"WT","5XFAD",0.0638977635782748,"9","9","9","Microglia",TRUE,"WT_5XFAD3_AAATGCCCAAACAACA-1"
"WT_5XFAD3",639,555,"GSM4173512","WT_5XFAD3","WT_5XFAD",3,"WT","5XFAD",0.625978090766823,"9","9","9","Microglia",TRUE,"WT_5XFAD3_AAATGCCGTCTGCGGT-1"
"WT_5XFAD3",1301,1032,"GSM4173512","WT_5XFAD3","WT_5XFAD",3,"WT","5XFAD",0.5380476556495,"9","9","9","Microglia",TRUE,"WT_5XFAD3_AACACGTCACAGAGGT-1"
"WT_5XFAD3",1385,1095,"GSM4173512","WT_5XFAD3","WT_5XFAD",3,"WT","5XFAD",0.0722021660649819,"9","9","9","Microglia",TRUE,"WT_5XFAD3_AACACGTCAGTCACTA-1"
"WT_5XFAD3",651,544,"GSM4173512","WT_5XFAD3","WT_5XFAD",3,"WT","5XFAD",0,"9","9","9","Microglia",TRUE,"WT_5XFAD3_AACACGTTCCTCATTA-1"
"WT_5XFAD3",2345,1584,"GSM4173512","WT_5XFAD3","WT_5XFAD",3,"WT","5XFAD",6.73773987206823,"9","9","9","Microglia",TRUE,"WT_5XFAD3_AACCATGAGATGTAAC-1"
"WT_5XFAD3",1025,806,"GSM4173512","WT_5XFAD3","WT_5XFAD",3,"WT","5XFAD",0,"9","9","9","Microglia",TRUE,"WT_5XFAD3_AACCATGCACAGGCCT-1"
"WT_5XFAD3",1118,891,"GSM4173512","WT_5XFAD3","WT_5XFAD",3,"WT","5XFAD",0.0894454382826476,"9","9","9","Microglia",TRUE,"WT_5XFAD3_AACCGCGAGATAGGAG-1"
"WT_5XFAD3",1310,987,"GSM4173512","WT_5XFAD3","WT_5XFAD",3,"WT","5XFAD",0.0763358778625954,"9","9","9","Microglia",TRUE,"WT_5XFAD3_AACCGCGCAATCTACG-1"
"WT_5XFAD3",1283,977,"GSM4173512","WT_5XFAD3","WT_5XFAD",3,"WT","5XFAD",0.233826968043648,"9","9","9","Microglia",TRUE,"WT_5XFAD3_AACTCCCTCTCGCATC-1"
"WT_5XFAD3",2043,1478,"GSM4173512","WT_5XFAD3","WT_5XFAD",3,"WT","5XFAD",0.195790504160548,"9","9","9","Microglia",TRUE,"WT_5XFAD3_AACTCTTAGCGATGAC-1"
"WT_5XFAD3",641,534,"GSM4173512","WT_5XFAD3","WT_5XFAD",3,"WT","5XFAD",0.62402496099844,"9","9","9","Microglia",TRUE,"WT_5XFAD3_AACTCTTGTTTGACAC-1"
"WT_5XFAD3",1137,926,"GSM4173512","WT_5XFAD3","WT_5XFAD",3,"WT","5XFAD",0.175901495162709,"9","9","9","Microglia",TRUE,"WT_5XFAD3_AACTCTTTCCGAGCCA-1"
"WT_5XFAD3",1104,856,"GSM4173512","WT_5XFAD3","WT_5XFAD",3,"WT","5XFAD",1.44927536231884,"9","9","9","Microglia",TRUE,"WT_5XFAD3_AACTGGTAGAAGAAGC-1"
"WT_5XFAD3",1093,868,"GSM4173512","WT_5XFAD3","WT_5XFAD",3,"WT","5XFAD",0.182982616651418,"9","9","9","Microglia",TRUE,"WT_5XFAD3_AACTGGTGTCCTCCAT-1"
"WT_5XFAD3",1431,1087,"GSM4173512","WT_5XFAD3","WT_5XFAD",3,"WT","5XFAD",0.209643605870021,"9","9","9","Microglia",TRUE,"WT_5XFAD3_AACTGGTTCGAGCCCA-1"
"WT_5XFAD3",1142,928,"GSM4173512","WT_5XFAD3","WT_5XFAD",3,"WT","5XFAD",0,"9","9","9","Microglia",TRUE,"WT_5XFAD3_AACTGGTTCGTACCGG-1"
"WT_5XFAD3",2107,1504,"GSM4173512","WT_5XFAD3","WT_5XFAD",3,"WT","5XFAD",0.332225913621262,"9","9","9","Microglia",TRUE,"WT_5XFAD3_AAGACCTAGACGCTTT-1"
"WT_5XFAD3",793,637,"GSM4173512","WT_5XFAD3","WT_5XFAD",3,"WT","5XFAD",0,"9","9","9","Microglia",TRUE,"WT_5XFAD3_AAGACCTGTGCACGAA-1"
"WT_5XFAD3",1620,1167,"GSM4173512","WT_5XFAD3","WT_5XFAD",3,"WT","5XFAD",0.123456790123457,"9","9","9","Microglia",TRUE,"WT_5XFAD3_AAGCCGCAGATAGCAT-1"
"WT_5XFAD3",1464,1081,"GSM4173512","WT_5XFAD3","WT_5XFAD",3,"WT","5XFAD",0,"9","9","9","Microglia",TRUE,"WT_5XFAD3_AAGCCGCAGTTGAGAT-1"
"WT_5XFAD3",665,526,"GSM4173512","WT_5XFAD3","WT_5XFAD",3,"WT","5XFAD",0,"9","9","9","Microglia",TRUE,"WT_5XFAD3_AAGCCGCTCGGATGTT-1"
"WT_5XFAD3",736,637,"GSM4173512","WT_5XFAD3","WT_5XFAD",3,"WT","5XFAD",0.679347826086957,"9","9","9","Microglia",TRUE,"WT_5XFAD3_AAGGAGCTCAGTTGAC-1"
"WT_5XFAD3",799,688,"GSM4173512","WT_5XFAD3","WT_5XFAD",3,"WT","5XFAD",0,"9","9","9","Microglia",TRUE,"WT_5XFAD3_AAGGCAGGTGTTCTTT-1"
"WT_5XFAD3",739,601,"GSM4173512","WT_5XFAD3","WT_5XFAD",3,"WT","5XFAD",1.21786197564276,"9","9","9","Microglia",TRUE,"WT_5XFAD3_AAGGTTCCACGACGAA-1"
"WT_5XFAD3",1198,933,"GSM4173512","WT_5XFAD3","WT_5XFAD",3,"WT","5XFAD",0.751252086811352,"9","9","9","Microglia",TRUE,"WT_5XFAD3_AAGGTTCGTGCAGGTA-1"
"WT_5XFAD3",1105,905,"GSM4173512","WT_5XFAD3","WT_5XFAD",3,"WT","5XFAD",0.180995475113122,"9","9","9","Microglia",TRUE,"WT_5XFAD3_AAGTCTGCACGGTAGA-1"
"WT_5XFAD3",1541,1201,"GSM4173512","WT_5XFAD3","WT_5XFAD",3,"WT","5XFAD",0.129785853341986,"9","9","9","Microglia",TRUE,"WT_5XFAD3_AAGTCTGGTAAATACG-1"
"WT_5XFAD3",992,807,"GSM4173512","WT_5XFAD3","WT_5XFAD",3,"WT","5XFAD",0.504032258064516,"9","9","9","Microglia",TRUE,"WT_5XFAD3_AAGTCTGTCATCGCTC-1"
"WT_5XFAD3",1296,1005,"GSM4173512","WT_5XFAD3","WT_5XFAD",3,"WT","5XFAD",2.39197530864198,"9","9","9","Microglia",TRUE,"WT_5XFAD3_AATCCAGCATGTCGAT-1"
"WT_5XFAD3",1131,876,"GSM4173512","WT_5XFAD3","WT_5XFAD",3,"WT","5XFAD",0.442086648983201,"9","9","9","Microglia",TRUE,"WT_5XFAD3_AATCCAGTCACCCGAG-1"
"WT_5XFAD3",2759,1982,"GSM4173512","WT_5XFAD3","WT_5XFAD",3,"WT","5XFAD",0.0362450163102573,"9","9","9","Microglia",TRUE,"WT_5XFAD3_AATCGGTAGCCTCGTG-1"
"WT_5XFAD3",1236,1004,"GSM4173512","WT_5XFAD3","WT_5XFAD",3,"WT","5XFAD",0.566343042071197,"9","9","9","Microglia",TRUE,"WT_5XFAD3_AATCGGTGTCCAGTTA-1"
"WT_5XFAD3",1897,1403,"GSM4173512","WT_5XFAD3","WT_5XFAD",3,"WT","5XFAD",0,"9","9","9","Microglia",TRUE,"WT_5XFAD3_AATCGGTGTCGCGAAA-1"
"WT_5XFAD3",1346,1059,"GSM4173512","WT_5XFAD3","WT_5XFAD",3,"WT","5XFAD",0.0742942050520059,"9","9","9","Microglia",TRUE,"WT_5XFAD3_ACACCCTCAGCTTCGG-1"
"WT_5XFAD3",1549,1141,"GSM4173512","WT_5XFAD3","WT_5XFAD",3,"WT","5XFAD",0.451904454486766,"9","9","9","Microglia",TRUE,"WT_5XFAD3_ACACTGAGTGTGAATA-1"
"WT_5XFAD3",1370,1062,"GSM4173512","WT_5XFAD3","WT_5XFAD",3,"WT","5XFAD",0.072992700729927,"9","9","9","Microglia",TRUE,"WT_5XFAD3_ACAGCCGTCTAACTGG-1"
"WT_5XFAD3",1274,1020,"GSM4173512","WT_5XFAD3","WT_5XFAD",3,"WT","5XFAD",0.156985871271586,"9","9","9","Microglia",TRUE,"WT_5XFAD3_ACAGCTACAAAGTCAA-1"
"WT_5XFAD3",1393,1056,"GSM4173512","WT_5XFAD3","WT_5XFAD",3,"WT","5XFAD",0,"9","9","9","Microglia",TRUE,"WT_5XFAD3_ACATACGAGTGTGGCA-1"
"WT_5XFAD3",2020,1478,"GSM4173512","WT_5XFAD3","WT_5XFAD",3,"WT","5XFAD",0.0495049504950495,"9","9","9","Microglia",TRUE,"WT_5XFAD3_ACATACGCACAACGTT-1"
"WT_5XFAD3",1151,910,"GSM4173512","WT_5XFAD3","WT_5XFAD",3,"WT","5XFAD",0,"9","9","9","Microglia",TRUE,"WT_5XFAD3_ACATACGTCCATGAGT-1"
"WT_5XFAD3",1554,1113,"GSM4173512","WT_5XFAD3","WT_5XFAD",3,"WT","5XFAD",0,"9","9","9","Microglia",TRUE,"WT_5XFAD3_ACATCAGGTAAGTGGC-1"
"WT_5XFAD3",932,766,"GSM4173512","WT_5XFAD3","WT_5XFAD",3,"WT","5XFAD",0.536480686695279,"9","9","9","Microglia",TRUE,"WT_5XFAD3_ACATCAGGTTTGGGCC-1"
"WT_5XFAD3",1178,948,"GSM4173512","WT_5XFAD3","WT_5XFAD",3,"WT","5XFAD",0,"9","9","9","Microglia",TRUE,"WT_5XFAD3_ACATCAGTCTGTCCGT-1"
"WT_5XFAD3",2724,1874,"GSM4173512","WT_5XFAD3","WT_5XFAD",3,"WT","5XFAD",0.25697503671072,"9","9","9","Microglia",TRUE,"WT_5XFAD3_ACATGGTGTCTGCAAT-1"
"WT_5XFAD3",1201,965,"GSM4173512","WT_5XFAD3","WT_5XFAD",3,"WT","5XFAD",0,"9","9","9","Microglia",TRUE,"WT_5XFAD3_ACCAGTACATGGGACA-1"
"WT_5XFAD3",1256,1002,"GSM4173512","WT_5XFAD3","WT_5XFAD",3,"WT","5XFAD",0,"9","9","9","Microglia",TRUE,"WT_5XFAD3_ACCAGTATCTGCGGCA-1"
"WT_5XFAD3",543,463,"GSM4173512","WT_5XFAD3","WT_5XFAD",3,"WT","5XFAD",0.184162062615101,"9","9","9","Microglia",TRUE,"WT_5XFAD3_ACCCACTAGACCTAGG-1"
"WT_5XFAD3",901,736,"GSM4173512","WT_5XFAD3","WT_5XFAD",3,"WT","5XFAD",0,"9","9","9","Microglia",TRUE,"WT_5XFAD3_ACCCACTAGCCCTAAT-1"
"WT_5XFAD3",1616,1154,"GSM4173512","WT_5XFAD3","WT_5XFAD",3,"WT","5XFAD",0.495049504950495,"9","9","9","Microglia",TRUE,"WT_5XFAD3_ACCGTAAAGACTAGAT-1"
"WT_5XFAD3",1166,913,"GSM4173512","WT_5XFAD3","WT_5XFAD",3,"WT","5XFAD",0,"9","9","9","Microglia",TRUE,"WT_5XFAD3_ACGAGCCCAAAGTGCG-1"
"WT_5XFAD3",866,707,"GSM4173512","WT_5XFAD3","WT_5XFAD",3,"WT","5XFAD",3.81062355658199,"9","9","9","Microglia",TRUE,"WT_5XFAD3_ACGAGCCCATCCGTGG-1"
"WT_5XFAD3",822,681,"GSM4173512","WT_5XFAD3","WT_5XFAD",3,"WT","5XFAD",0,"9","9","9","Microglia",TRUE,"WT_5XFAD3_ACGAGGATCGCTAGCG-1"
"WT_5XFAD3",738,618,"GSM4173512","WT_5XFAD3","WT_5XFAD",3,"WT","5XFAD",0,"9","9","9","Microglia",TRUE,"WT_5XFAD3_ACGATACCACTTGGAT-1"
"WT_5XFAD3",648,561,"GSM4173512","WT_5XFAD3","WT_5XFAD",3,"WT","5XFAD",0,"9","9","9","Microglia",TRUE,"WT_5XFAD3_ACGATACGTCAGCTAT-1"
"WT_5XFAD3",990,827,"GSM4173512","WT_5XFAD3","WT_5XFAD",3,"WT","5XFAD",0,"9","9","9","Microglia",TRUE,"WT_5XFAD3_ACGATGTCAGCTCCGA-1"
"WT_5XFAD3",916,755,"GSM4173512","WT_5XFAD3","WT_5XFAD",3,"WT","5XFAD",0,"9","9","9","Microglia",TRUE,"WT_5XFAD3_ACGCAGCAGACCCACC-1"
"WT_5XFAD3",1382,1061,"GSM4173512","WT_5XFAD3","WT_5XFAD",3,"WT","5XFAD",0.217076700434153,"9","9","9","Microglia",TRUE,"WT_5XFAD3_ACGCCAGTCAACACCA-1"
"WT_5XFAD3",941,761,"GSM4173512","WT_5XFAD3","WT_5XFAD",3,"WT","5XFAD",0.106269925611052,"9","9","9","Microglia",TRUE,"WT_5XFAD3_ACGGAGAAGCGATGAC-1"
"WT_5XFAD3",744,609,"GSM4173512","WT_5XFAD3","WT_5XFAD",3,"WT","5XFAD",0.134408602150538,"9","9","9","Microglia",TRUE,"WT_5XFAD3_ACGGAGAGTCGGCATC-1"
"WT_5XFAD3",987,829,"GSM4173512","WT_5XFAD3","WT_5XFAD",3,"WT","5XFAD",0.405268490374873,"9","9","9","Microglia",TRUE,"WT_5XFAD3_ACGGAGATCGACGGAA-1"
"WT_5XFAD3",1309,996,"GSM4173512","WT_5XFAD3","WT_5XFAD",3,"WT","5XFAD",0.687547746371276,"9","9","9","Microglia",TRUE,"WT_5XFAD3_ACGGCCATCCGTACAA-1"
"WT_5XFAD3",1399,1123,"GSM4173512","WT_5XFAD3","WT_5XFAD",3,"WT","5XFAD",0,"9","9","9","Microglia",TRUE,"WT_5XFAD3_ACGGGCTAGAAACCTA-1"
"WT_5XFAD3",1880,1405,"GSM4173512","WT_5XFAD3","WT_5XFAD",3,"WT","5XFAD",0.372340425531915,"9","9","9","Microglia",TRUE,"WT_5XFAD3_ACGGGCTAGAACAACT-1"
"WT_5XFAD3",1038,846,"GSM4173512","WT_5XFAD3","WT_5XFAD",3,"WT","5XFAD",0.0963391136801541,"9","9","9","Microglia",TRUE,"WT_5XFAD3_ACGGGTCGTAAACCTC-1"
"WT_5XFAD3",650,540,"GSM4173512","WT_5XFAD3","WT_5XFAD",3,"WT","5XFAD",0.615384615384615,"9","9","9","Microglia",TRUE,"WT_5XFAD3_ACGGGTCGTGTAATGA-1"
"WT_5XFAD3",1345,1015,"GSM4173512","WT_5XFAD3","WT_5XFAD",3,"WT","5XFAD",0,"9","9","9","Microglia",TRUE,"WT_5XFAD3_ACGGGTCTCCGTTGTC-1"
"WT_5XFAD3",735,625,"GSM4173512","WT_5XFAD3","WT_5XFAD",3,"WT","5XFAD",0.272108843537415,"9","9","9","Microglia",TRUE,"WT_5XFAD3_ACGGGTCTCGTATCAG-1"
"WT_5XFAD3",1274,967,"GSM4173512","WT_5XFAD3","WT_5XFAD",3,"WT","5XFAD",0.392464678178964,"9","9","9","Microglia",TRUE,"WT_5XFAD3_ACGTCAAAGAGGTTGC-1"
"WT_5XFAD3",1570,1215,"GSM4173512","WT_5XFAD3","WT_5XFAD",3,"WT","5XFAD",0.0636942675159236,"9","9","9","Microglia",TRUE,"WT_5XFAD3_ACTATCTAGATCGATA-1"
"WT_5XFAD3",1171,951,"GSM4173512","WT_5XFAD3","WT_5XFAD",3,"WT","5XFAD",0,"9","9","9","Microglia",TRUE,"WT_5XFAD3_ACTATCTCATCGATGT-1"
"WT_5XFAD3",1673,1326,"GSM4173512","WT_5XFAD3","WT_5XFAD",3,"WT","5XFAD",0.119545726240287,"9","9","9","Microglia",TRUE,"WT_5XFAD3_ACTGAGTCAGTATGCT-1"
"WT_5XFAD3",1637,1231,"GSM4173512","WT_5XFAD3","WT_5XFAD",3,"WT","5XFAD",0.366524129505192,"9","9","9","Microglia",TRUE,"WT_5XFAD3_ACTGAGTGTGAGGGAG-1"
"WT_5XFAD3",1559,1187,"GSM4173512","WT_5XFAD3","WT_5XFAD",3,"WT","5XFAD",0.128287363694676,"9","9","9","Microglia",TRUE,"WT_5XFAD3_ACTGATGAGGCTATCT-1"
"WT_5XFAD3",1156,919,"GSM4173512","WT_5XFAD3","WT_5XFAD",3,"WT","5XFAD",0,"9","9","9","Microglia",TRUE,"WT_5XFAD3_ACTGATGCAGTGGGAT-1"
"WT_5XFAD3",1110,902,"GSM4173512","WT_5XFAD3","WT_5XFAD",3,"WT","5XFAD",0.45045045045045,"9","9","9","Microglia",TRUE,"WT_5XFAD3_ACTGCTCGTCGCGGTT-1"
"WT_5XFAD3",1636,1224,"GSM4173512","WT_5XFAD3","WT_5XFAD",3,"WT","5XFAD",0.122249388753056,"9","9","9","Microglia",TRUE,"WT_5XFAD3_ACTGTCCAGACTAAGT-1"
"WT_5XFAD3",5860,3085,"GSM4173512","WT_5XFAD3","WT_5XFAD",3,"WT","5XFAD",3.87372013651877,"9","9","9","Microglia",TRUE,"WT_5XFAD3_ACTGTCCGTCGCATAT-1"
"WT_5XFAD3",1980,1467,"GSM4173512","WT_5XFAD3","WT_5XFAD",3,"WT","5XFAD",0.0505050505050505,"9","9","9","Microglia",TRUE,"WT_5XFAD3_ACTTACTGTGAAGGCT-1"
"WT_5XFAD3",891,762,"GSM4173512","WT_5XFAD3","WT_5XFAD",3,"WT","5XFAD",0,"9","9","9","Microglia",TRUE,"WT_5XFAD3_ACTTACTTCTCCTATA-1"
"WT_5XFAD3",1205,940,"GSM4173512","WT_5XFAD3","WT_5XFAD",3,"WT","5XFAD",0,"9","9","9","Microglia",TRUE,"WT_5XFAD3_ACTTGTTCAGCGTCCA-1"
"WT_5XFAD3",1813,1364,"GSM4173512","WT_5XFAD3","WT_5XFAD",3,"WT","5XFAD",0.110314396028682,"9","9","9","Microglia",TRUE,"WT_5XFAD3_ACTTTCAAGTAGCCGA-1"
"WT_5XFAD3",1100,866,"GSM4173512","WT_5XFAD3","WT_5XFAD",3,"WT","5XFAD",0.545454545454546,"9","9","9","Microglia",TRUE,"WT_5XFAD3_ACTTTCATCGGCGCTA-1"
"WT_5XFAD3",1523,1162,"GSM4173512","WT_5XFAD3","WT_5XFAD",3,"WT","5XFAD",0,"9","9","9","Microglia",TRUE,"WT_5XFAD3_AGACGTTTCAGGATCT-1"
"WT_5XFAD3",1031,853,"GSM4173512","WT_5XFAD3","WT_5XFAD",3,"WT","5XFAD",0.0969932104752667,"9","9","9","Microglia",TRUE,"WT_5XFAD3_AGAGCGACAGGACGTA-1"
"WT_5XFAD3",1203,962,"GSM4173512","WT_5XFAD3","WT_5XFAD",3,"WT","5XFAD",0,"9","9","9","Microglia",TRUE,"WT_5XFAD3_AGAGCTTTCTTACCGC-1"
"WT_5XFAD3",928,696,"GSM4173512","WT_5XFAD3","WT_5XFAD",3,"WT","5XFAD",0.431034482758621,"9","9","9","Microglia",TRUE,"WT_5XFAD3_AGATCTGAGTTCGATC-1"
"WT_5XFAD3",1157,907,"GSM4173512","WT_5XFAD3","WT_5XFAD",3,"WT","5XFAD",0.0864304235090752,"9","9","9","Microglia",TRUE,"WT_5XFAD3_AGATCTGCAGCTTAAC-1"
"WT_5XFAD3",1356,1068,"GSM4173512","WT_5XFAD3","WT_5XFAD",3,"WT","5XFAD",0.0737463126843658,"9","9","9","Microglia",TRUE,"WT_5XFAD3_AGATCTGGTCCTGCTT-1"
"WT_5XFAD3",1605,1133,"GSM4173512","WT_5XFAD3","WT_5XFAD",3,"WT","5XFAD",0.43613707165109,"9","9","9","Microglia",TRUE,"WT_5XFAD3_AGATCTGTCGTCGTTC-1"
"WT_5XFAD3",2543,1814,"GSM4173512","WT_5XFAD3","WT_5XFAD",3,"WT","5XFAD",0.117970900511207,"9","9","9","Microglia",TRUE,"WT_5XFAD3_AGATCTGTCTGCTGTC-1"
"WT_5XFAD3",1111,858,"GSM4173512","WT_5XFAD3","WT_5XFAD",3,"WT","5XFAD",0,"9","9","9","Microglia",TRUE,"WT_5XFAD3_AGATTGCCATTAGGCT-1"
"WT_5XFAD3",1138,894,"GSM4173512","WT_5XFAD3","WT_5XFAD",3,"WT","5XFAD",0.175746924428822,"9","9","9","Microglia",TRUE,"WT_5XFAD3_AGATTGCGTCCATGAT-1"
"WT_5XFAD3",1245,1022,"GSM4173512","WT_5XFAD3","WT_5XFAD",3,"WT","5XFAD",0.481927710843374,"9","9","9","Microglia",TRUE,"WT_5XFAD3_AGCAGCCAGATGTTAG-1"
"WT_5XFAD3",1369,1087,"GSM4173512","WT_5XFAD3","WT_5XFAD",3,"WT","5XFAD",0.0730460189919649,"9","9","9","Microglia",TRUE,"WT_5XFAD3_AGCAGCCAGTCTTGCA-1"
"WT_5XFAD3",1300,995,"GSM4173512","WT_5XFAD3","WT_5XFAD",3,"WT","5XFAD",0.307692307692308,"9","9","9","Microglia",TRUE,"WT_5XFAD3_AGCAGCCCACCGAAAG-1"
"WT_5XFAD3",597,516,"GSM4173512","WT_5XFAD3","WT_5XFAD",3,"WT","5XFAD",0.16750418760469,"9","9","9","Microglia",TRUE,"WT_5XFAD3_AGCAGCCGTCGCTTCT-1"
"WT_5XFAD3",1925,1473,"GSM4173512","WT_5XFAD3","WT_5XFAD",3,"WT","5XFAD",0.25974025974026,"9","9","9","Microglia",TRUE,"WT_5XFAD3_AGCATACCATTGTGCA-1"
"WT_5XFAD3",1093,860,"GSM4173512","WT_5XFAD3","WT_5XFAD",3,"WT","5XFAD",0,"9","9","9","Microglia",TRUE,"WT_5XFAD3_AGCATACTCGTGGACC-1"
"WT_5XFAD3",1150,859,"GSM4173512","WT_5XFAD3","WT_5XFAD",3,"WT","5XFAD",0.0869565217391304,"9","9","9","Microglia",TRUE,"WT_5XFAD3_AGCCTAATCTCCAGGG-1"
"WT_5XFAD3",1428,1111,"GSM4173512","WT_5XFAD3","WT_5XFAD",3,"WT","5XFAD",0.0700280112044818,"9","9","9","Microglia",TRUE,"WT_5XFAD3_AGCTCCTGTCGCGAAA-1"
"WT_5XFAD3",1340,1064,"GSM4173512","WT_5XFAD3","WT_5XFAD",3,"WT","5XFAD",0,"9","9","9","Microglia",TRUE,"WT_5XFAD3_AGCTTGAAGGCCGAAT-1"
"WT_5XFAD3",1720,1284,"GSM4173512","WT_5XFAD3","WT_5XFAD",3,"WT","5XFAD",0,"9","9","9","Microglia",TRUE,"WT_5XFAD3_AGGCCACAGCCAACAG-1"
"WT_5XFAD3",1134,899,"GSM4173512","WT_5XFAD3","WT_5XFAD",3,"WT","5XFAD",0,"9","9","9","Microglia",TRUE,"WT_5XFAD3_AGGCCGTAGCTAACAA-1"
"WT_5XFAD3",1266,963,"GSM4173512","WT_5XFAD3","WT_5XFAD",3,"WT","5XFAD",0.394944707740916,"9","9","9","Microglia",TRUE,"WT_5XFAD3_AGGCCGTTCACCATAG-1"
"WT_5XFAD3",1077,886,"GSM4173512","WT_5XFAD3","WT_5XFAD",3,"WT","5XFAD",0.371402042711235,"9","9","9","Microglia",TRUE,"WT_5XFAD3_AGGGAGTAGTACCGGA-1"
"WT_5XFAD3",916,747,"GSM4173512","WT_5XFAD3","WT_5XFAD",3,"WT","5XFAD",0,"9","9","9","Microglia",TRUE,"WT_5XFAD3_AGGGAGTGTCCAGTAT-1"
"WT_5XFAD3",1488,1069,"GSM4173512","WT_5XFAD3","WT_5XFAD",3,"WT","5XFAD",0.0672043010752688,"9","9","9","Microglia",TRUE,"WT_5XFAD3_AGGGATGAGGCTAGAC-1"
"WT_5XFAD3",1655,1238,"GSM4173512","WT_5XFAD3","WT_5XFAD",3,"WT","5XFAD",0.0604229607250755,"9","9","9","Microglia",TRUE,"WT_5XFAD3_AGGTCATAGGTCATCT-1"
"WT_5XFAD3",1229,918,"GSM4173512","WT_5XFAD3","WT_5XFAD",3,"WT","5XFAD",0.081366965012205,"9","9","9","Microglia",TRUE,"WT_5XFAD3_AGGTCATAGTTACCCA-1"
"WT_5XFAD3",1109,905,"GSM4173512","WT_5XFAD3","WT_5XFAD",3,"WT","5XFAD",0,"9","9","9","Microglia",TRUE,"WT_5XFAD3_AGGTCATTCTGCAGTA-1"
"WT_5XFAD3",1033,879,"GSM4173512","WT_5XFAD3","WT_5XFAD",3,"WT","5XFAD",0,"9","9","9","Microglia",TRUE,"WT_5XFAD3_AGGTCCGGTCATCCCT-1"
"WT_5XFAD3",950,779,"GSM4173512","WT_5XFAD3","WT_5XFAD",3,"WT","5XFAD",0.105263157894737,"9","9","9","Microglia",TRUE,"WT_5XFAD3_AGGTCCGTCACTTCAT-1"
"WT_5XFAD3",1217,920,"GSM4173512","WT_5XFAD3","WT_5XFAD",3,"WT","5XFAD",6.98438783894823,"9","9","9","Microglia",TRUE,"WT_5XFAD3_AGTGAGGAGCCATCGC-1"
"WT_5XFAD3",1588,1205,"GSM4173512","WT_5XFAD3","WT_5XFAD",3,"WT","5XFAD",0.377833753148615,"9","9","9","Microglia",TRUE,"WT_5XFAD3_AGTGAGGCATTCTCAT-1"
"WT_5XFAD3",1352,1071,"GSM4173512","WT_5XFAD3","WT_5XFAD",3,"WT","5XFAD",0.14792899408284,"9","9","9","Microglia",TRUE,"WT_5XFAD3_AGTGAGGGTTACAGAA-1"
"WT_5XFAD3",925,721,"GSM4173512","WT_5XFAD3","WT_5XFAD",3,"WT","5XFAD",0,"9","9","9","Microglia",TRUE,"WT_5XFAD3_AGTGGGACAAGAAGAG-1"
"WT_5XFAD3",1441,1088,"GSM4173512","WT_5XFAD3","WT_5XFAD",3,"WT","5XFAD",0.138792505204719,"9","9","9","Microglia",TRUE,"WT_5XFAD3_AGTGGGACAAGCGTAG-1"
"WT_5XFAD3",1278,1036,"GSM4173512","WT_5XFAD3","WT_5XFAD",3,"WT","5XFAD",0.234741784037559,"9","9","9","Microglia",TRUE,"WT_5XFAD3_AGTGGGAGTCCGTCAG-1"
"WT_5XFAD3",1085,888,"GSM4173512","WT_5XFAD3","WT_5XFAD",3,"WT","5XFAD",0.0921658986175115,"9","9","9","Microglia",TRUE,"WT_5XFAD3_AGTGGGATCTCATTCA-1"
"WT_5XFAD3",1368,1097,"GSM4173512","WT_5XFAD3","WT_5XFAD",3,"WT","5XFAD",0,"9","9","9","Microglia",TRUE,"WT_5XFAD3_AGTGTCAAGAACTGTA-1"
"WT_5XFAD3",1236,1018,"GSM4173512","WT_5XFAD3","WT_5XFAD",3,"WT","5XFAD",1.45631067961165,"9","9","9","Microglia",TRUE,"WT_5XFAD3_AGTGTCATCACAGTAC-1"
"WT_5XFAD3",2527,1772,"GSM4173512","WT_5XFAD3","WT_5XFAD",3,"WT","5XFAD",0,"9","9","9","Microglia",TRUE,"WT_5XFAD3_AGTTGGTAGCGTCTAT-1"
"WT_5XFAD3",1265,1003,"GSM4173512","WT_5XFAD3","WT_5XFAD",3,"WT","5XFAD",0,"9","9","9","Microglia",TRUE,"WT_5XFAD3_AGTTGGTCACCAGGTC-1"
"WT_5XFAD3",920,754,"GSM4173512","WT_5XFAD3","WT_5XFAD",3,"WT","5XFAD",0.217391304347826,"9","9","9","Microglia",TRUE,"WT_5XFAD3_AGTTGGTTCCTCCTAG-1"
"WT_5XFAD3",1108,908,"GSM4173512","WT_5XFAD3","WT_5XFAD",3,"WT","5XFAD",0,"9","9","9","Microglia",TRUE,"WT_5XFAD3_ATAACGCCATATACGC-1"
"WT_5XFAD3",1464,1143,"GSM4173512","WT_5XFAD3","WT_5XFAD",3,"WT","5XFAD",0.614754098360656,"9","9","9","Microglia",TRUE,"WT_5XFAD3_ATAAGAGAGCCGCCTA-1"
"WT_5XFAD3",1289,1006,"GSM4173512","WT_5XFAD3","WT_5XFAD",3,"WT","5XFAD",0.232738557020946,"9","9","9","Microglia",TRUE,"WT_5XFAD3_ATAGACCCAGTGGAGT-1"
"WT_5XFAD3",880,735,"GSM4173512","WT_5XFAD3","WT_5XFAD",3,"WT","5XFAD",0.113636363636364,"9","9","9","Microglia",TRUE,"WT_5XFAD3_ATCACGACAAGGGTCA-1"
"WT_5XFAD3",1175,945,"GSM4173512","WT_5XFAD3","WT_5XFAD",3,"WT","5XFAD",0.425531914893617,"9","9","9","Microglia",TRUE,"WT_5XFAD3_ATCATCTAGATGTAAC-1"
"WT_5XFAD3",1794,1343,"GSM4173512","WT_5XFAD3","WT_5XFAD",3,"WT","5XFAD",0.167224080267559,"9","9","9","Microglia",TRUE,"WT_5XFAD3_ATCATCTCACCTCGTT-1"
"WT_5XFAD3",1074,888,"GSM4173512","WT_5XFAD3","WT_5XFAD",3,"WT","5XFAD",0.186219739292365,"9","9","9","Microglia",TRUE,"WT_5XFAD3_ATCATGGTCGAATGCT-1"
"WT_5XFAD3",1565,1202,"GSM4173512","WT_5XFAD3","WT_5XFAD",3,"WT","5XFAD",0.0638977635782748,"9","9","9","Microglia",TRUE,"WT_5XFAD3_ATCCACCAGACTTTCG-1"
"WT_5XFAD3",1301,1006,"GSM4173512","WT_5XFAD3","WT_5XFAD",3,"WT","5XFAD",0.5380476556495,"9","9","9","Microglia",TRUE,"WT_5XFAD3_ATCCACCCAAGTAATG-1"
"WT_5XFAD3",1312,992,"GSM4173512","WT_5XFAD3","WT_5XFAD",3,"WT","5XFAD",0,"9","9","9","Microglia",TRUE,"WT_5XFAD3_ATCCACCCACCGAATT-1"
"WT_5XFAD3",1625,1216,"GSM4173512","WT_5XFAD3","WT_5XFAD",3,"WT","5XFAD",0.123076923076923,"9","9","9","Microglia",TRUE,"WT_5XFAD3_ATCCACCGTCACCCAG-1"
"WT_5XFAD3",1444,1021,"GSM4173512","WT_5XFAD3","WT_5XFAD",3,"WT","5XFAD",1.0387811634349,"9","9","9","Microglia",TRUE,"WT_5XFAD3_ATCCACCTCATTATCC-1"
"WT_5XFAD3",1121,871,"GSM4173512","WT_5XFAD3","WT_5XFAD",3,"WT","5XFAD",0.713648528099911,"9","9","9","Microglia",TRUE,"WT_5XFAD3_ATCCACCTCTGCAGTA-1"
"WT_5XFAD3",1121,900,"GSM4173512","WT_5XFAD3","WT_5XFAD",3,"WT","5XFAD",0.267618198037467,"9","9","9","Microglia",TRUE,"WT_5XFAD3_ATCCGAATCAAGATCC-1"
"WT_5XFAD3",1865,1382,"GSM4173512","WT_5XFAD3","WT_5XFAD",3,"WT","5XFAD",0.160857908847185,"9","9","9","Microglia",TRUE,"WT_5XFAD3_ATCGAGTCAGCTCGCA-1"
"WT_5XFAD3",1089,863,"GSM4173512","WT_5XFAD3","WT_5XFAD",3,"WT","5XFAD",0.0918273645546373,"9","9","9","Microglia",TRUE,"WT_5XFAD3_ATCTACTGTCCGAACC-1"
"WT_5XFAD3",1738,1257,"GSM4173512","WT_5XFAD3","WT_5XFAD",3,"WT","5XFAD",0.230149597238205,"9","9","9","Microglia",TRUE,"WT_5XFAD3_ATCTGCCAGTACTTGC-1"
"WT_5XFAD3",718,597,"GSM4173512","WT_5XFAD3","WT_5XFAD",3,"WT","5XFAD",1.25348189415042,"9","9","9","Microglia",TRUE,"WT_5XFAD3_ATGAGGGAGAGGTACC-1"
"WT_5XFAD3",942,775,"GSM4173512","WT_5XFAD3","WT_5XFAD",3,"WT","5XFAD",0,"9","9","9","Microglia",TRUE,"WT_5XFAD3_ATGAGGGTCCCAAGTA-1"
"WT_5XFAD3",1269,1031,"GSM4173512","WT_5XFAD3","WT_5XFAD",3,"WT","5XFAD",0.0788022064617809,"9","9","9","Microglia",TRUE,"WT_5XFAD3_ATGAGGGTCCTGTACC-1"
"WT_5XFAD3",528,449,"GSM4173512","WT_5XFAD3","WT_5XFAD",3,"WT","5XFAD",0.378787878787879,"9","9","9","Microglia",TRUE,"WT_5XFAD3_ATGAGGGTCGGTGTTA-1"
"WT_5XFAD3",1161,893,"GSM4173512","WT_5XFAD3","WT_5XFAD",3,"WT","5XFAD",0.344530577088717,"9","9","9","Microglia",TRUE,"WT_5XFAD3_ATGTGTGGTCAATACC-1"
"WT_5XFAD3",955,810,"GSM4173512","WT_5XFAD3","WT_5XFAD",3,"WT","5XFAD",0,"9","9","9","Microglia",TRUE,"WT_5XFAD3_ATGTGTGGTCGGGTCT-1"
"WT_5XFAD3",2175,1620,"GSM4173512","WT_5XFAD3","WT_5XFAD",3,"WT","5XFAD",0,"9","9","9","Microglia",TRUE,"WT_5XFAD3_ATGTGTGTCAACGCTA-1"
"WT_5XFAD3",702,579,"GSM4173512","WT_5XFAD3","WT_5XFAD",3,"WT","5XFAD",0.142450142450142,"9","9","9","Microglia",TRUE,"WT_5XFAD3_ATTACTCAGATTACCC-1"
"WT_5XFAD3",1480,1150,"GSM4173512","WT_5XFAD3","WT_5XFAD",3,"WT","5XFAD",0.472972972972973,"9","9","9","Microglia",TRUE,"WT_5XFAD3_ATTATCCAGGCTAGCA-1"
"WT_5XFAD3",1179,893,"GSM4173512","WT_5XFAD3","WT_5XFAD",3,"WT","5XFAD",0.254452926208651,"9","9","9","Microglia",TRUE,"WT_5XFAD3_ATTATCCAGTCCATAC-1"
"WT_5XFAD3",1160,967,"GSM4173512","WT_5XFAD3","WT_5XFAD",3,"WT","5XFAD",0,"9","9","9","Microglia",TRUE,"WT_5XFAD3_ATTATCCGTCATTAGC-1"
"WT_5XFAD3",1109,899,"GSM4173512","WT_5XFAD3","WT_5XFAD",3,"WT","5XFAD",0.18034265103697,"9","9","9","Microglia",TRUE,"WT_5XFAD3_ATTATCCGTTCTCATT-1"
"WT_5XFAD3",1305,1058,"GSM4173512","WT_5XFAD3","WT_5XFAD",3,"WT","5XFAD",0.0766283524904215,"9","9","9","Microglia",TRUE,"WT_5XFAD3_ATTCTACAGGTTCCTA-1"
"WT_5XFAD3",1341,1020,"GSM4173512","WT_5XFAD3","WT_5XFAD",3,"WT","5XFAD",0.0745712155108128,"9","9","9","Microglia",TRUE,"WT_5XFAD3_ATTGGACAGTAGATGT-1"
"WT_5XFAD3",1670,1250,"GSM4173512","WT_5XFAD3","WT_5XFAD",3,"WT","5XFAD",0,"9","9","9","Microglia",TRUE,"WT_5XFAD3_ATTGGTGCAGCTGTAT-1"
"WT_5XFAD3",1119,890,"GSM4173512","WT_5XFAD3","WT_5XFAD",3,"WT","5XFAD",0.178731009830206,"9","9","9","Microglia",TRUE,"WT_5XFAD3_ATTTCTGAGATCCCGC-1"
"WT_5XFAD3",2408,1601,"GSM4173512","WT_5XFAD3","WT_5XFAD",3,"WT","5XFAD",0,"9","9","9","Microglia",TRUE,"WT_5XFAD3_CAACCAACACAAGCCC-1"
"WT_5XFAD3",1261,979,"GSM4173512","WT_5XFAD3","WT_5XFAD",3,"WT","5XFAD",0,"9","9","9","Microglia",TRUE,"WT_5XFAD3_CAACCAAGTAAGGGCT-1"
"WT_5XFAD3",1463,1120,"GSM4173512","WT_5XFAD3","WT_5XFAD",3,"WT","5XFAD",1.09364319890636,"9","9","9","Microglia",TRUE,"WT_5XFAD3_CAACCAAGTCGGATCC-1"
"WT_5XFAD3",2085,1455,"GSM4173512","WT_5XFAD3","WT_5XFAD",3,"WT","5XFAD",0,"9","9","9","Microglia",TRUE,"WT_5XFAD3_CAACCTCCAAGTAATG-1"
"WT_5XFAD3",1246,979,"GSM4173512","WT_5XFAD3","WT_5XFAD",3,"WT","5XFAD",0.321027287319422,"9","9","9","Microglia",TRUE,"WT_5XFAD3_CAACCTCGTCTGCAAT-1"
"WT_5XFAD3",1897,1406,"GSM4173512","WT_5XFAD3","WT_5XFAD",3,"WT","5XFAD",0.105429625724829,"9","9","9","Microglia",TRUE,"WT_5XFAD3_CAACCTCTCGTCACGG-1"
"WT_5XFAD3",788,658,"GSM4173512","WT_5XFAD3","WT_5XFAD",3,"WT","5XFAD",0.253807106598985,"9","9","9","Microglia",TRUE,"WT_5XFAD3_CAAGAAAAGCAGGTCA-1"
"WT_5XFAD3",1661,1179,"GSM4173512","WT_5XFAD3","WT_5XFAD",3,"WT","5XFAD",0.180614087898856,"9","9","9","Microglia",TRUE,"WT_5XFAD3_CAAGATCGTGCCTGGT-1"
"WT_5XFAD3",1289,983,"GSM4173512","WT_5XFAD3","WT_5XFAD",3,"WT","5XFAD",0,"9","9","9","Microglia",TRUE,"WT_5XFAD3_CAAGGCCGTCACCCAG-1"
"WT_5XFAD3",994,834,"GSM4173512","WT_5XFAD3","WT_5XFAD",3,"WT","5XFAD",0,"9","9","9","Microglia",TRUE,"WT_5XFAD3_CAAGGCCGTCTTTCAT-1"
"WT_5XFAD3",1733,1236,"GSM4173512","WT_5XFAD3","WT_5XFAD",3,"WT","5XFAD",0.288517022504328,"9","9","9","Microglia",TRUE,"WT_5XFAD3_CAAGGCCTCAACACTG-1"
"WT_5XFAD3",1556,1095,"GSM4173512","WT_5XFAD3","WT_5XFAD",3,"WT","5XFAD",0.25706940874036,"9","9","9","Microglia",TRUE,"WT_5XFAD3_CAAGTTGAGATATGGT-1"
"WT_5XFAD3",1451,1159,"GSM4173512","WT_5XFAD3","WT_5XFAD",3,"WT","5XFAD",0.275671950379049,"9","9","9","Microglia",TRUE,"WT_5XFAD3_CACAAACAGGGTTTCT-1"
"WT_5XFAD3",1431,1172,"GSM4173512","WT_5XFAD3","WT_5XFAD",3,"WT","5XFAD",0.139762403913347,"9","9","9","Microglia",TRUE,"WT_5XFAD3_CACAAACTCCTTTACA-1"
"WT_5XFAD3",1446,1121,"GSM4173512","WT_5XFAD3","WT_5XFAD",3,"WT","5XFAD",0.138312586445367,"9","9","9","Microglia",TRUE,"WT_5XFAD3_CACACAAAGCTAGTCT-1"
"WT_5XFAD3",1136,915,"GSM4173512","WT_5XFAD3","WT_5XFAD",3,"WT","5XFAD",0,"9","9","9","Microglia",TRUE,"WT_5XFAD3_CACACCTCATATACCG-1"
"WT_5XFAD3",937,753,"GSM4173512","WT_5XFAD3","WT_5XFAD",3,"WT","5XFAD",0.533617929562433,"9","9","9","Microglia",TRUE,"WT_5XFAD3_CACACTCGTCACCCAG-1"
"WT_5XFAD3",1744,1353,"GSM4173512","WT_5XFAD3","WT_5XFAD",3,"WT","5XFAD",0.286697247706422,"9","9","9","Microglia",TRUE,"WT_5XFAD3_CACACTCGTCTCTTTA-1"
"WT_5XFAD3",1317,1044,"GSM4173512","WT_5XFAD3","WT_5XFAD",3,"WT","5XFAD",0,"9","9","9","Microglia",TRUE,"WT_5XFAD3_CACAGGCGTCTTGTCC-1"
"WT_5XFAD3",1097,900,"GSM4173512","WT_5XFAD3","WT_5XFAD",3,"WT","5XFAD",0,"9","9","9","Microglia",TRUE,"WT_5XFAD3_CACAGGCTCTCCAGGG-1"
"WT_5XFAD3",746,624,"GSM4173512","WT_5XFAD3","WT_5XFAD",3,"WT","5XFAD",0,"9","9","9","Microglia",TRUE,"WT_5XFAD3_CACAGTACAAGCCCAC-1"
"WT_5XFAD3",2206,1564,"GSM4173512","WT_5XFAD3","WT_5XFAD",3,"WT","5XFAD",0.181323662737987,"9","9","9","Microglia",TRUE,"WT_5XFAD3_CACAGTAGTTTACTCT-1"
"WT_5XFAD3",1062,849,"GSM4173512","WT_5XFAD3","WT_5XFAD",3,"WT","5XFAD",0.0941619585687382,"9","9","9","Microglia",TRUE,"WT_5XFAD3_CACATAGCAAGGCTCC-1"
"WT_5XFAD3",1601,1149,"GSM4173512","WT_5XFAD3","WT_5XFAD",3,"WT","5XFAD",0.312304809494066,"9","9","9","Microglia",TRUE,"WT_5XFAD3_CACATAGTCCAAACAC-1"
"WT_5XFAD3",1456,1096,"GSM4173512","WT_5XFAD3","WT_5XFAD",3,"WT","5XFAD",0,"9","9","9","Microglia",TRUE,"WT_5XFAD3_CACATTTCACCAGGCT-1"
"WT_5XFAD3",3105,2080,"GSM4173512","WT_5XFAD3","WT_5XFAD",3,"WT","5XFAD",0.450885668276973,"9","9","9","Microglia",TRUE,"WT_5XFAD3_CACATTTGTCTCGTTC-1"
"WT_5XFAD3",1711,1267,"GSM4173512","WT_5XFAD3","WT_5XFAD",3,"WT","5XFAD",0.75978959672706,"9","9","9","Microglia",TRUE,"WT_5XFAD3_CACCACTCAGACAAAT-1"
"WT_5XFAD3",851,705,"GSM4173512","WT_5XFAD3","WT_5XFAD",3,"WT","5XFAD",1.05757931844888,"9","9","9","Microglia",TRUE,"WT_5XFAD3_CACCACTGTCGCATAT-1"
"WT_5XFAD3",546,496,"GSM4173512","WT_5XFAD3","WT_5XFAD",3,"WT","5XFAD",1.0989010989011,"9","9","9","Microglia",TRUE,"WT_5XFAD3_CACCAGGTCCCTCTTT-1"
"WT_5XFAD3",1748,1237,"GSM4173512","WT_5XFAD3","WT_5XFAD",3,"WT","5XFAD",1.94508009153318,"9","9","9","Microglia",TRUE,"WT_5XFAD3_CACCTTGCACGACGAA-1"
"WT_5XFAD3",1370,1077,"GSM4173512","WT_5XFAD3","WT_5XFAD",3,"WT","5XFAD",0.072992700729927,"9","9","9","Microglia",TRUE,"WT_5XFAD3_CACCTTGTCAAACCGT-1"
"WT_5XFAD3",1107,886,"GSM4173512","WT_5XFAD3","WT_5XFAD",3,"WT","5XFAD",0.1806684733514,"9","9","9","Microglia",TRUE,"WT_5XFAD3_CACTCCAAGCAATATG-1"
"WT_5XFAD3",1570,1086,"GSM4173512","WT_5XFAD3","WT_5XFAD",3,"WT","5XFAD",0.0636942675159236,"9","9","9","Microglia",TRUE,"WT_5XFAD3_CACTCCAAGTGTTGAA-1"
"WT_5XFAD3",908,755,"GSM4173512","WT_5XFAD3","WT_5XFAD",3,"WT","5XFAD",0.110132158590308,"9","9","9","Microglia",TRUE,"WT_5XFAD3_CACTCCAGTGAGGGAG-1"
"WT_5XFAD3",915,744,"GSM4173512","WT_5XFAD3","WT_5XFAD",3,"WT","5XFAD",0.109289617486339,"9","9","9","Microglia",TRUE,"WT_5XFAD3_CACTCCAGTTCGCTAA-1"
"WT_5XFAD3",1561,1212,"GSM4173512","WT_5XFAD3","WT_5XFAD",3,"WT","5XFAD",0,"9","9","9","Microglia",TRUE,"WT_5XFAD3_CAGCAGCGTAAGCACG-1"
"WT_5XFAD3",1315,1023,"GSM4173512","WT_5XFAD3","WT_5XFAD",3,"WT","5XFAD",1.44486692015209,"9","9","9","Microglia",TRUE,"WT_5XFAD3_CAGCAGCGTCCTCTTG-1"
"WT_5XFAD3",772,607,"GSM4173512","WT_5XFAD3","WT_5XFAD",3,"WT","5XFAD",0.259067357512953,"9","9","9","Microglia",TRUE,"WT_5XFAD3_CAGCAGCGTTCAACCA-1"
"WT_5XFAD3",877,712,"GSM4173512","WT_5XFAD3","WT_5XFAD",3,"WT","5XFAD",0.456100342075257,"9","9","9","Microglia",TRUE,"WT_5XFAD3_CAGCCGACATCGTCGG-1"
"WT_5XFAD3",1413,1089,"GSM4173512","WT_5XFAD3","WT_5XFAD",3,"WT","5XFAD",0.0707714083510262,"9","9","9","Microglia",TRUE,"WT_5XFAD3_CAGCGACAGAACTCGG-1"
"WT_5XFAD3",1531,1173,"GSM4173512","WT_5XFAD3","WT_5XFAD",3,"WT","5XFAD",0.130633572828217,"9","9","9","Microglia",TRUE,"WT_5XFAD3_CAGCTAAAGGATGGTC-1"
"WT_5XFAD3",610,512,"GSM4173512","WT_5XFAD3","WT_5XFAD",3,"WT","5XFAD",0,"9","9","9","Microglia",TRUE,"WT_5XFAD3_CAGTAACAGACCCACC-1"
"WT_5XFAD3",1505,1224,"GSM4173512","WT_5XFAD3","WT_5XFAD",3,"WT","5XFAD",0,"9","9","9","Microglia",TRUE,"WT_5XFAD3_CAGTAACCAGTGAGTG-1"
"WT_5XFAD3",662,567,"GSM4173512","WT_5XFAD3","WT_5XFAD",3,"WT","5XFAD",0.151057401812689,"9","9","9","Microglia",TRUE,"WT_5XFAD3_CAGTAACGTTCCCTTG-1"
"WT_5XFAD3",852,626,"GSM4173512","WT_5XFAD3","WT_5XFAD",3,"WT","5XFAD",1.17370892018779,"9","9","9","Microglia",TRUE,"WT_5XFAD3_CAGTCCTAGTCCATAC-1"
"WT_5XFAD3",1330,1066,"GSM4173512","WT_5XFAD3","WT_5XFAD",3,"WT","5XFAD",0.075187969924812,"9","9","9","Microglia",TRUE,"WT_5XFAD3_CATATGGAGAGCTTCT-1"
"WT_5XFAD3",1626,1259,"GSM4173512","WT_5XFAD3","WT_5XFAD",3,"WT","5XFAD",0.0615006150061501,"9","9","9","Microglia",TRUE,"WT_5XFAD3_CATATTCCACTATCTT-1"
"WT_5XFAD3",1190,924,"GSM4173512","WT_5XFAD3","WT_5XFAD",3,"WT","5XFAD",0.0840336134453782,"9","9","9","Microglia",TRUE,"WT_5XFAD3_CATATTCCAGGTCCAC-1"
"WT_5XFAD3",882,720,"GSM4173512","WT_5XFAD3","WT_5XFAD",3,"WT","5XFAD",0,"9","9","9","Microglia",TRUE,"WT_5XFAD3_CATATTCTCATGCATG-1"
"WT_5XFAD3",904,739,"GSM4173512","WT_5XFAD3","WT_5XFAD",3,"WT","5XFAD",0.221238938053097,"9","9","9","Microglia",TRUE,"WT_5XFAD3_CATCAAGAGATGCCTT-1"
"WT_5XFAD3",958,774,"GSM4173512","WT_5XFAD3","WT_5XFAD",3,"WT","5XFAD",0.104384133611691,"9","9","9","Microglia",TRUE,"WT_5XFAD3_CATCAAGCATTACCTT-1"
"WT_5XFAD3",617,475,"GSM4173512","WT_5XFAD3","WT_5XFAD",3,"WT","5XFAD",0,"9","9","9","Microglia",TRUE,"WT_5XFAD3_CATCAGACAAGGCTCC-1"
"WT_5XFAD3",1497,1133,"GSM4173512","WT_5XFAD3","WT_5XFAD",3,"WT","5XFAD",0.334001336005344,"9","9","9","Microglia",TRUE,"WT_5XFAD3_CATCCACCACGGTAGA-1"
"WT_5XFAD3",779,657,"GSM4173512","WT_5XFAD3","WT_5XFAD",3,"WT","5XFAD",0.256739409499358,"9","9","9","Microglia",TRUE,"WT_5XFAD3_CATCCACGTTAAGACA-1"
"WT_5XFAD3",1933,1363,"GSM4173512","WT_5XFAD3","WT_5XFAD",3,"WT","5XFAD",0.982928091050181,"9","9","9","Microglia",TRUE,"WT_5XFAD3_CATCGAACAGCTGTTA-1"
"WT_5XFAD3",1061,845,"GSM4173512","WT_5XFAD3","WT_5XFAD",3,"WT","5XFAD",0,"9","9","9","Microglia",TRUE,"WT_5XFAD3_CATGGCGAGTGTGGCA-1"
"WT_5XFAD3",1136,901,"GSM4173512","WT_5XFAD3","WT_5XFAD",3,"WT","5XFAD",2.20070422535211,"9","9","9","Microglia",TRUE,"WT_5XFAD3_CATTATCCAAGTTCTG-1"
"WT_5XFAD3",956,788,"GSM4173512","WT_5XFAD3","WT_5XFAD",3,"WT","5XFAD",0,"9","9","9","Microglia",TRUE,"WT_5XFAD3_CATTATCTCGAGAACG-1"
"WT_5XFAD3",1417,1082,"GSM4173512","WT_5XFAD3","WT_5XFAD",3,"WT","5XFAD",0.282286520818631,"9","9","9","Microglia",TRUE,"WT_5XFAD3_CATTCGCAGTGACATA-1"
"WT_5XFAD3",645,545,"GSM4173512","WT_5XFAD3","WT_5XFAD",3,"WT","5XFAD",0.310077519379845,"9","9","9","Microglia",TRUE,"WT_5XFAD3_CATTCGCCAGATGAGC-1"
"WT_5XFAD3",1300,1035,"GSM4173512","WT_5XFAD3","WT_5XFAD",3,"WT","5XFAD",0.153846153846154,"9","9","9","Microglia",TRUE,"WT_5XFAD3_CATTCGCGTAACGCGA-1"
"WT_5XFAD3",1118,893,"GSM4173512","WT_5XFAD3","WT_5XFAD",3,"WT","5XFAD",0,"9","9","9","Microglia",TRUE,"WT_5XFAD3_CATTCGCGTGTGCGTC-1"
"WT_5XFAD3",1080,865,"GSM4173512","WT_5XFAD3","WT_5XFAD",3,"WT","5XFAD",0.185185185185185,"9","9","9","Microglia",TRUE,"WT_5XFAD3_CATTCGCTCTGGGCCA-1"
"WT_5XFAD3",1026,819,"GSM4173512","WT_5XFAD3","WT_5XFAD",3,"WT","5XFAD",0.194931773879142,"9","9","9","Microglia",TRUE,"WT_5XFAD3_CCACGGAAGATCCCGC-1"
"WT_5XFAD3",972,765,"GSM4173512","WT_5XFAD3","WT_5XFAD",3,"WT","5XFAD",0,"9","9","9","Microglia",TRUE,"WT_5XFAD3_CCACGGAAGATTACCC-1"
"WT_5XFAD3",1220,902,"GSM4173512","WT_5XFAD3","WT_5XFAD",3,"WT","5XFAD",0.327868852459016,"9","9","9","Microglia",TRUE,"WT_5XFAD3_CCACTACCATCGGAAG-1"
"WT_5XFAD3",1328,1051,"GSM4173512","WT_5XFAD3","WT_5XFAD",3,"WT","5XFAD",0,"9","9","9","Microglia",TRUE,"WT_5XFAD3_CCAGCGAGTACGAAAT-1"
"WT_5XFAD3",900,758,"GSM4173512","WT_5XFAD3","WT_5XFAD",3,"WT","5XFAD",0,"9","9","9","Microglia",TRUE,"WT_5XFAD3_CCAGCGATCAGCCTAA-1"
"WT_5XFAD3",1152,910,"GSM4173512","WT_5XFAD3","WT_5XFAD",3,"WT","5XFAD",0,"9","9","9","Microglia",TRUE,"WT_5XFAD3_CCAGCGATCCTATGTT-1"
"WT_5XFAD3",892,712,"GSM4173512","WT_5XFAD3","WT_5XFAD",3,"WT","5XFAD",0.112107623318386,"9","9","9","Microglia",TRUE,"WT_5XFAD3_CCATGTCAGACAGAGA-1"
"WT_5XFAD3",1034,814,"GSM4173512","WT_5XFAD3","WT_5XFAD",3,"WT","5XFAD",0,"9","9","9","Microglia",TRUE,"WT_5XFAD3_CCATGTCAGCCCAATT-1"
"WT_5XFAD3",631,540,"GSM4173512","WT_5XFAD3","WT_5XFAD",3,"WT","5XFAD",0.316957210776545,"9","9","9","Microglia",TRUE,"WT_5XFAD3_CCATGTCAGTACGCCC-1"
"WT_5XFAD3",1284,998,"GSM4173512","WT_5XFAD3","WT_5XFAD",3,"WT","5XFAD",0,"9","9","9","Microglia",TRUE,"WT_5XFAD3_CCATTCGAGCGGATCA-1"
"WT_5XFAD3",1170,923,"GSM4173512","WT_5XFAD3","WT_5XFAD",3,"WT","5XFAD",0.512820512820513,"9","9","9","Microglia",TRUE,"WT_5XFAD3_CCATTCGAGTGAAGAG-1"
"WT_5XFAD3",740,625,"GSM4173512","WT_5XFAD3","WT_5XFAD",3,"WT","5XFAD",0.27027027027027,"9","9","9","Microglia",TRUE,"WT_5XFAD3_CCATTCGCAAACGTGG-1"
"WT_5XFAD3",932,774,"GSM4173512","WT_5XFAD3","WT_5XFAD",3,"WT","5XFAD",0.107296137339056,"9","9","9","Microglia",TRUE,"WT_5XFAD3_CCATTCGGTTACTGAC-1"
"WT_5XFAD3",843,687,"GSM4173512","WT_5XFAD3","WT_5XFAD",3,"WT","5XFAD",0,"9","9","9","Microglia",TRUE,"WT_5XFAD3_CCCAATCAGTGTCTCA-1"
"WT_5XFAD3",1104,879,"GSM4173512","WT_5XFAD3","WT_5XFAD",3,"WT","5XFAD",0.0905797101449275,"9","9","9","Microglia",TRUE,"WT_5XFAD3_CCCAGTTGTCACTGGC-1"
"WT_5XFAD3",855,684,"GSM4173512","WT_5XFAD3","WT_5XFAD",3,"WT","5XFAD",0,"9","9","9","Microglia",TRUE,"WT_5XFAD3_CCCTCCTCAGACGCCT-1"
"WT_5XFAD3",1995,1310,"GSM4173512","WT_5XFAD3","WT_5XFAD",3,"WT","5XFAD",0.300751879699248,"9","9","9","Microglia",TRUE,"WT_5XFAD3_CCCTCCTTCTTTACAC-1"
"WT_5XFAD3",937,755,"GSM4173512","WT_5XFAD3","WT_5XFAD",3,"WT","5XFAD",0.32017075773746,"9","9","9","Microglia",TRUE,"WT_5XFAD3_CCGGTAGCACGAAATA-1"
"WT_5XFAD3",1030,840,"GSM4173512","WT_5XFAD3","WT_5XFAD",3,"WT","5XFAD",0.485436893203883,"9","9","9","Microglia",TRUE,"WT_5XFAD3_CCGTGGACATGTTGAC-1"
"WT_5XFAD3",1225,1000,"GSM4173512","WT_5XFAD3","WT_5XFAD",3,"WT","5XFAD",0.244897959183673,"9","9","9","Microglia",TRUE,"WT_5XFAD3_CCGTGGAGTGCACCAC-1"
"WT_5XFAD3",1228,893,"GSM4173512","WT_5XFAD3","WT_5XFAD",3,"WT","5XFAD",0,"9","9","9","Microglia",TRUE,"WT_5XFAD3_CCGTGGATCCCTAACC-1"
"WT_5XFAD3",1010,826,"GSM4173512","WT_5XFAD3","WT_5XFAD",3,"WT","5XFAD",0.198019801980198,"9","9","9","Microglia",TRUE,"WT_5XFAD3_CCGTGGATCTATCCTA-1"
"WT_5XFAD3",808,623,"GSM4173512","WT_5XFAD3","WT_5XFAD",3,"WT","5XFAD",0.247524752475248,"9","9","9","Microglia",TRUE,"WT_5XFAD3_CCTAAAGCAGTCGTGC-1"
"WT_5XFAD3",1839,1315,"GSM4173512","WT_5XFAD3","WT_5XFAD",3,"WT","5XFAD",0.435019032082654,"9","9","9","Microglia",TRUE,"WT_5XFAD3_CCTAAAGCATCGATTG-1"
"WT_5XFAD3",1505,1130,"GSM4173512","WT_5XFAD3","WT_5XFAD",3,"WT","5XFAD",0.132890365448505,"9","9","9","Microglia",TRUE,"WT_5XFAD3_CCTAAAGGTTCAGGCC-1"
"WT_5XFAD3",1559,1192,"GSM4173512","WT_5XFAD3","WT_5XFAD",3,"WT","5XFAD",0.192431045542014,"9","9","9","Microglia",TRUE,"WT_5XFAD3_CCTAAAGTCTGACCTC-1"
"WT_5XFAD3",1707,1290,"GSM4173512","WT_5XFAD3","WT_5XFAD",3,"WT","5XFAD",0.878734622144113,"9","9","9","Microglia",TRUE,"WT_5XFAD3_CCTACACAGTACGATA-1"
"WT_5XFAD3",1077,873,"GSM4173512","WT_5XFAD3","WT_5XFAD",3,"WT","5XFAD",0.0928505106778087,"9","9","9","Microglia",TRUE,"WT_5XFAD3_CCTACCAAGCCTTGAT-1"
"WT_5XFAD3",1189,921,"GSM4173512","WT_5XFAD3","WT_5XFAD",3,"WT","5XFAD",0.0841042893187553,"9","9","9","Microglia",TRUE,"WT_5XFAD3_CCTACCACACATTTCT-1"
"WT_5XFAD3",1666,1221,"GSM4173512","WT_5XFAD3","WT_5XFAD",3,"WT","5XFAD",0.360144057623049,"9","9","9","Microglia",TRUE,"WT_5XFAD3_CCTAGCTCACACTGCG-1"
"WT_5XFAD3",1090,819,"GSM4173512","WT_5XFAD3","WT_5XFAD",3,"WT","5XFAD",0.275229357798165,"9","9","9","Microglia",TRUE,"WT_5XFAD3_CCTCAGTAGCCCAATT-1"
"WT_5XFAD3",583,493,"GSM4173512","WT_5XFAD3","WT_5XFAD",3,"WT","5XFAD",1.71526586620926,"9","9","9","Microglia",TRUE,"WT_5XFAD3_CCTCTGAAGATGTAAC-1"
"WT_5XFAD3",1409,1131,"GSM4173512","WT_5XFAD3","WT_5XFAD",3,"WT","5XFAD",0.42583392476934,"9","9","9","Microglia",TRUE,"WT_5XFAD3_CCTCTGAAGTAGCCGA-1"
"WT_5XFAD3",1530,1115,"GSM4173512","WT_5XFAD3","WT_5XFAD",3,"WT","5XFAD",0.065359477124183,"9","9","9","Microglia",TRUE,"WT_5XFAD3_CCTCTGACATCAGTAC-1"
"WT_5XFAD3",1036,845,"GSM4173512","WT_5XFAD3","WT_5XFAD",3,"WT","5XFAD",0,"9","9","9","Microglia",TRUE,"WT_5XFAD3_CCTTCCCAGTCCGGTC-1"
"WT_5XFAD3",1159,913,"GSM4173512","WT_5XFAD3","WT_5XFAD",3,"WT","5XFAD",0,"9","9","9","Microglia",TRUE,"WT_5XFAD3_CCTTCCCCACGCATCG-1"
"WT_5XFAD3",1780,1329,"GSM4173512","WT_5XFAD3","WT_5XFAD",3,"WT","5XFAD",3.20224719101124,"9","9","9","Microglia",TRUE,"WT_5XFAD3_CCTTTCTTCAGTTCGA-1"
"WT_5XFAD3",1604,1120,"GSM4173512","WT_5XFAD3","WT_5XFAD",3,"WT","5XFAD",0.187032418952618,"9","9","9","Microglia",TRUE,"WT_5XFAD3_CGAACATGTAGCCTCG-1"
"WT_5XFAD3",1184,966,"GSM4173512","WT_5XFAD3","WT_5XFAD",3,"WT","5XFAD",0,"9","9","9","Microglia",TRUE,"WT_5XFAD3_CGAATGTAGCCCAGCT-1"
"WT_5XFAD3",1422,1081,"GSM4173512","WT_5XFAD3","WT_5XFAD",3,"WT","5XFAD",0.070323488045007,"9","9","9","Microglia",TRUE,"WT_5XFAD3_CGAATGTGTTCAGCGC-1"
"WT_5XFAD3",1321,1010,"GSM4173512","WT_5XFAD3","WT_5XFAD",3,"WT","5XFAD",0.0757002271006813,"9","9","9","Microglia",TRUE,"WT_5XFAD3_CGACCTTCAAAGGTGC-1"
"WT_5XFAD3",1397,1127,"GSM4173512","WT_5XFAD3","WT_5XFAD",3,"WT","5XFAD",0.214745884037223,"9","9","9","Microglia",TRUE,"WT_5XFAD3_CGACTTCCACCTCGTT-1"
"WT_5XFAD3",1172,964,"GSM4173512","WT_5XFAD3","WT_5XFAD",3,"WT","5XFAD",0.0853242320819113,"9","9","9","Microglia",TRUE,"WT_5XFAD3_CGAGAAGAGGCGTACA-1"
"WT_5XFAD3",1502,1084,"GSM4173512","WT_5XFAD3","WT_5XFAD",3,"WT","5XFAD",0.066577896138482,"9","9","9","Microglia",TRUE,"WT_5XFAD3_CGAGCCAAGTTGTAGA-1"
"WT_5XFAD3",1447,1118,"GSM4173512","WT_5XFAD3","WT_5XFAD",3,"WT","5XFAD",0.207325501036628,"9","9","9","Microglia",TRUE,"WT_5XFAD3_CGAGCCAGTTACAGAA-1"
"WT_5XFAD3",1126,879,"GSM4173512","WT_5XFAD3","WT_5XFAD",3,"WT","5XFAD",0.088809946714032,"9","9","9","Microglia",TRUE,"WT_5XFAD3_CGATGTAGTGCTTCTC-1"
"WT_5XFAD3",1896,1400,"GSM4173512","WT_5XFAD3","WT_5XFAD",3,"WT","5XFAD",0.369198312236287,"9","9","9","Microglia",TRUE,"WT_5XFAD3_CGATTGAGTTAAAGAC-1"
"WT_5XFAD3",1910,1396,"GSM4173512","WT_5XFAD3","WT_5XFAD",3,"WT","5XFAD",2.61780104712042,"9","9","9","Microglia",TRUE,"WT_5XFAD3_CGCCAAGAGGTTACCT-1"
"WT_5XFAD3",1371,996,"GSM4173512","WT_5XFAD3","WT_5XFAD",3,"WT","5XFAD",0.656455142231947,"9","9","9","Microglia",TRUE,"WT_5XFAD3_CGCCAAGCATATGCTG-1"
"WT_5XFAD3",1873,1388,"GSM4173512","WT_5XFAD3","WT_5XFAD",3,"WT","5XFAD",0,"9","9","9","Microglia",TRUE,"WT_5XFAD3_CGCCAAGTCGCGTTTC-1"
"WT_5XFAD3",1529,1178,"GSM4173512","WT_5XFAD3","WT_5XFAD",3,"WT","5XFAD",0,"9","9","9","Microglia",TRUE,"WT_5XFAD3_CGCGGTAAGTACTTGC-1"
"WT_5XFAD3",1470,1087,"GSM4173512","WT_5XFAD3","WT_5XFAD",3,"WT","5XFAD",0.204081632653061,"9","9","9","Microglia",TRUE,"WT_5XFAD3_CGCGGTAGTAGCTAAA-1"
"WT_5XFAD3",1154,940,"GSM4173512","WT_5XFAD3","WT_5XFAD",3,"WT","5XFAD",0.346620450606586,"9","9","9","Microglia",TRUE,"WT_5XFAD3_CGCGTTTAGTGGGCTA-1"
"WT_5XFAD3",1412,1091,"GSM4173512","WT_5XFAD3","WT_5XFAD",3,"WT","5XFAD",0.0708215297450425,"9","9","9","Microglia",TRUE,"WT_5XFAD3_CGCGTTTCAGACAAAT-1"
"WT_5XFAD3",1019,846,"GSM4173512","WT_5XFAD3","WT_5XFAD",3,"WT","5XFAD",0.098135426889107,"9","9","9","Microglia",TRUE,"WT_5XFAD3_CGCGTTTGTAGAGTGC-1"
"WT_5XFAD3",689,588,"GSM4173512","WT_5XFAD3","WT_5XFAD",3,"WT","5XFAD",0.145137880986938,"9","9","9","Microglia",TRUE,"WT_5XFAD3_CGCTGGACAAGTTCTG-1"
"WT_5XFAD3",1185,959,"GSM4173512","WT_5XFAD3","WT_5XFAD",3,"WT","5XFAD",0,"9","9","9","Microglia",TRUE,"WT_5XFAD3_CGCTGGACACGCCAGT-1"
"WT_5XFAD3",1507,1150,"GSM4173512","WT_5XFAD3","WT_5XFAD",3,"WT","5XFAD",0.19907100199071,"9","9","9","Microglia",TRUE,"WT_5XFAD3_CGCTTCACACTACAGT-1"
"WT_5XFAD3",1074,864,"GSM4173512","WT_5XFAD3","WT_5XFAD",3,"WT","5XFAD",0.37243947858473,"9","9","9","Microglia",TRUE,"WT_5XFAD3_CGGACACGTCAATGTC-1"
"WT_5XFAD3",1283,967,"GSM4173512","WT_5XFAD3","WT_5XFAD",3,"WT","5XFAD",0,"9","9","9","Microglia",TRUE,"WT_5XFAD3_CGGACGTAGCACACAG-1"
"WT_5XFAD3",1496,1088,"GSM4173512","WT_5XFAD3","WT_5XFAD",3,"WT","5XFAD",0.133689839572192,"9","9","9","Microglia",TRUE,"WT_5XFAD3_CGGACGTTCACGAAGG-1"
"WT_5XFAD3",1866,1295,"GSM4173512","WT_5XFAD3","WT_5XFAD",3,"WT","5XFAD",0.160771704180064,"9","9","9","Microglia",TRUE,"WT_5XFAD3_CGGAGCTAGCAATATG-1"
"WT_5XFAD3",1272,1011,"GSM4173512","WT_5XFAD3","WT_5XFAD",3,"WT","5XFAD",0,"9","9","9","Microglia",TRUE,"WT_5XFAD3_CGGAGCTCATCCTAGA-1"
"WT_5XFAD3",1375,1088,"GSM4173512","WT_5XFAD3","WT_5XFAD",3,"WT","5XFAD",0.145454545454545,"9","9","9","Microglia",TRUE,"WT_5XFAD3_CGGAGCTTCCTAGAAC-1"
"WT_5XFAD3",1217,1004,"GSM4173512","WT_5XFAD3","WT_5XFAD",3,"WT","5XFAD",0.164338537387017,"9","9","9","Microglia",TRUE,"WT_5XFAD3_CGGAGTCAGAATCTCC-1"
"WT_5XFAD3",1444,964,"GSM4173512","WT_5XFAD3","WT_5XFAD",3,"WT","5XFAD",1.10803324099723,"9","9","9","Microglia",TRUE,"WT_5XFAD3_CGGCTAGTCAAACGGG-1"
"WT_5XFAD3",1023,827,"GSM4173512","WT_5XFAD3","WT_5XFAD",3,"WT","5XFAD",0.684261974584555,"9","9","9","Microglia",TRUE,"WT_5XFAD3_CGGGTCAAGGCCCTCA-1"
"WT_5XFAD3",808,688,"GSM4173512","WT_5XFAD3","WT_5XFAD",3,"WT","5XFAD",0.247524752475248,"9","9","9","Microglia",TRUE,"WT_5XFAD3_CGGGTCACACGCCAGT-1"
"WT_5XFAD3",1953,1418,"GSM4173512","WT_5XFAD3","WT_5XFAD",3,"WT","5XFAD",0.102406554019457,"9","9","9","Microglia",TRUE,"WT_5XFAD3_CGGGTCATCTAACTCT-1"
"WT_5XFAD3",1331,1041,"GSM4173512","WT_5XFAD3","WT_5XFAD",3,"WT","5XFAD",0.601051840721262,"9","9","9","Microglia",TRUE,"WT_5XFAD3_CGTAGCGAGATCTGCT-1"
"WT_5XFAD3",1698,1310,"GSM4173512","WT_5XFAD3","WT_5XFAD",3,"WT","5XFAD",0,"9","9","9","Microglia",TRUE,"WT_5XFAD3_CGTAGCGGTCAGGACA-1"
"WT_5XFAD3",1971,1463,"GSM4173512","WT_5XFAD3","WT_5XFAD",3,"WT","5XFAD",0.30441400304414,"9","9","9","Microglia",TRUE,"WT_5XFAD3_CGTCACTTCGCCGTGA-1"
"WT_5XFAD3",1506,1097,"GSM4173512","WT_5XFAD3","WT_5XFAD",3,"WT","5XFAD",0.0664010624169987,"9","9","9","Microglia",TRUE,"WT_5XFAD3_CGTCCATCATCTACGA-1"
"WT_5XFAD3",1398,1073,"GSM4173512","WT_5XFAD3","WT_5XFAD",3,"WT","5XFAD",0,"9","9","9","Microglia",TRUE,"WT_5XFAD3_CGTCCATTCGAACTGT-1"
"WT_5XFAD3",1526,1153,"GSM4173512","WT_5XFAD3","WT_5XFAD",3,"WT","5XFAD",0,"9","9","9","Microglia",TRUE,"WT_5XFAD3_CGTCTACAGAGCTTCT-1"
"WT_5XFAD3",1314,1034,"GSM4173512","WT_5XFAD3","WT_5XFAD",3,"WT","5XFAD",0.076103500761035,"9","9","9","Microglia",TRUE,"WT_5XFAD3_CGTGAGCAGGGCACTA-1"
"WT_5XFAD3",540,454,"GSM4173512","WT_5XFAD3","WT_5XFAD",3,"WT","5XFAD",0,"9","9","9","Microglia",TRUE,"WT_5XFAD3_CGTGTAAGTGACGCCT-1"
"WT_5XFAD3",1523,1123,"GSM4173512","WT_5XFAD3","WT_5XFAD",3,"WT","5XFAD",0,"9","9","9","Microglia",TRUE,"WT_5XFAD3_CGTTAGACACCGTTGG-1"
"WT_5XFAD3",995,834,"GSM4173512","WT_5XFAD3","WT_5XFAD",3,"WT","5XFAD",0.603015075376884,"9","9","9","Microglia",TRUE,"WT_5XFAD3_CGTTAGATCAAAGTAG-1"
"WT_5XFAD3",1327,1017,"GSM4173512","WT_5XFAD3","WT_5XFAD",3,"WT","5XFAD",0,"9","9","9","Microglia",TRUE,"WT_5XFAD3_CGTTCTGCAAAGTGCG-1"
"WT_5XFAD3",1338,1002,"GSM4173512","WT_5XFAD3","WT_5XFAD",3,"WT","5XFAD",1.04633781763827,"9","9","9","Microglia",TRUE,"WT_5XFAD3_CGTTCTGGTCTAGCGC-1"
"WT_5XFAD3",1001,798,"GSM4173512","WT_5XFAD3","WT_5XFAD",3,"WT","5XFAD",0.1998001998002,"9","9","9","Microglia",TRUE,"WT_5XFAD3_CGTTGGGGTGAACCTT-1"
"WT_5XFAD3",1489,1102,"GSM4173512","WT_5XFAD3","WT_5XFAD",3,"WT","5XFAD",0,"9","9","9","Microglia",TRUE,"WT_5XFAD3_CGTTGGGTCTGTTTGT-1"
"WT_5XFAD3",960,807,"GSM4173512","WT_5XFAD3","WT_5XFAD",3,"WT","5XFAD",0.208333333333333,"9","9","9","Microglia",TRUE,"WT_5XFAD3_CTAACTTAGAAACGCC-1"
"WT_5XFAD3",951,612,"GSM4173512","WT_5XFAD3","WT_5XFAD",3,"WT","5XFAD",7.04521556256572,"9","9","9","Microglia",TRUE,"WT_5XFAD3_CTACATTCACGTCTCT-1"
"WT_5XFAD3",1293,1039,"GSM4173512","WT_5XFAD3","WT_5XFAD",3,"WT","5XFAD",0,"9","9","9","Microglia",TRUE,"WT_5XFAD3_CTACCCAGTTCATGGT-1"
"WT_5XFAD3",1673,1256,"GSM4173512","WT_5XFAD3","WT_5XFAD",3,"WT","5XFAD",0,"9","9","9","Microglia",TRUE,"WT_5XFAD3_CTACGTCCACTGTCGG-1"
"WT_5XFAD3",2008,1453,"GSM4173512","WT_5XFAD3","WT_5XFAD",3,"WT","5XFAD",0.049800796812749,"9","9","9","Microglia",TRUE,"WT_5XFAD3_CTAGAGTCACCAGTTA-1"
"WT_5XFAD3",1355,1046,"GSM4173512","WT_5XFAD3","WT_5XFAD",3,"WT","5XFAD",0.0738007380073801,"9","9","9","Microglia",TRUE,"WT_5XFAD3_CTAGAGTCAGTAGAGC-1"
"WT_5XFAD3",1324,1004,"GSM4173512","WT_5XFAD3","WT_5XFAD",3,"WT","5XFAD",0.0755287009063444,"9","9","9","Microglia",TRUE,"WT_5XFAD3_CTAGAGTTCCGCATAA-1"
"WT_5XFAD3",1268,946,"GSM4173512","WT_5XFAD3","WT_5XFAD",3,"WT","5XFAD",5.12618296529968,"9","9","9","Microglia",TRUE,"WT_5XFAD3_CTCACACAGTGACATA-1"
"WT_5XFAD3",963,759,"GSM4173512","WT_5XFAD3","WT_5XFAD",3,"WT","5XFAD",0.207684319833853,"9","9","9","Microglia",TRUE,"WT_5XFAD3_CTCAGAAAGTGAAGAG-1"
"WT_5XFAD3",650,542,"GSM4173512","WT_5XFAD3","WT_5XFAD",3,"WT","5XFAD",0,"9","9","9","Microglia",TRUE,"WT_5XFAD3_CTCATTAGTATCACCA-1"
"WT_5XFAD3",1652,1217,"GSM4173512","WT_5XFAD3","WT_5XFAD",3,"WT","5XFAD",0.242130750605327,"9","9","9","Microglia",TRUE,"WT_5XFAD3_CTCCTAGTCAACACAC-1"
"WT_5XFAD3",1372,1039,"GSM4173512","WT_5XFAD3","WT_5XFAD",3,"WT","5XFAD",0.0728862973760933,"9","9","9","Microglia",TRUE,"WT_5XFAD3_CTCGAAAGTGACCAAG-1"
"WT_5XFAD3",1034,809,"GSM4173512","WT_5XFAD3","WT_5XFAD",3,"WT","5XFAD",0.0967117988394584,"9","9","9","Microglia",TRUE,"WT_5XFAD3_CTCGAGGCATCACCCT-1"
"WT_5XFAD3",526,467,"GSM4173512","WT_5XFAD3","WT_5XFAD",3,"WT","5XFAD",0,"9","9","9","Microglia",TRUE,"WT_5XFAD3_CTCGGAGGTGCAACGA-1"
"WT_5XFAD3",1184,947,"GSM4173512","WT_5XFAD3","WT_5XFAD",3,"WT","5XFAD",0,"9","9","9","Microglia",TRUE,"WT_5XFAD3_CTCGGAGGTTCCATGA-1"
"WT_5XFAD3",1092,857,"GSM4173512","WT_5XFAD3","WT_5XFAD",3,"WT","5XFAD",0.457875457875458,"9","9","9","Microglia",TRUE,"WT_5XFAD3_CTCGTACAGCTCCTCT-1"
"WT_5XFAD3",810,672,"GSM4173512","WT_5XFAD3","WT_5XFAD",3,"WT","5XFAD",0,"9","9","9","Microglia",TRUE,"WT_5XFAD3_CTCGTCAAGCGATCCC-1"
"WT_5XFAD3",740,637,"GSM4173512","WT_5XFAD3","WT_5XFAD",3,"WT","5XFAD",0,"9","9","9","Microglia",TRUE,"WT_5XFAD3_CTCGTCAGTCACACGC-1"
"WT_5XFAD3",1241,975,"GSM4173512","WT_5XFAD3","WT_5XFAD",3,"WT","5XFAD",0.08058017727639,"9","9","9","Microglia",TRUE,"WT_5XFAD3_CTCGTCAGTGCTCTTC-1"
"WT_5XFAD3",1320,1024,"GSM4173512","WT_5XFAD3","WT_5XFAD",3,"WT","5XFAD",0,"9","9","9","Microglia",TRUE,"WT_5XFAD3_CTCGTCATCCTTTCTC-1"
"WT_5XFAD3",1623,1249,"GSM4173512","WT_5XFAD3","WT_5XFAD",3,"WT","5XFAD",1.1090573012939,"9","9","9","Microglia",TRUE,"WT_5XFAD3_CTCTAATAGACCTAGG-1"
"WT_5XFAD3",922,764,"GSM4173512","WT_5XFAD3","WT_5XFAD",3,"WT","5XFAD",0.433839479392625,"9","9","9","Microglia",TRUE,"WT_5XFAD3_CTCTAATCAGTTCCCT-1"
"WT_5XFAD3",910,775,"GSM4173512","WT_5XFAD3","WT_5XFAD",3,"WT","5XFAD",0,"9","9","9","Microglia",TRUE,"WT_5XFAD3_CTCTAATGTGTAACGG-1"
"WT_5XFAD3",802,554,"GSM4173512","WT_5XFAD3","WT_5XFAD",3,"WT","5XFAD",1.12219451371571,"9","9","9","Microglia",TRUE,"WT_5XFAD3_CTCTAATTCAACGCTA-1"
"WT_5XFAD3",1282,1000,"GSM4173512","WT_5XFAD3","WT_5XFAD",3,"WT","5XFAD",0.15600624024961,"9","9","9","Microglia",TRUE,"WT_5XFAD3_CTCTACGAGCACGCCT-1"
"WT_5XFAD3",766,633,"GSM4173512","WT_5XFAD3","WT_5XFAD",3,"WT","5XFAD",0.261096605744125,"9","9","9","Microglia",TRUE,"WT_5XFAD3_CTCTACGAGCGTCTAT-1"
"WT_5XFAD3",1197,912,"GSM4173512","WT_5XFAD3","WT_5XFAD",3,"WT","5XFAD",0.668337510442774,"9","9","9","Microglia",TRUE,"WT_5XFAD3_CTCTACGGTAACGACG-1"
"WT_5XFAD3",1194,932,"GSM4173512","WT_5XFAD3","WT_5XFAD",3,"WT","5XFAD",0,"9","9","9","Microglia",TRUE,"WT_5XFAD3_CTCTACGGTTATCACG-1"
"WT_5XFAD3",1338,969,"GSM4173512","WT_5XFAD3","WT_5XFAD",3,"WT","5XFAD",0.224215246636771,"9","9","9","Microglia",TRUE,"WT_5XFAD3_CTCTGGTAGCTAGGCA-1"
"WT_5XFAD3",1872,1408,"GSM4173512","WT_5XFAD3","WT_5XFAD",3,"WT","5XFAD",1.38888888888889,"9","9","9","Microglia",TRUE,"WT_5XFAD3_CTCTGGTCAAAGGTGC-1"
"WT_5XFAD3",943,782,"GSM4173512","WT_5XFAD3","WT_5XFAD",3,"WT","5XFAD",0.530222693531283,"9","9","9","Microglia",TRUE,"WT_5XFAD3_CTCTGGTGTCTAGAGG-1"
"WT_5XFAD3",1565,1136,"GSM4173512","WT_5XFAD3","WT_5XFAD",3,"WT","5XFAD",0.702875399361022,"9","9","9","Microglia",TRUE,"WT_5XFAD3_CTCTGGTGTTCGAATC-1"
"WT_5XFAD3",929,698,"GSM4173512","WT_5XFAD3","WT_5XFAD",3,"WT","5XFAD",3.22927879440258,"9","9","9","Microglia",TRUE,"WT_5XFAD3_CTGAAACTCCGGGTGT-1"
"WT_5XFAD3",1295,1029,"GSM4173512","WT_5XFAD3","WT_5XFAD",3,"WT","5XFAD",0.0772200772200772,"9","9","9","Microglia",TRUE,"WT_5XFAD3_CTGAAGTTCCTTTCGG-1"
"WT_5XFAD3",1302,996,"GSM4173512","WT_5XFAD3","WT_5XFAD",3,"WT","5XFAD",0,"9","9","9","Microglia",TRUE,"WT_5XFAD3_CTGCCTACATCCGCGA-1"
"WT_5XFAD3",1014,840,"GSM4173512","WT_5XFAD3","WT_5XFAD",3,"WT","5XFAD",0,"9","9","9","Microglia",TRUE,"WT_5XFAD3_CTGCGGACAAAGGCGT-1"
"WT_5XFAD3",2339,1684,"GSM4173512","WT_5XFAD3","WT_5XFAD",3,"WT","5XFAD",1.23984608807183,"9","9","9","Microglia",TRUE,"WT_5XFAD3_CTGCTGTAGGCTAGCA-1"
"WT_5XFAD3",1310,968,"GSM4173512","WT_5XFAD3","WT_5XFAD",3,"WT","5XFAD",0.458015267175573,"9","9","9","Microglia",TRUE,"WT_5XFAD3_CTGCTGTAGGGATACC-1"
"WT_5XFAD3",1479,1114,"GSM4173512","WT_5XFAD3","WT_5XFAD",3,"WT","5XFAD",0.0676132521974307,"9","9","9","Microglia",TRUE,"WT_5XFAD3_CTGGTCTAGAGGGCTT-1"
"WT_5XFAD3",1473,1119,"GSM4173512","WT_5XFAD3","WT_5XFAD",3,"WT","5XFAD",0.271554650373388,"9","9","9","Microglia",TRUE,"WT_5XFAD3_CTGTTTAGTTATGCGT-1"
"WT_5XFAD3",1934,1289,"GSM4173512","WT_5XFAD3","WT_5XFAD",3,"WT","5XFAD",0.0517063081695967,"9","9","9","Microglia",TRUE,"WT_5XFAD3_CTGTTTATCCGAACGC-1"
"WT_5XFAD3",1593,1253,"GSM4173512","WT_5XFAD3","WT_5XFAD",3,"WT","5XFAD",0,"9","9","9","Microglia",TRUE,"WT_5XFAD3_CTTAACTAGCAGACTG-1"
"WT_5XFAD3",1615,1186,"GSM4173512","WT_5XFAD3","WT_5XFAD",3,"WT","5XFAD",0,"9","9","9","Microglia",TRUE,"WT_5XFAD3_CTTAACTCAGACTCGC-1"
"WT_5XFAD3",982,810,"GSM4173512","WT_5XFAD3","WT_5XFAD",3,"WT","5XFAD",0,"9","9","9","Microglia",TRUE,"WT_5XFAD3_CTTACCGGTATCTGCA-1"
"WT_5XFAD3",1360,1099,"GSM4173512","WT_5XFAD3","WT_5XFAD",3,"WT","5XFAD",0.514705882352941,"9","9","9","Microglia",TRUE,"WT_5XFAD3_CTTAGGAGTAGCAAAT-1"
"WT_5XFAD3",942,773,"GSM4173512","WT_5XFAD3","WT_5XFAD",3,"WT","5XFAD",0,"9","9","9","Microglia",TRUE,"WT_5XFAD3_CTTCTCTTCCGTTGCT-1"
"WT_5XFAD3",1220,972,"GSM4173512","WT_5XFAD3","WT_5XFAD",3,"WT","5XFAD",0.245901639344262,"9","9","9","Microglia",TRUE,"WT_5XFAD3_CTTGGCTTCTCACATT-1"
"WT_5XFAD3",1122,884,"GSM4173512","WT_5XFAD3","WT_5XFAD",3,"WT","5XFAD",0,"9","9","9","Microglia",TRUE,"WT_5XFAD3_CTTTGCGAGTGGCACA-1"
"WT_5XFAD3",815,681,"GSM4173512","WT_5XFAD3","WT_5XFAD",3,"WT","5XFAD",0.49079754601227,"9","9","9","Microglia",TRUE,"WT_5XFAD3_CTTTGCGTCTCGCATC-1"
"WT_5XFAD3",725,615,"GSM4173512","WT_5XFAD3","WT_5XFAD",3,"WT","5XFAD",0,"9","9","9","Microglia",TRUE,"WT_5XFAD3_GAAACTCAGCCCTAAT-1"
"WT_5XFAD3",690,563,"GSM4173512","WT_5XFAD3","WT_5XFAD",3,"WT","5XFAD",0.434782608695652,"9","9","9","Microglia",TRUE,"WT_5XFAD3_GAAACTCAGGACATTA-1"
"WT_5XFAD3",1029,837,"GSM4173512","WT_5XFAD3","WT_5XFAD",3,"WT","5XFAD",0.0971817298347911,"9","9","9","Microglia",TRUE,"WT_5XFAD3_GAAACTCAGTCCCACG-1"
"WT_5XFAD3",1532,1152,"GSM4173512","WT_5XFAD3","WT_5XFAD",3,"WT","5XFAD",0.391644908616188,"9","9","9","Microglia",TRUE,"WT_5XFAD3_GAAATGAAGAAGGCCT-1"
"WT_5XFAD3",2625,1789,"GSM4173512","WT_5XFAD3","WT_5XFAD",3,"WT","5XFAD",0.152380952380952,"9","9","9","Microglia",TRUE,"WT_5XFAD3_GAAATGACACATGTGT-1"
"WT_5XFAD3",1263,978,"GSM4173512","WT_5XFAD3","WT_5XFAD",3,"WT","5XFAD",0.554235946159937,"9","9","9","Microglia",TRUE,"WT_5XFAD3_GAAATGACATTAACCG-1"
"WT_5XFAD3",1388,1095,"GSM4173512","WT_5XFAD3","WT_5XFAD",3,"WT","5XFAD",0.216138328530259,"9","9","9","Microglia",TRUE,"WT_5XFAD3_GAAATGAGTAAACGCG-1"
"WT_5XFAD3",860,707,"GSM4173512","WT_5XFAD3","WT_5XFAD",3,"WT","5XFAD",0,"9","9","9","Microglia",TRUE,"WT_5XFAD3_GAAATGATCGGGAGTA-1"
"WT_5XFAD3",1031,823,"GSM4173512","WT_5XFAD3","WT_5XFAD",3,"WT","5XFAD",0.0969932104752667,"9","9","9","Microglia",TRUE,"WT_5XFAD3_GAACATCTCAACACGT-1"
"WT_5XFAD3",1117,869,"GSM4173512","WT_5XFAD3","WT_5XFAD",3,"WT","5XFAD",0.26857654431513,"9","9","9","Microglia",TRUE,"WT_5XFAD3_GAACATCTCGGATGGA-1"
"WT_5XFAD3",1142,924,"GSM4173512","WT_5XFAD3","WT_5XFAD",3,"WT","5XFAD",0.350262697022767,"9","9","9","Microglia",TRUE,"WT_5XFAD3_GAACGGAAGCAACGGT-1"
"WT_5XFAD3",1413,1092,"GSM4173512","WT_5XFAD3","WT_5XFAD",3,"WT","5XFAD",0.212314225053079,"9","9","9","Microglia",TRUE,"WT_5XFAD3_GAAGCAGTCTTCGGTC-1"
"WT_5XFAD3",1385,1098,"GSM4173512","WT_5XFAD3","WT_5XFAD",3,"WT","5XFAD",0.36101083032491,"9","9","9","Microglia",TRUE,"WT_5XFAD3_GAATAAGCACCGCTAG-1"
"WT_5XFAD3",1078,831,"GSM4173512","WT_5XFAD3","WT_5XFAD",3,"WT","5XFAD",0.0927643784786642,"9","9","9","Microglia",TRUE,"WT_5XFAD3_GAATAAGGTTCCCTTG-1"
"WT_5XFAD3",1762,1273,"GSM4173512","WT_5XFAD3","WT_5XFAD",3,"WT","5XFAD",0.39727582292849,"9","9","9","Microglia",TRUE,"WT_5XFAD3_GAATGAAGTGCCTGGT-1"
"WT_5XFAD3",1160,884,"GSM4173512","WT_5XFAD3","WT_5XFAD",3,"WT","5XFAD",0.172413793103448,"9","9","9","Microglia",TRUE,"WT_5XFAD3_GACACGCTCTGTTGAG-1"
"WT_5XFAD3",1293,974,"GSM4173512","WT_5XFAD3","WT_5XFAD",3,"WT","5XFAD",0,"9","9","9","Microglia",TRUE,"WT_5XFAD3_GACAGAGAGAGTTGGC-1"
"WT_5XFAD3",912,758,"GSM4173512","WT_5XFAD3","WT_5XFAD",3,"WT","5XFAD",0.109649122807018,"9","9","9","Microglia",TRUE,"WT_5XFAD3_GACCAATAGCGTAGTG-1"
"WT_5XFAD3",1050,834,"GSM4173512","WT_5XFAD3","WT_5XFAD",3,"WT","5XFAD",0.380952380952381,"9","9","9","Microglia",TRUE,"WT_5XFAD3_GACCTGGTCGCCAAAT-1"
"WT_5XFAD3",694,580,"GSM4173512","WT_5XFAD3","WT_5XFAD",3,"WT","5XFAD",0.864553314121038,"9","9","9","Microglia",TRUE,"WT_5XFAD3_GACGCGTGTCCCTTGT-1"
"WT_5XFAD3",1133,893,"GSM4173512","WT_5XFAD3","WT_5XFAD",3,"WT","5XFAD",0.176522506619594,"9","9","9","Microglia",TRUE,"WT_5XFAD3_GACGCGTGTCCTCCAT-1"
"WT_5XFAD3",1530,1154,"GSM4173512","WT_5XFAD3","WT_5XFAD",3,"WT","5XFAD",0.261437908496732,"9","9","9","Microglia",TRUE,"WT_5XFAD3_GACGGCTAGAAGCCCA-1"
"WT_5XFAD3",1042,834,"GSM4173512","WT_5XFAD3","WT_5XFAD",3,"WT","5XFAD",0.191938579654511,"9","9","9","Microglia",TRUE,"WT_5XFAD3_GACGGCTAGTGAACAT-1"
"WT_5XFAD3",1017,774,"GSM4173512","WT_5XFAD3","WT_5XFAD",3,"WT","5XFAD",0.688298918387414,"9","9","9","Microglia",TRUE,"WT_5XFAD3_GACGGCTCATTCCTGC-1"
"WT_5XFAD3",1382,999,"GSM4173512","WT_5XFAD3","WT_5XFAD",3,"WT","5XFAD",0.144717800289436,"9","9","9","Microglia",TRUE,"WT_5XFAD3_GACGTGCTCTCTTGAT-1"
"WT_5XFAD3",1567,1216,"GSM4173512","WT_5XFAD3","WT_5XFAD",3,"WT","5XFAD",0.0638162093171666,"9","9","9","Microglia",TRUE,"WT_5XFAD3_GACGTTATCGTTGCCT-1"
"WT_5XFAD3",802,665,"GSM4173512","WT_5XFAD3","WT_5XFAD",3,"WT","5XFAD",0.498753117206983,"9","9","9","Microglia",TRUE,"WT_5XFAD3_GACTAACAGACAGGCT-1"
"WT_5XFAD3",886,729,"GSM4173512","WT_5XFAD3","WT_5XFAD",3,"WT","5XFAD",0,"9","9","9","Microglia",TRUE,"WT_5XFAD3_GACTAACTCTATCGCC-1"
"WT_5XFAD3",1505,1177,"GSM4173512","WT_5XFAD3","WT_5XFAD",3,"WT","5XFAD",0.132890365448505,"9","9","9","Microglia",TRUE,"WT_5XFAD3_GACTACATCGTAGGAG-1"
"WT_5XFAD3",2269,1601,"GSM4173512","WT_5XFAD3","WT_5XFAD",3,"WT","5XFAD",0.264433671220802,"9","9","9","Microglia",TRUE,"WT_5XFAD3_GACTGCGCATCCAACA-1"
"WT_5XFAD3",1327,1037,"GSM4173512","WT_5XFAD3","WT_5XFAD",3,"WT","5XFAD",0.301431801055011,"9","9","9","Microglia",TRUE,"WT_5XFAD3_GACTGCGGTGAACCTT-1"
"WT_5XFAD3",1046,753,"GSM4173512","WT_5XFAD3","WT_5XFAD",3,"WT","5XFAD",0.191204588910134,"9","9","9","Microglia",TRUE,"WT_5XFAD3_GACTGCGTCCTATTCA-1"
"WT_5XFAD3",1243,999,"GSM4173512","WT_5XFAD3","WT_5XFAD",3,"WT","5XFAD",0.160901045856798,"9","9","9","Microglia",TRUE,"WT_5XFAD3_GAGCAGACAGATAATG-1"
"WT_5XFAD3",1478,1135,"GSM4173512","WT_5XFAD3","WT_5XFAD",3,"WT","5XFAD",0.13531799729364,"9","9","9","Microglia",TRUE,"WT_5XFAD3_GAGTCCGAGCGAGAAA-1"
"WT_5XFAD3",1027,834,"GSM4173512","WT_5XFAD3","WT_5XFAD",3,"WT","5XFAD",0,"9","9","9","Microglia",TRUE,"WT_5XFAD3_GATCGCGTCCGTCAAA-1"
"WT_5XFAD3",1361,1075,"GSM4173512","WT_5XFAD3","WT_5XFAD",3,"WT","5XFAD",0,"9","9","9","Microglia",TRUE,"WT_5XFAD3_GATCGCGTCTACCAGA-1"
"WT_5XFAD3",2861,1936,"GSM4173512","WT_5XFAD3","WT_5XFAD",3,"WT","5XFAD",0.034952813701503,"9","9","9","Microglia",TRUE,"WT_5XFAD3_GATCGTAGTAAACGCG-1"
"WT_5XFAD3",1131,923,"GSM4173512","WT_5XFAD3","WT_5XFAD",3,"WT","5XFAD",0.17683465959328,"9","9","9","Microglia",TRUE,"WT_5XFAD3_GATCGTATCAACCATG-1"
"WT_5XFAD3",674,581,"GSM4173512","WT_5XFAD3","WT_5XFAD",3,"WT","5XFAD",0.148367952522255,"9","9","9","Microglia",TRUE,"WT_5XFAD3_GATCGTATCAGGTAAA-1"
"WT_5XFAD3",1948,1383,"GSM4173512","WT_5XFAD3","WT_5XFAD",3,"WT","5XFAD",1.23203285420945,"9","9","9","Microglia",TRUE,"WT_5XFAD3_GATCTAGCACTGAAGG-1"
"WT_5XFAD3",1433,1025,"GSM4173512","WT_5XFAD3","WT_5XFAD",3,"WT","5XFAD",0.907187718073971,"9","9","9","Microglia",TRUE,"WT_5XFAD3_GATCTAGCATCTATGG-1"
"WT_5XFAD3",1619,1219,"GSM4173512","WT_5XFAD3","WT_5XFAD",3,"WT","5XFAD",0,"9","9","9","Microglia",TRUE,"WT_5XFAD3_GATCTAGGTCTTGCGG-1"
"WT_5XFAD3",1107,875,"GSM4173512","WT_5XFAD3","WT_5XFAD",3,"WT","5XFAD",0.5420054200542,"9","9","9","Microglia",TRUE,"WT_5XFAD3_GATCTAGTCGAATGCT-1"
"WT_5XFAD3",1733,1338,"GSM4173512","WT_5XFAD3","WT_5XFAD",3,"WT","5XFAD",0.173110213502597,"9","9","9","Microglia",TRUE,"WT_5XFAD3_GATGAAACAGCCTTGG-1"
"WT_5XFAD3",832,696,"GSM4173512","WT_5XFAD3","WT_5XFAD",3,"WT","5XFAD",0.360576923076923,"9","9","9","Microglia",TRUE,"WT_5XFAD3_GATGCTATCGGTTCGG-1"
"WT_5XFAD3",1784,1360,"GSM4173512","WT_5XFAD3","WT_5XFAD",3,"WT","5XFAD",0.112107623318386,"9","9","9","Microglia",TRUE,"WT_5XFAD3_GATTCAGGTCTCTTAT-1"
"WT_5XFAD3",1776,1313,"GSM4173512","WT_5XFAD3","WT_5XFAD",3,"WT","5XFAD",0.0563063063063063,"9","9","9","Microglia",TRUE,"WT_5XFAD3_GCAAACTGTTATCCGA-1"
"WT_5XFAD3",921,712,"GSM4173512","WT_5XFAD3","WT_5XFAD",3,"WT","5XFAD",0.1085776330076,"9","9","9","Microglia",TRUE,"WT_5XFAD3_GCAATCAAGGGTCTCC-1"
"WT_5XFAD3",1430,1093,"GSM4173512","WT_5XFAD3","WT_5XFAD",3,"WT","5XFAD",0.699300699300699,"9","9","9","Microglia",TRUE,"WT_5XFAD3_GCAATCACATCCCACT-1"
"WT_5XFAD3",1679,1270,"GSM4173512","WT_5XFAD3","WT_5XFAD",3,"WT","5XFAD",0.178677784395473,"9","9","9","Microglia",TRUE,"WT_5XFAD3_GCAATCACATTCCTCG-1"
"WT_5XFAD3",1327,1032,"GSM4173512","WT_5XFAD3","WT_5XFAD",3,"WT","5XFAD",0.150715900527506,"9","9","9","Microglia",TRUE,"WT_5XFAD3_GCAATCAGTAAGGATT-1"
"WT_5XFAD3",1291,987,"GSM4173512","WT_5XFAD3","WT_5XFAD",3,"WT","5XFAD",0.154918667699458,"9","9","9","Microglia",TRUE,"WT_5XFAD3_GCACTCTGTAAAGGAG-1"
"WT_5XFAD3",1913,1382,"GSM4173512","WT_5XFAD3","WT_5XFAD",3,"WT","5XFAD",0.104547830632514,"9","9","9","Microglia",TRUE,"WT_5XFAD3_GCACTCTGTGTAAGTA-1"
"WT_5XFAD3",1194,967,"GSM4173512","WT_5XFAD3","WT_5XFAD",3,"WT","5XFAD",0,"9","9","9","Microglia",TRUE,"WT_5XFAD3_GCACTCTTCATCGATG-1"
"WT_5XFAD3",1576,1211,"GSM4173512","WT_5XFAD3","WT_5XFAD",3,"WT","5XFAD",0.0634517766497462,"9","9","9","Microglia",TRUE,"WT_5XFAD3_GCAGCCACATGCCTTC-1"
"WT_5XFAD3",1763,1273,"GSM4173512","WT_5XFAD3","WT_5XFAD",3,"WT","5XFAD",0.0567214974475326,"9","9","9","Microglia",TRUE,"WT_5XFAD3_GCAGCCAGTATGAATG-1"
"WT_5XFAD3",1390,1108,"GSM4173512","WT_5XFAD3","WT_5XFAD",3,"WT","5XFAD",0,"9","9","9","Microglia",TRUE,"WT_5XFAD3_GCAGCCAGTCAGCTAT-1"
"WT_5XFAD3",1011,817,"GSM4173512","WT_5XFAD3","WT_5XFAD",3,"WT","5XFAD",0.0989119683481701,"9","9","9","Microglia",TRUE,"WT_5XFAD3_GCAGCCAGTCGACTGC-1"
"WT_5XFAD3",1242,963,"GSM4173512","WT_5XFAD3","WT_5XFAD",3,"WT","5XFAD",0.0805152979066023,"9","9","9","Microglia",TRUE,"WT_5XFAD3_GCAGCCAGTCGTTGTA-1"
"WT_5XFAD3",1426,1068,"GSM4173512","WT_5XFAD3","WT_5XFAD",3,"WT","5XFAD",0,"9","9","9","Microglia",TRUE,"WT_5XFAD3_GCAGCCATCCAGTATG-1"
"WT_5XFAD3",1411,1098,"GSM4173512","WT_5XFAD3","WT_5XFAD",3,"WT","5XFAD",0,"9","9","9","Microglia",TRUE,"WT_5XFAD3_GCAGCCATCCCGACTT-1"
"WT_5XFAD3",695,592,"GSM4173512","WT_5XFAD3","WT_5XFAD",3,"WT","5XFAD",0.143884892086331,"9","9","9","Microglia",TRUE,"WT_5XFAD3_GCAGCCATCCGCGTTT-1"
"WT_5XFAD3",1361,1022,"GSM4173512","WT_5XFAD3","WT_5XFAD",3,"WT","5XFAD",0.587803085966201,"9","9","9","Microglia",TRUE,"WT_5XFAD3_GCATGATCACCAACCG-1"
"WT_5XFAD3",1648,1222,"GSM4173512","WT_5XFAD3","WT_5XFAD",3,"WT","5XFAD",0.606796116504854,"9","9","9","Microglia",TRUE,"WT_5XFAD3_GCATGCGTCCAGAGGA-1"
"WT_5XFAD3",1037,832,"GSM4173512","WT_5XFAD3","WT_5XFAD",3,"WT","5XFAD",0,"9","9","9","Microglia",TRUE,"WT_5XFAD3_GCATGCGTCTCCAGGG-1"
"WT_5XFAD3",1887,1425,"GSM4173512","WT_5XFAD3","WT_5XFAD",3,"WT","5XFAD",0.0529941706412295,"9","9","9","Microglia",TRUE,"WT_5XFAD3_GCATGTACAATCTGCA-1"
"WT_5XFAD3",811,659,"GSM4173512","WT_5XFAD3","WT_5XFAD",3,"WT","5XFAD",0.123304562268804,"9","9","9","Microglia",TRUE,"WT_5XFAD3_GCATGTACAGACGCCT-1"
"WT_5XFAD3",1017,839,"GSM4173512","WT_5XFAD3","WT_5XFAD",3,"WT","5XFAD",0.589970501474926,"9","9","9","Microglia",TRUE,"WT_5XFAD3_GCATGTATCAGTTCGA-1"
"WT_5XFAD3",710,598,"GSM4173512","WT_5XFAD3","WT_5XFAD",3,"WT","5XFAD",0,"9","9","9","Microglia",TRUE,"WT_5XFAD3_GCATGTATCGCGGATC-1"
"WT_5XFAD3",1351,1023,"GSM4173512","WT_5XFAD3","WT_5XFAD",3,"WT","5XFAD",0.074019245003701,"9","9","9","Microglia",TRUE,"WT_5XFAD3_GCCAAATTCAGAGCTT-1"
"WT_5XFAD3",1579,1198,"GSM4173512","WT_5XFAD3","WT_5XFAD",3,"WT","5XFAD",0.253324889170361,"9","9","9","Microglia",TRUE,"WT_5XFAD3_GCCTCTAAGTGTACTC-1"
"WT_5XFAD3",1081,800,"GSM4173512","WT_5XFAD3","WT_5XFAD",3,"WT","5XFAD",0.462534690101758,"9","9","9","Microglia",TRUE,"WT_5XFAD3_GCCTCTAGTTATTCTC-1"
"WT_5XFAD3",1162,910,"GSM4173512","WT_5XFAD3","WT_5XFAD",3,"WT","5XFAD",0.172117039586919,"9","9","9","Microglia",TRUE,"WT_5XFAD3_GCGACCAGTTAAGACA-1"
"WT_5XFAD3",949,779,"GSM4173512","WT_5XFAD3","WT_5XFAD",3,"WT","5XFAD",0.105374077976818,"9","9","9","Microglia",TRUE,"WT_5XFAD3_GCGAGAAAGCTATGCT-1"
"WT_5XFAD3",1152,913,"GSM4173512","WT_5XFAD3","WT_5XFAD",3,"WT","5XFAD",0.173611111111111,"9","9","9","Microglia",TRUE,"WT_5XFAD3_GCGAGAAGTTATCACG-1"
"WT_5XFAD3",1074,871,"GSM4173512","WT_5XFAD3","WT_5XFAD",3,"WT","5XFAD",0.0931098696461825,"9","9","9","Microglia",TRUE,"WT_5XFAD3_GCGAGAATCCGTAGGC-1"
"WT_5XFAD3",1103,878,"GSM4173512","WT_5XFAD3","WT_5XFAD",3,"WT","5XFAD",0.181323662737987,"9","9","9","Microglia",TRUE,"WT_5XFAD3_GCGCAGTCACGGCCAT-1"
"WT_5XFAD3",651,547,"GSM4173512","WT_5XFAD3","WT_5XFAD",3,"WT","5XFAD",0.460829493087558,"9","9","9","Microglia",TRUE,"WT_5XFAD3_GCGCCAAAGTTAGCGG-1"
"WT_5XFAD3",1661,1224,"GSM4173512","WT_5XFAD3","WT_5XFAD",3,"WT","5XFAD",0.0602046959662854,"9","9","9","Microglia",TRUE,"WT_5XFAD3_GCGCCAACAGCTGTGC-1"
"WT_5XFAD3",984,801,"GSM4173512","WT_5XFAD3","WT_5XFAD",3,"WT","5XFAD",0.203252032520325,"9","9","9","Microglia",TRUE,"WT_5XFAD3_GCGCGATGTCGGGTCT-1"
"WT_5XFAD3",1774,1271,"GSM4173512","WT_5XFAD3","WT_5XFAD",3,"WT","5XFAD",0.28184892897407,"9","9","9","Microglia",TRUE,"WT_5XFAD3_GCGGGTTCAAGCTGAG-1"
"WT_5XFAD3",800,680,"GSM4173512","WT_5XFAD3","WT_5XFAD",3,"WT","5XFAD",0,"9","9","9","Microglia",TRUE,"WT_5XFAD3_GCTCCTAAGCCCAACC-1"
"WT_5XFAD3",1729,1268,"GSM4173512","WT_5XFAD3","WT_5XFAD",3,"WT","5XFAD",0.115673799884326,"9","9","9","Microglia",TRUE,"WT_5XFAD3_GCTCCTATCAGTCAGT-1"
"WT_5XFAD3",975,763,"GSM4173512","WT_5XFAD3","WT_5XFAD",3,"WT","5XFAD",0.102564102564103,"9","9","9","Microglia",TRUE,"WT_5XFAD3_GCTCTGTCACTTCGAA-1"
"WT_5XFAD3",1556,1152,"GSM4173512","WT_5XFAD3","WT_5XFAD",3,"WT","5XFAD",0,"9","9","9","Microglia",TRUE,"WT_5XFAD3_GCTGCAGAGAGCTTCT-1"
"WT_5XFAD3",1095,883,"GSM4173512","WT_5XFAD3","WT_5XFAD",3,"WT","5XFAD",0.45662100456621,"9","9","9","Microglia",TRUE,"WT_5XFAD3_GCTGCGAAGCTTTGGT-1"
"WT_5XFAD3",1576,1158,"GSM4173512","WT_5XFAD3","WT_5XFAD",3,"WT","5XFAD",0.190355329949239,"9","9","9","Microglia",TRUE,"WT_5XFAD3_GCTGCGACAACAACCT-1"
"WT_5XFAD3",990,840,"GSM4173512","WT_5XFAD3","WT_5XFAD",3,"WT","5XFAD",0.404040404040404,"9","9","9","Microglia",TRUE,"WT_5XFAD3_GCTGCGATCTTCATGT-1"
"WT_5XFAD3",1227,953,"GSM4173512","WT_5XFAD3","WT_5XFAD",3,"WT","5XFAD",0.0814995925020375,"9","9","9","Microglia",TRUE,"WT_5XFAD3_GCTGCTTAGATCCGAG-1"
"WT_5XFAD3",1551,1155,"GSM4173512","WT_5XFAD3","WT_5XFAD",3,"WT","5XFAD",0.0644745325596389,"9","9","9","Microglia",TRUE,"WT_5XFAD3_GCTGCTTAGTTACGGG-1"
"WT_5XFAD3",1097,865,"GSM4173512","WT_5XFAD3","WT_5XFAD",3,"WT","5XFAD",1.73199635369189,"9","9","9","Microglia",TRUE,"WT_5XFAD3_GCTGCTTGTTATGCGT-1"
"WT_5XFAD3",1531,1214,"GSM4173512","WT_5XFAD3","WT_5XFAD",3,"WT","5XFAD",0.195950359242325,"9","9","9","Microglia",TRUE,"WT_5XFAD3_GCTGGGTGTGAGTATA-1"
"WT_5XFAD3",849,702,"GSM4173512","WT_5XFAD3","WT_5XFAD",3,"WT","5XFAD",0.117785630153121,"9","9","9","Microglia",TRUE,"WT_5XFAD3_GCTTCCAAGATCCCAT-1"
"WT_5XFAD3",1295,1003,"GSM4173512","WT_5XFAD3","WT_5XFAD",3,"WT","5XFAD",0,"9","9","9","Microglia",TRUE,"WT_5XFAD3_GCTTCCACACCAGGCT-1"
"WT_5XFAD3",607,483,"GSM4173512","WT_5XFAD3","WT_5XFAD",3,"WT","5XFAD",0.988467874794069,"9","9","9","Microglia",TRUE,"WT_5XFAD3_GCTTCCACACCTCGTT-1"
"WT_5XFAD3",1029,838,"GSM4173512","WT_5XFAD3","WT_5XFAD",3,"WT","5XFAD",0.485908649173955,"9","9","9","Microglia",TRUE,"WT_5XFAD3_GCTTGAACATGACGGA-1"
"WT_5XFAD3",1168,923,"GSM4173512","WT_5XFAD3","WT_5XFAD",3,"WT","5XFAD",0.171232876712329,"9","9","9","Microglia",TRUE,"WT_5XFAD3_GCTTGAAGTAGCCTCG-1"
"WT_5XFAD3",1051,848,"GSM4173512","WT_5XFAD3","WT_5XFAD",3,"WT","5XFAD",0.0951474785918173,"9","9","9","Microglia",TRUE,"WT_5XFAD3_GGAACTTAGCCAGTAG-1"
"WT_5XFAD3",1107,871,"GSM4173512","WT_5XFAD3","WT_5XFAD",3,"WT","5XFAD",0,"9","9","9","Microglia",TRUE,"WT_5XFAD3_GGAACTTAGCGACGTA-1"
"WT_5XFAD3",1443,1070,"GSM4173512","WT_5XFAD3","WT_5XFAD",3,"WT","5XFAD",0.0693000693000693,"9","9","9","Microglia",TRUE,"WT_5XFAD3_GGAACTTAGTCAAGGC-1"
"WT_5XFAD3",1242,930,"GSM4173512","WT_5XFAD3","WT_5XFAD",3,"WT","5XFAD",0.0805152979066023,"9","9","9","Microglia",TRUE,"WT_5XFAD3_GGAATAATCCACGTTC-1"
"WT_5XFAD3",1287,942,"GSM4173512","WT_5XFAD3","WT_5XFAD",3,"WT","5XFAD",0.388500388500388,"9","9","9","Microglia",TRUE,"WT_5XFAD3_GGACAAGAGAAGGTGA-1"
"WT_5XFAD3",1314,1027,"GSM4173512","WT_5XFAD3","WT_5XFAD",3,"WT","5XFAD",0.076103500761035,"9","9","9","Microglia",TRUE,"WT_5XFAD3_GGACAAGTCTATCCTA-1"
"WT_5XFAD3",1420,1105,"GSM4173512","WT_5XFAD3","WT_5XFAD",3,"WT","5XFAD",0.140845070422535,"9","9","9","Microglia",TRUE,"WT_5XFAD3_GGACAGACAAGGACTG-1"
"WT_5XFAD3",1071,839,"GSM4173512","WT_5XFAD3","WT_5XFAD",3,"WT","5XFAD",0.186741363211951,"9","9","9","Microglia",TRUE,"WT_5XFAD3_GGACAGACAGAGTGTG-1"
"WT_5XFAD3",997,794,"GSM4173512","WT_5XFAD3","WT_5XFAD",3,"WT","5XFAD",0,"9","9","9","Microglia",TRUE,"WT_5XFAD3_GGACATTGTACGACCC-1"
"WT_5XFAD3",1260,956,"GSM4173512","WT_5XFAD3","WT_5XFAD",3,"WT","5XFAD",0,"9","9","9","Microglia",TRUE,"WT_5XFAD3_GGACGTCAGAAGATTC-1"
"WT_5XFAD3",743,634,"GSM4173512","WT_5XFAD3","WT_5XFAD",3,"WT","5XFAD",0,"9","9","9","Microglia",TRUE,"WT_5XFAD3_GGACGTCCACCAGCAC-1"
"WT_5XFAD3",1256,982,"GSM4173512","WT_5XFAD3","WT_5XFAD",3,"WT","5XFAD",0.238853503184713,"9","9","9","Microglia",TRUE,"WT_5XFAD3_GGACGTCCATGTTGAC-1"
"WT_5XFAD3",1142,943,"GSM4173512","WT_5XFAD3","WT_5XFAD",3,"WT","5XFAD",0,"9","9","9","Microglia",TRUE,"WT_5XFAD3_GGACGTCGTAGGGACT-1"
"WT_5XFAD3",1042,820,"GSM4173512","WT_5XFAD3","WT_5XFAD",3,"WT","5XFAD",0.479846449136276,"9","9","9","Microglia",TRUE,"WT_5XFAD3_GGAGCAAAGGATGCGT-1"
"WT_5XFAD3",975,784,"GSM4173512","WT_5XFAD3","WT_5XFAD",3,"WT","5XFAD",0.205128205128205,"9","9","9","Microglia",TRUE,"WT_5XFAD3_GGAGCAATCAATACCG-1"
"WT_5XFAD3",939,774,"GSM4173512","WT_5XFAD3","WT_5XFAD",3,"WT","5XFAD",0,"9","9","9","Microglia",TRUE,"WT_5XFAD3_GGATGTTAGATAGCAT-1"
"WT_5XFAD3",3157,2146,"GSM4173512","WT_5XFAD3","WT_5XFAD",3,"WT","5XFAD",0.190053848590434,"9","9","9","Microglia",TRUE,"WT_5XFAD3_GGATTACCACCGAATT-1"
"WT_5XFAD3",1292,1016,"GSM4173512","WT_5XFAD3","WT_5XFAD",3,"WT","5XFAD",0.0773993808049536,"9","9","9","Microglia",TRUE,"WT_5XFAD3_GGCAATTAGAGACGAA-1"
"WT_5XFAD3",1337,1037,"GSM4173512","WT_5XFAD3","WT_5XFAD",3,"WT","5XFAD",0,"9","9","9","Microglia",TRUE,"WT_5XFAD3_GGCAATTCACCAACCG-1"
"WT_5XFAD3",1188,937,"GSM4173512","WT_5XFAD3","WT_5XFAD",3,"WT","5XFAD",0.252525252525253,"9","9","9","Microglia",TRUE,"WT_5XFAD3_GGCCGATAGCAGGCTA-1"
"WT_5XFAD3",1400,1071,"GSM4173512","WT_5XFAD3","WT_5XFAD",3,"WT","5XFAD",0.0714285714285714,"9","9","9","Microglia",TRUE,"WT_5XFAD3_GGCTCGAAGGCGACAT-1"
"WT_5XFAD3",1460,1104,"GSM4173512","WT_5XFAD3","WT_5XFAD",3,"WT","5XFAD",0.342465753424658,"9","9","9","Microglia",TRUE,"WT_5XFAD3_GGCTCGACACAACTGT-1"
"WT_5XFAD3",1110,875,"GSM4173512","WT_5XFAD3","WT_5XFAD",3,"WT","5XFAD",0.27027027027027,"9","9","9","Microglia",TRUE,"WT_5XFAD3_GGCTCGACAGCTGCTG-1"
"WT_5XFAD3",1046,793,"GSM4173512","WT_5XFAD3","WT_5XFAD",3,"WT","5XFAD",0.286806883365201,"9","9","9","Microglia",TRUE,"WT_5XFAD3_GGCTCGACAGGAATCG-1"
"WT_5XFAD3",1120,919,"GSM4173512","WT_5XFAD3","WT_5XFAD",3,"WT","5XFAD",0.0892857142857143,"9","9","9","Microglia",TRUE,"WT_5XFAD3_GGCTGGTCACACAGAG-1"
"WT_5XFAD3",1023,848,"GSM4173512","WT_5XFAD3","WT_5XFAD",3,"WT","5XFAD",0.195503421309873,"9","9","9","Microglia",TRUE,"WT_5XFAD3_GGCTGGTGTGAGGCTA-1"
"WT_5XFAD3",998,813,"GSM4173512","WT_5XFAD3","WT_5XFAD",3,"WT","5XFAD",0.100200400801603,"9","9","9","Microglia",TRUE,"WT_5XFAD3_GGGAATGTCGGCGCTA-1"
"WT_5XFAD3",1116,857,"GSM4173512","WT_5XFAD3","WT_5XFAD",3,"WT","5XFAD",0,"9","9","9","Microglia",TRUE,"WT_5XFAD3_GGGACCTCACGGCCAT-1"
"WT_5XFAD3",2075,1536,"GSM4173512","WT_5XFAD3","WT_5XFAD",3,"WT","5XFAD",0.0481927710843373,"9","9","9","Microglia",TRUE,"WT_5XFAD3_GGGAGATCAAGGACTG-1"
"WT_5XFAD3",1049,832,"GSM4173512","WT_5XFAD3","WT_5XFAD",3,"WT","5XFAD",0.190657769304099,"9","9","9","Microglia",TRUE,"WT_5XFAD3_GGGAGATGTAGGGTAC-1"
"WT_5XFAD3",1235,981,"GSM4173512","WT_5XFAD3","WT_5XFAD",3,"WT","5XFAD",0.161943319838057,"9","9","9","Microglia",TRUE,"WT_5XFAD3_GGGAGATGTCATATCG-1"
"WT_5XFAD3",1155,912,"GSM4173512","WT_5XFAD3","WT_5XFAD",3,"WT","5XFAD",0,"9","9","9","Microglia",TRUE,"WT_5XFAD3_GGGAGATGTTCTGGTA-1"
"WT_5XFAD3",1409,1108,"GSM4173512","WT_5XFAD3","WT_5XFAD",3,"WT","5XFAD",0.07097232079489,"9","9","9","Microglia",TRUE,"WT_5XFAD3_GGGAGATTCCCGACTT-1"
"WT_5XFAD3",1514,1164,"GSM4173512","WT_5XFAD3","WT_5XFAD",3,"WT","5XFAD",0,"9","9","9","Microglia",TRUE,"WT_5XFAD3_GGGAGATTCTACGAGT-1"
"WT_5XFAD3",1415,1031,"GSM4173512","WT_5XFAD3","WT_5XFAD",3,"WT","5XFAD",0,"9","9","9","Microglia",TRUE,"WT_5XFAD3_GGGAGATTCTCGAGTA-1"
"WT_5XFAD3",1053,845,"GSM4173512","WT_5XFAD3","WT_5XFAD",3,"WT","5XFAD",0,"9","9","9","Microglia",TRUE,"WT_5XFAD3_GGGAGATTCTTCGGTC-1"
"WT_5XFAD3",1004,824,"GSM4173512","WT_5XFAD3","WT_5XFAD",3,"WT","5XFAD",0.298804780876494,"9","9","9","Microglia",TRUE,"WT_5XFAD3_GGGATGAAGAGTGAGA-1"
"WT_5XFAD3",1607,1265,"GSM4173512","WT_5XFAD3","WT_5XFAD",3,"WT","5XFAD",0.0622277535780958,"9","9","9","Microglia",TRUE,"WT_5XFAD3_GGGATGAGTCGCGGTT-1"
"WT_5XFAD3",1376,1054,"GSM4173512","WT_5XFAD3","WT_5XFAD",3,"WT","5XFAD",0.218023255813953,"9","9","9","Microglia",TRUE,"WT_5XFAD3_GGGATGATCCGGGTGT-1"
"WT_5XFAD3",1384,979,"GSM4173512","WT_5XFAD3","WT_5XFAD",3,"WT","5XFAD",7.36994219653179,"9","9","9","Microglia",TRUE,"WT_5XFAD3_GGGCACTAGCCACTAT-1"
"WT_5XFAD3",644,463,"GSM4173512","WT_5XFAD3","WT_5XFAD",3,"WT","5XFAD",0.93167701863354,"9","9","9","Microglia",TRUE,"WT_5XFAD3_GGGCACTCATACAGCT-1"
"WT_5XFAD3",973,804,"GSM4173512","WT_5XFAD3","WT_5XFAD",3,"WT","5XFAD",0.102774922918808,"9","9","9","Microglia",TRUE,"WT_5XFAD3_GGGCACTGTCGGCACT-1"
"WT_5XFAD3",1974,1480,"GSM4173512","WT_5XFAD3","WT_5XFAD",3,"WT","5XFAD",0.455927051671732,"9","9","9","Microglia",TRUE,"WT_5XFAD3_GGGCACTTCCGGCACA-1"
"WT_5XFAD3",1157,964,"GSM4173512","WT_5XFAD3","WT_5XFAD",3,"WT","5XFAD",0.345721694036301,"9","9","9","Microglia",TRUE,"WT_5XFAD3_GGTGAAGGTTCGTCTC-1"
"WT_5XFAD3",1187,953,"GSM4173512","WT_5XFAD3","WT_5XFAD",3,"WT","5XFAD",0.16849199663016,"9","9","9","Microglia",TRUE,"WT_5XFAD3_GGTGAAGTCTGGTTCC-1"
"WT_5XFAD3",1444,1095,"GSM4173512","WT_5XFAD3","WT_5XFAD",3,"WT","5XFAD",0.207756232686981,"9","9","9","Microglia",TRUE,"WT_5XFAD3_GGTGCGTAGGACAGAA-1"
"WT_5XFAD3",1515,1122,"GSM4173512","WT_5XFAD3","WT_5XFAD",3,"WT","5XFAD",0.066006600660066,"9","9","9","Microglia",TRUE,"WT_5XFAD3_GGTGCGTCAATGTAAG-1"
"WT_5XFAD3",1208,956,"GSM4173512","WT_5XFAD3","WT_5XFAD",3,"WT","5XFAD",0.165562913907285,"9","9","9","Microglia",TRUE,"WT_5XFAD3_GTAACGTCAAGTTGTC-1"
"WT_5XFAD3",1094,879,"GSM4173512","WT_5XFAD3","WT_5XFAD",3,"WT","5XFAD",0,"9","9","9","Microglia",TRUE,"WT_5XFAD3_GTAACTGAGAATTCCC-1"
"WT_5XFAD3",1811,1392,"GSM4173512","WT_5XFAD3","WT_5XFAD",3,"WT","5XFAD",0.110436223081171,"9","9","9","Microglia",TRUE,"WT_5XFAD3_GTAACTGTCCGTTGCT-1"
"WT_5XFAD3",1252,956,"GSM4173512","WT_5XFAD3","WT_5XFAD",3,"WT","5XFAD",7.74760383386581,"9","9","9","Microglia",TRUE,"WT_5XFAD3_GTACGTACAAGCGCTC-1"
"WT_5XFAD3",855,703,"GSM4173512","WT_5XFAD3","WT_5XFAD",3,"WT","5XFAD",0.818713450292398,"9","9","9","Microglia",TRUE,"WT_5XFAD3_GTACGTAGTGCAGGTA-1"
"WT_5XFAD3",1261,980,"GSM4173512","WT_5XFAD3","WT_5XFAD",3,"WT","5XFAD",0.63441712926249,"9","9","9","Microglia",TRUE,"WT_5XFAD3_GTACGTATCAGCTGGC-1"
"WT_5XFAD3",1204,969,"GSM4173512","WT_5XFAD3","WT_5XFAD",3,"WT","5XFAD",0,"9","9","9","Microglia",TRUE,"WT_5XFAD3_GTACTCCAGTGAACAT-1"
"WT_5XFAD3",1334,1020,"GSM4173512","WT_5XFAD3","WT_5XFAD",3,"WT","5XFAD",0.0749625187406297,"9","9","9","Microglia",TRUE,"WT_5XFAD3_GTACTCCGTCGATTGT-1"
"WT_5XFAD3",886,742,"GSM4173512","WT_5XFAD3","WT_5XFAD",3,"WT","5XFAD",0,"9","9","9","Microglia",TRUE,"WT_5XFAD3_GTACTCCTCCTGCAGG-1"
"WT_5XFAD3",1398,1073,"GSM4173512","WT_5XFAD3","WT_5XFAD",3,"WT","5XFAD",0.286123032904149,"9","9","9","Microglia",TRUE,"WT_5XFAD3_GTAGGCCCAACAACCT-1"
"WT_5XFAD3",1022,849,"GSM4173512","WT_5XFAD3","WT_5XFAD",3,"WT","5XFAD",0,"9","9","9","Microglia",TRUE,"WT_5XFAD3_GTAGTCACATCACCCT-1"
"WT_5XFAD3",1391,1036,"GSM4173512","WT_5XFAD3","WT_5XFAD",3,"WT","5XFAD",1.50970524802301,"9","9","9","Microglia",TRUE,"WT_5XFAD3_GTATCTTGTCACCTAA-1"
"WT_5XFAD3",1103,895,"GSM4173512","WT_5XFAD3","WT_5XFAD",3,"WT","5XFAD",0,"9","9","9","Microglia",TRUE,"WT_5XFAD3_GTATCTTTCTCAACTT-1"
"WT_5XFAD3",1285,1007,"GSM4173512","WT_5XFAD3","WT_5XFAD",3,"WT","5XFAD",0.155642023346304,"9","9","9","Microglia",TRUE,"WT_5XFAD3_GTCAAGTTCTGATTCT-1"
"WT_5XFAD3",1634,1205,"GSM4173512","WT_5XFAD3","WT_5XFAD",3,"WT","5XFAD",0.428396572827417,"9","9","9","Microglia",TRUE,"WT_5XFAD3_GTCACAAAGTGTCCAT-1"
"WT_5XFAD3",1139,921,"GSM4173512","WT_5XFAD3","WT_5XFAD",3,"WT","5XFAD",0.0877963125548727,"9","9","9","Microglia",TRUE,"WT_5XFAD3_GTCATTTCACAGTCGC-1"
"WT_5XFAD3",1107,908,"GSM4173512","WT_5XFAD3","WT_5XFAD",3,"WT","5XFAD",0,"9","9","9","Microglia",TRUE,"WT_5XFAD3_GTCCTCACACCAGTTA-1"
"WT_5XFAD3",1324,993,"GSM4173512","WT_5XFAD3","WT_5XFAD",3,"WT","5XFAD",0,"9","9","9","Microglia",TRUE,"WT_5XFAD3_GTCGGGTCAAACAACA-1"
"WT_5XFAD3",1218,955,"GSM4173512","WT_5XFAD3","WT_5XFAD",3,"WT","5XFAD",0.0821018062397373,"9","9","9","Microglia",TRUE,"WT_5XFAD3_GTCGGGTTCTTGAGGT-1"
"WT_5XFAD3",1236,960,"GSM4173512","WT_5XFAD3","WT_5XFAD",3,"WT","5XFAD",0,"9","9","9","Microglia",TRUE,"WT_5XFAD3_GTCGTAATCCAAACTG-1"
"WT_5XFAD3",1240,951,"GSM4173512","WT_5XFAD3","WT_5XFAD",3,"WT","5XFAD",0.241935483870968,"9","9","9","Microglia",TRUE,"WT_5XFAD3_GTCTCGTGTGAGGCTA-1"
"WT_5XFAD3",1959,1374,"GSM4173512","WT_5XFAD3","WT_5XFAD",3,"WT","5XFAD",0.153139356814701,"9","9","9","Microglia",TRUE,"WT_5XFAD3_GTCTTCGAGAGCAATT-1"
"WT_5XFAD3",1383,1119,"GSM4173512","WT_5XFAD3","WT_5XFAD",3,"WT","5XFAD",0.361532899493854,"9","9","9","Microglia",TRUE,"WT_5XFAD3_GTCTTCGCATGGTCAT-1"
"WT_5XFAD3",1194,921,"GSM4173512","WT_5XFAD3","WT_5XFAD",3,"WT","5XFAD",0.0837520938023451,"9","9","9","Microglia",TRUE,"WT_5XFAD3_GTGAAGGCACAGGTTT-1"
"WT_5XFAD3",1481,1146,"GSM4173512","WT_5XFAD3","WT_5XFAD",3,"WT","5XFAD",0.540175557056043,"9","9","9","Microglia",TRUE,"WT_5XFAD3_GTGCAGCAGATGTCGG-1"
"WT_5XFAD3",1290,993,"GSM4173512","WT_5XFAD3","WT_5XFAD",3,"WT","5XFAD",0.155038759689922,"9","9","9","Microglia",TRUE,"WT_5XFAD3_GTGCAGCAGTCGTTTG-1"
"WT_5XFAD3",792,638,"GSM4173512","WT_5XFAD3","WT_5XFAD",3,"WT","5XFAD",0.126262626262626,"9","9","9","Microglia",TRUE,"WT_5XFAD3_GTGCATAAGACTAAGT-1"
"WT_5XFAD3",1045,846,"GSM4173512","WT_5XFAD3","WT_5XFAD",3,"WT","5XFAD",0.76555023923445,"9","9","9","Microglia",TRUE,"WT_5XFAD3_GTGCATAGTTCCAACA-1"
"WT_5XFAD3",1383,1070,"GSM4173512","WT_5XFAD3","WT_5XFAD",3,"WT","5XFAD",0.289226319595083,"9","9","9","Microglia",TRUE,"WT_5XFAD3_GTGCATATCGTCTGCT-1"
"WT_5XFAD3",1775,1310,"GSM4173512","WT_5XFAD3","WT_5XFAD",3,"WT","5XFAD",0,"9","9","9","Microglia",TRUE,"WT_5XFAD3_GTGCTTCCAGATAATG-1"
"WT_5XFAD3",931,750,"GSM4173512","WT_5XFAD3","WT_5XFAD",3,"WT","5XFAD",0.107411385606874,"9","9","9","Microglia",TRUE,"WT_5XFAD3_GTGCTTCTCATGTCTT-1"
"WT_5XFAD3",715,617,"GSM4173512","WT_5XFAD3","WT_5XFAD",3,"WT","5XFAD",0.559440559440559,"9","9","9","Microglia",TRUE,"WT_5XFAD3_GTGGGTCAGATCCCAT-1"
"WT_5XFAD3",1637,1184,"GSM4173512","WT_5XFAD3","WT_5XFAD",3,"WT","5XFAD",0.0610873549175321,"9","9","9","Microglia",TRUE,"WT_5XFAD3_GTGGGTCTCGAATCCA-1"
"WT_5XFAD3",1588,1252,"GSM4173512","WT_5XFAD3","WT_5XFAD",3,"WT","5XFAD",0.0629722921914358,"9","9","9","Microglia",TRUE,"WT_5XFAD3_GTGTGCGGTAAATGAC-1"
"WT_5XFAD3",1223,990,"GSM4173512","WT_5XFAD3","WT_5XFAD",3,"WT","5XFAD",0,"9","9","9","Microglia",TRUE,"WT_5XFAD3_GTGTGCGGTTTGTTTC-1"
"WT_5XFAD3",1585,1186,"GSM4173512","WT_5XFAD3","WT_5XFAD",3,"WT","5XFAD",0.378548895899054,"9","9","9","Microglia",TRUE,"WT_5XFAD3_GTGTGCGTCAACACGT-1"
"WT_5XFAD3",1033,798,"GSM4173512","WT_5XFAD3","WT_5XFAD",3,"WT","5XFAD",0,"9","9","9","Microglia",TRUE,"WT_5XFAD3_GTGTGCGTCGGATGTT-1"
"WT_5XFAD3",1301,1007,"GSM4173512","WT_5XFAD3","WT_5XFAD",3,"WT","5XFAD",0.153727901614143,"9","9","9","Microglia",TRUE,"WT_5XFAD3_GTGTGCGTCGGCCGAT-1"
"WT_5XFAD3",785,629,"GSM4173512","WT_5XFAD3","WT_5XFAD",3,"WT","5XFAD",1.27388535031847,"9","9","9","Microglia",TRUE,"WT_5XFAD3_GTGTTAGCACGAGGTA-1"
"WT_5XFAD3",1352,1090,"GSM4173512","WT_5XFAD3","WT_5XFAD",3,"WT","5XFAD",0,"9","9","9","Microglia",TRUE,"WT_5XFAD3_GTGTTAGGTGTCGCTG-1"
"WT_5XFAD3",1229,928,"GSM4173512","WT_5XFAD3","WT_5XFAD",3,"WT","5XFAD",0.569568755085435,"9","9","9","Microglia",TRUE,"WT_5XFAD3_GTTACAGAGATAGTCA-1"
"WT_5XFAD3",1137,892,"GSM4173512","WT_5XFAD3","WT_5XFAD",3,"WT","5XFAD",0,"9","9","9","Microglia",TRUE,"WT_5XFAD3_GTTACAGCAATAGCGG-1"
"WT_5XFAD3",1332,1014,"GSM4173512","WT_5XFAD3","WT_5XFAD",3,"WT","5XFAD",0.675675675675676,"9","9","9","Microglia",TRUE,"WT_5XFAD3_GTTACAGGTGTGGTTT-1"
"WT_5XFAD3",1655,1287,"GSM4173512","WT_5XFAD3","WT_5XFAD",3,"WT","5XFAD",0.120845921450151,"9","9","9","Microglia",TRUE,"WT_5XFAD3_GTTCATTGTACTTGAC-1"
"WT_5XFAD3",659,529,"GSM4173512","WT_5XFAD3","WT_5XFAD",3,"WT","5XFAD",0.151745068285281,"9","9","9","Microglia",TRUE,"WT_5XFAD3_GTTCGGGAGGGATGGG-1"
"WT_5XFAD3",754,641,"GSM4173512","WT_5XFAD3","WT_5XFAD",3,"WT","5XFAD",0,"9","9","9","Microglia",TRUE,"WT_5XFAD3_TAAGAGAAGCTGAAAT-1"
"WT_5XFAD3",1587,1209,"GSM4173512","WT_5XFAD3","WT_5XFAD",3,"WT","5XFAD",0.441083805923125,"9","9","9","Microglia",TRUE,"WT_5XFAD3_TAAGCGTAGCTTATCG-1"
"WT_5XFAD3",1169,962,"GSM4173512","WT_5XFAD3","WT_5XFAD",3,"WT","5XFAD",0.256629597946963,"9","9","9","Microglia",TRUE,"WT_5XFAD3_TAAGCGTAGGCCCTTG-1"
"WT_5XFAD3",1171,951,"GSM4173512","WT_5XFAD3","WT_5XFAD",3,"WT","5XFAD",0,"9","9","9","Microglia",TRUE,"WT_5XFAD3_TAAGCGTTCAGCAACT-1"
"WT_5XFAD3",1023,823,"GSM4173512","WT_5XFAD3","WT_5XFAD",3,"WT","5XFAD",0.195503421309873,"9","9","9","Microglia",TRUE,"WT_5XFAD3_TAAGTGCAGCGTAATA-1"
"WT_5XFAD3",1163,892,"GSM4173512","WT_5XFAD3","WT_5XFAD",3,"WT","5XFAD",0.687876182287188,"9","9","9","Microglia",TRUE,"WT_5XFAD3_TAAGTGCAGCTACCGC-1"
"WT_5XFAD3",1849,1314,"GSM4173512","WT_5XFAD3","WT_5XFAD",3,"WT","5XFAD",0.648999459167117,"9","9","9","Microglia",TRUE,"WT_5XFAD3_TACAGTGGTTGATTGC-1"
"WT_5XFAD3",974,783,"GSM4173512","WT_5XFAD3","WT_5XFAD",3,"WT","5XFAD",0.616016427104723,"9","9","9","Microglia",TRUE,"WT_5XFAD3_TACCTATCACAGCGTC-1"
"WT_5XFAD3",1533,1115,"GSM4173512","WT_5XFAD3","WT_5XFAD",3,"WT","5XFAD",0.0652315720808871,"9","9","9","Microglia",TRUE,"WT_5XFAD3_TACCTATTCCGTTGTC-1"
"WT_5XFAD3",1343,958,"GSM4173512","WT_5XFAD3","WT_5XFAD",3,"WT","5XFAD",0.819061801935964,"9","9","9","Microglia",TRUE,"WT_5XFAD3_TACCTATTCTCCGGTT-1"
"WT_5XFAD3",802,646,"GSM4173512","WT_5XFAD3","WT_5XFAD",3,"WT","5XFAD",0.124688279301746,"9","9","9","Microglia",TRUE,"WT_5XFAD3_TACCTTATCTGGAGCC-1"
"WT_5XFAD3",1170,930,"GSM4173512","WT_5XFAD3","WT_5XFAD",3,"WT","5XFAD",0.256410256410256,"9","9","9","Microglia",TRUE,"WT_5XFAD3_TACGGGCCACGGCTAC-1"
"WT_5XFAD3",1296,980,"GSM4173512","WT_5XFAD3","WT_5XFAD",3,"WT","5XFAD",1.38888888888889,"9","9","9","Microglia",TRUE,"WT_5XFAD3_TACTCGCCAGTGGAGT-1"
"WT_5XFAD3",1538,1178,"GSM4173512","WT_5XFAD3","WT_5XFAD",3,"WT","5XFAD",0.325097529258778,"9","9","9","Microglia",TRUE,"WT_5XFAD3_TAGACCACATCCTAGA-1"
"WT_5XFAD3",997,818,"GSM4173512","WT_5XFAD3","WT_5XFAD",3,"WT","5XFAD",0.601805416248746,"9","9","9","Microglia",TRUE,"WT_5XFAD3_TAGACCAGTAACGACG-1"
"WT_5XFAD3",1478,1147,"GSM4173512","WT_5XFAD3","WT_5XFAD",3,"WT","5XFAD",0,"9","9","9","Microglia",TRUE,"WT_5XFAD3_TAGACCATCACTTATC-1"
"WT_5XFAD3",2422,1764,"GSM4173512","WT_5XFAD3","WT_5XFAD",3,"WT","5XFAD",0.0825763831544178,"9","9","9","Microglia",TRUE,"WT_5XFAD3_TAGAGCTAGAGTGAGA-1"
"WT_5XFAD3",1471,1125,"GSM4173512","WT_5XFAD3","WT_5XFAD",3,"WT","5XFAD",2.31135282121006,"9","9","9","Microglia",TRUE,"WT_5XFAD3_TAGCCGGTCCACTGGG-1"
"WT_5XFAD3",1297,956,"GSM4173512","WT_5XFAD3","WT_5XFAD",3,"WT","5XFAD",0,"9","9","9","Microglia",TRUE,"WT_5XFAD3_TAGGCATAGCTGCGAA-1"
"WT_5XFAD3",1580,1235,"GSM4173512","WT_5XFAD3","WT_5XFAD",3,"WT","5XFAD",0.506329113924051,"9","9","9","Microglia",TRUE,"WT_5XFAD3_TAGTGGTCATCTACGA-1"
"WT_5XFAD3",1569,1184,"GSM4173512","WT_5XFAD3","WT_5XFAD",3,"WT","5XFAD",0,"9","9","9","Microglia",TRUE,"WT_5XFAD3_TAGTGGTGTACCATCA-1"
"WT_5XFAD3",1634,1190,"GSM4173512","WT_5XFAD3","WT_5XFAD",3,"WT","5XFAD",0.0611995104039168,"9","9","9","Microglia",TRUE,"WT_5XFAD3_TAGTGGTGTTTACTCT-1"
"WT_5XFAD3",1471,1180,"GSM4173512","WT_5XFAD3","WT_5XFAD",3,"WT","5XFAD",0.8837525492862,"9","9","9","Microglia",TRUE,"WT_5XFAD3_TAGTGGTTCCTACAGA-1"
"WT_5XFAD3",2392,1693,"GSM4173512","WT_5XFAD3","WT_5XFAD",3,"WT","5XFAD",0.125418060200669,"9","9","9","Microglia",TRUE,"WT_5XFAD3_TAGTTGGAGTGTACGG-1"
"WT_5XFAD3",1271,1020,"GSM4173512","WT_5XFAD3","WT_5XFAD",3,"WT","5XFAD",0.1573564122738,"9","9","9","Microglia",TRUE,"WT_5XFAD3_TATCAGGAGCGCCTCA-1"
"WT_5XFAD3",1143,911,"GSM4173512","WT_5XFAD3","WT_5XFAD",3,"WT","5XFAD",0,"9","9","9","Microglia",TRUE,"WT_5XFAD3_TATCAGGTCGTACCGG-1"
"WT_5XFAD3",990,812,"GSM4173512","WT_5XFAD3","WT_5XFAD",3,"WT","5XFAD",0.202020202020202,"9","9","9","Microglia",TRUE,"WT_5XFAD3_TATCTCACAATGGACG-1"
"WT_5XFAD3",983,805,"GSM4173512","WT_5XFAD3","WT_5XFAD",3,"WT","5XFAD",0.101729399796541,"9","9","9","Microglia",TRUE,"WT_5XFAD3_TATGCCCCACCAACCG-1"
"WT_5XFAD3",2907,2055,"GSM4173512","WT_5XFAD3","WT_5XFAD",3,"WT","5XFAD",0.85999312005504,"9","9","9","Microglia",TRUE,"WT_5XFAD3_TATTACCAGAACAATC-1"
"WT_5XFAD3",2084,1593,"GSM4173512","WT_5XFAD3","WT_5XFAD",3,"WT","5XFAD",0,"9","9","9","Microglia",TRUE,"WT_5XFAD3_TATTACCAGTTAAGTG-1"
"WT_5XFAD3",1955,1377,"GSM4173512","WT_5XFAD3","WT_5XFAD",3,"WT","5XFAD",0,"9","9","9","Microglia",TRUE,"WT_5XFAD3_TATTACCGTGGTCCGT-1"
"WT_5XFAD3",1102,867,"GSM4173512","WT_5XFAD3","WT_5XFAD",3,"WT","5XFAD",0.0907441016333938,"9","9","9","Microglia",TRUE,"WT_5XFAD3_TATTACCTCGCCTGAG-1"
"WT_5XFAD3",1495,1169,"GSM4173512","WT_5XFAD3","WT_5XFAD",3,"WT","5XFAD",0.468227424749164,"9","9","9","Microglia",TRUE,"WT_5XFAD3_TCAATCTTCTCTAAGG-1"
"WT_5XFAD3",1240,978,"GSM4173512","WT_5XFAD3","WT_5XFAD",3,"WT","5XFAD",0.564516129032258,"9","9","9","Microglia",TRUE,"WT_5XFAD3_TCACAAGGTCCTCTTG-1"
"WT_5XFAD3",1382,1065,"GSM4173512","WT_5XFAD3","WT_5XFAD",3,"WT","5XFAD",0,"9","9","9","Microglia",TRUE,"WT_5XFAD3_TCACGAAAGAATGTGT-1"
"WT_5XFAD3",1568,1164,"GSM4173512","WT_5XFAD3","WT_5XFAD",3,"WT","5XFAD",0.701530612244898,"9","9","9","Microglia",TRUE,"WT_5XFAD3_TCAGATGAGTGGCACA-1"
"WT_5XFAD3",580,499,"GSM4173512","WT_5XFAD3","WT_5XFAD",3,"WT","5XFAD",0,"9","9","9","Microglia",TRUE,"WT_5XFAD3_TCAGATGCACAGCGTC-1"
"WT_5XFAD3",1587,1193,"GSM4173512","WT_5XFAD3","WT_5XFAD",3,"WT","5XFAD",0.126023944549464,"9","9","9","Microglia",TRUE,"WT_5XFAD3_TCAGATGGTATGAATG-1"
"WT_5XFAD3",1189,944,"GSM4173512","WT_5XFAD3","WT_5XFAD",3,"WT","5XFAD",0.0841042893187553,"9","9","9","Microglia",TRUE,"WT_5XFAD3_TCAGATGTCAACACAC-1"
"WT_5XFAD3",693,587,"GSM4173512","WT_5XFAD3","WT_5XFAD",3,"WT","5XFAD",1.2987012987013,"9","9","9","Microglia",TRUE,"WT_5XFAD3_TCAGATGTCTTACCGC-1"
"WT_5XFAD3",6087,3229,"GSM4173512","WT_5XFAD3","WT_5XFAD",3,"WT","5XFAD",7.01494989321505,"9","9","9","Microglia",TRUE,"WT_5XFAD3_TCAGCAATCACTTACT-1"
"WT_5XFAD3",1882,1385,"GSM4173512","WT_5XFAD3","WT_5XFAD",3,"WT","5XFAD",0.106269925611052,"9","9","9","Microglia",TRUE,"WT_5XFAD3_TCAGCTCGTATAAACG-1"
"WT_5XFAD3",1066,871,"GSM4173512","WT_5XFAD3","WT_5XFAD",3,"WT","5XFAD",0.469043151969981,"9","9","9","Microglia",TRUE,"WT_5XFAD3_TCAGGATCACTACAGT-1"
"WT_5XFAD3",1850,1348,"GSM4173512","WT_5XFAD3","WT_5XFAD",3,"WT","5XFAD",4.16216216216216,"9","9","9","Microglia",TRUE,"WT_5XFAD3_TCAGGATTCTCATTCA-1"
"WT_5XFAD3",1145,902,"GSM4173512","WT_5XFAD3","WT_5XFAD",3,"WT","5XFAD",0.524017467248908,"9","9","9","Microglia",TRUE,"WT_5XFAD3_TCAGGTAAGGAGCGTT-1"
"WT_5XFAD3",1347,1038,"GSM4173512","WT_5XFAD3","WT_5XFAD",3,"WT","5XFAD",1.03934669636229,"9","9","9","Microglia",TRUE,"WT_5XFAD3_TCAGGTATCATCACCC-1"
"WT_5XFAD3",1730,1295,"GSM4173512","WT_5XFAD3","WT_5XFAD",3,"WT","5XFAD",0,"9","9","9","Microglia",TRUE,"WT_5XFAD3_TCATTACCATTGGCGC-1"
"WT_5XFAD3",1498,1140,"GSM4173512","WT_5XFAD3","WT_5XFAD",3,"WT","5XFAD",0.600801068090788,"9","9","9","Microglia",TRUE,"WT_5XFAD3_TCATTTGCAATGACCT-1"
"WT_5XFAD3",1111,882,"GSM4173512","WT_5XFAD3","WT_5XFAD",3,"WT","5XFAD",0.09000900090009,"9","9","9","Microglia",TRUE,"WT_5XFAD3_TCCACACCATCTCGCT-1"
"WT_5XFAD3",1690,1251,"GSM4173512","WT_5XFAD3","WT_5XFAD",3,"WT","5XFAD",0.946745562130178,"9","9","9","Microglia",TRUE,"WT_5XFAD3_TCCACACTCAAACGGG-1"
"WT_5XFAD3",1863,1390,"GSM4173512","WT_5XFAD3","WT_5XFAD",3,"WT","5XFAD",0.59044551798175,"9","9","9","Microglia",TRUE,"WT_5XFAD3_TCCACACTCAGCGATT-1"
"WT_5XFAD3",1172,936,"GSM4173512","WT_5XFAD3","WT_5XFAD",3,"WT","5XFAD",0,"9","9","9","Microglia",TRUE,"WT_5XFAD3_TCCACACTCTTACCGC-1"
"WT_5XFAD3",1649,1251,"GSM4173512","WT_5XFAD3","WT_5XFAD",3,"WT","5XFAD",0.121285627653123,"9","9","9","Microglia",TRUE,"WT_5XFAD3_TCGCGAGCATGGAATA-1"
"WT_5XFAD3",1423,1117,"GSM4173512","WT_5XFAD3","WT_5XFAD",3,"WT","5XFAD",0,"9","9","9","Microglia",TRUE,"WT_5XFAD3_TCGCGAGGTCTAACGT-1"
"WT_5XFAD3",1085,853,"GSM4173512","WT_5XFAD3","WT_5XFAD",3,"WT","5XFAD",0.184331797235023,"9","9","9","Microglia",TRUE,"WT_5XFAD3_TCGCGAGGTTGTGGAG-1"
"WT_5XFAD3",1732,1287,"GSM4173512","WT_5XFAD3","WT_5XFAD",3,"WT","5XFAD",0,"9","9","9","Microglia",TRUE,"WT_5XFAD3_TCGGGACAGTAGCCGA-1"
"WT_5XFAD3",1200,932,"GSM4173512","WT_5XFAD3","WT_5XFAD",3,"WT","5XFAD",0.333333333333333,"9","9","9","Microglia",TRUE,"WT_5XFAD3_TCGGGACGTTCTGAAC-1"
"WT_5XFAD3",1381,1110,"GSM4173512","WT_5XFAD3","WT_5XFAD",3,"WT","5XFAD",0.434467776973208,"9","9","9","Microglia",TRUE,"WT_5XFAD3_TCGGTAATCACTTCAT-1"
"WT_5XFAD3",1133,914,"GSM4173512","WT_5XFAD3","WT_5XFAD",3,"WT","5XFAD",0.264783759929391,"9","9","9","Microglia",TRUE,"WT_5XFAD3_TCGGTAATCAGAAATG-1"
"WT_5XFAD3",1113,910,"GSM4173512","WT_5XFAD3","WT_5XFAD",3,"WT","5XFAD",0.269541778975741,"9","9","9","Microglia",TRUE,"WT_5XFAD3_TCGTACCGTACCATCA-1"
"WT_5XFAD3",1244,984,"GSM4173512","WT_5XFAD3","WT_5XFAD",3,"WT","5XFAD",0.160771704180064,"9","9","9","Microglia",TRUE,"WT_5XFAD3_TCGTAGAGTCAGCTAT-1"
"WT_5XFAD3",1238,989,"GSM4173512","WT_5XFAD3","WT_5XFAD",3,"WT","5XFAD",0,"9","9","9","Microglia",TRUE,"WT_5XFAD3_TCGTAGATCTTGTATC-1"
"WT_5XFAD3",1551,1176,"GSM4173512","WT_5XFAD3","WT_5XFAD",3,"WT","5XFAD",0,"9","9","9","Microglia",TRUE,"WT_5XFAD3_TCTATTGAGTTGTAGA-1"
"WT_5XFAD3",1812,1345,"GSM4173512","WT_5XFAD3","WT_5XFAD",3,"WT","5XFAD",0,"9","9","9","Microglia",TRUE,"WT_5XFAD3_TCTATTGCAAGTAGTA-1"
"WT_5XFAD3",1338,1056,"GSM4173512","WT_5XFAD3","WT_5XFAD",3,"WT","5XFAD",0.0747384155455904,"9","9","9","Microglia",TRUE,"WT_5XFAD3_TCTATTGGTGTCTGAT-1"
"WT_5XFAD3",1147,922,"GSM4173512","WT_5XFAD3","WT_5XFAD",3,"WT","5XFAD",0,"9","9","9","Microglia",TRUE,"WT_5XFAD3_TCTCATAAGGGCTTCC-1"
"WT_5XFAD3",1337,1061,"GSM4173512","WT_5XFAD3","WT_5XFAD",3,"WT","5XFAD",0.224382946896036,"9","9","9","Microglia",TRUE,"WT_5XFAD3_TCTGAGAAGAAGGTTT-1"
"WT_5XFAD3",1228,962,"GSM4173512","WT_5XFAD3","WT_5XFAD",3,"WT","5XFAD",0,"9","9","9","Microglia",TRUE,"WT_5XFAD3_TCTGGAATCACGATGT-1"
"WT_5XFAD3",1227,992,"GSM4173512","WT_5XFAD3","WT_5XFAD",3,"WT","5XFAD",4.07497962510187,"9","9","9","Microglia",TRUE,"WT_5XFAD3_TCTGGAATCGCAAGCC-1"
"WT_5XFAD3",1168,967,"GSM4173512","WT_5XFAD3","WT_5XFAD",3,"WT","5XFAD",0.0856164383561644,"9","9","9","Microglia",TRUE,"WT_5XFAD3_TCTTTCCAGATCTGAA-1"
"WT_5XFAD3",1255,995,"GSM4173512","WT_5XFAD3","WT_5XFAD",3,"WT","5XFAD",0,"9","9","9","Microglia",TRUE,"WT_5XFAD3_TGACAACCACGGTAAG-1"
"WT_5XFAD3",2368,1635,"GSM4173512","WT_5XFAD3","WT_5XFAD",3,"WT","5XFAD",0.422297297297297,"9","9","9","Microglia",TRUE,"WT_5XFAD3_TGACAACGTCGTTGTA-1"
"WT_5XFAD3",1390,1094,"GSM4173512","WT_5XFAD3","WT_5XFAD",3,"WT","5XFAD",0,"9","9","9","Microglia",TRUE,"WT_5XFAD3_TGACAACGTGATGATA-1"
"WT_5XFAD3",861,728,"GSM4173512","WT_5XFAD3","WT_5XFAD",3,"WT","5XFAD",0.464576074332172,"9","9","9","Microglia",TRUE,"WT_5XFAD3_TGACGGCAGAAACGCC-1"
"WT_5XFAD3",1436,1112,"GSM4173512","WT_5XFAD3","WT_5XFAD",3,"WT","5XFAD",0.348189415041783,"9","9","9","Microglia",TRUE,"WT_5XFAD3_TGACGGCTCGGCCGAT-1"
"WT_5XFAD3",1274,949,"GSM4173512","WT_5XFAD3","WT_5XFAD",3,"WT","5XFAD",0.0784929356357928,"9","9","9","Microglia",TRUE,"WT_5XFAD3_TGACTAGTCCTTGCCA-1"
"WT_5XFAD3",1425,1108,"GSM4173512","WT_5XFAD3","WT_5XFAD",3,"WT","5XFAD",0,"9","9","9","Microglia",TRUE,"WT_5XFAD3_TGACTAGTCTATCCCG-1"
"WT_5XFAD3",719,605,"GSM4173512","WT_5XFAD3","WT_5XFAD",3,"WT","5XFAD",0.139082058414465,"9","9","9","Microglia",TRUE,"WT_5XFAD3_TGAGAGGAGTGTTTGC-1"
"WT_5XFAD3",1487,1083,"GSM4173512","WT_5XFAD3","WT_5XFAD",3,"WT","5XFAD",0.268997982515131,"9","9","9","Microglia",TRUE,"WT_5XFAD3_TGAGAGGGTGGTTTCA-1"
"WT_5XFAD3",1294,1005,"GSM4173512","WT_5XFAD3","WT_5XFAD",3,"WT","5XFAD",0,"9","9","9","Microglia",TRUE,"WT_5XFAD3_TGAGCATAGTGTCCCG-1"
"WT_5XFAD3",1565,1180,"GSM4173512","WT_5XFAD3","WT_5XFAD",3,"WT","5XFAD",0.0638977635782748,"9","9","9","Microglia",TRUE,"WT_5XFAD3_TGAGCATGTTTAGCTG-1"
"WT_5XFAD3",1170,925,"GSM4173512","WT_5XFAD3","WT_5XFAD",3,"WT","5XFAD",0.94017094017094,"9","9","9","Microglia",TRUE,"WT_5XFAD3_TGAGGGACACGTCTCT-1"
"WT_5XFAD3",988,817,"GSM4173512","WT_5XFAD3","WT_5XFAD",3,"WT","5XFAD",0,"9","9","9","Microglia",TRUE,"WT_5XFAD3_TGATTTCTCATGCTCC-1"
"WT_5XFAD3",1579,1143,"GSM4173512","WT_5XFAD3","WT_5XFAD",3,"WT","5XFAD",0.443318556048132,"9","9","9","Microglia",TRUE,"WT_5XFAD3_TGCACCTCATCGGGTC-1"
"WT_5XFAD3",1286,986,"GSM4173512","WT_5XFAD3","WT_5XFAD",3,"WT","5XFAD",0.0777604976671851,"9","9","9","Microglia",TRUE,"WT_5XFAD3_TGCACCTGTAGGGACT-1"
"WT_5XFAD3",1621,1257,"GSM4173512","WT_5XFAD3","WT_5XFAD",3,"WT","5XFAD",0,"9","9","9","Microglia",TRUE,"WT_5XFAD3_TGCACCTGTTCGGGCT-1"
"WT_5XFAD3",1269,1000,"GSM4173512","WT_5XFAD3","WT_5XFAD",3,"WT","5XFAD",0.157604412923562,"9","9","9","Microglia",TRUE,"WT_5XFAD3_TGCCAAACAAGGTTCT-1"
"WT_5XFAD3",1316,1004,"GSM4173512","WT_5XFAD3","WT_5XFAD",3,"WT","5XFAD",0.0759878419452888,"9","9","9","Microglia",TRUE,"WT_5XFAD3_TGCCAAATCGACCAGC-1"
"WT_5XFAD3",570,417,"GSM4173512","WT_5XFAD3","WT_5XFAD",3,"WT","5XFAD",1.05263157894737,"9","9","9","Microglia",TRUE,"WT_5XFAD3_TGCCCATTCCTTGGTC-1"
"WT_5XFAD3",1790,1273,"GSM4173512","WT_5XFAD3","WT_5XFAD",3,"WT","5XFAD",0.391061452513967,"9","9","9","Microglia",TRUE,"WT_5XFAD3_TGCCCTACAGTGGAGT-1"
"WT_5XFAD3",1463,1101,"GSM4173512","WT_5XFAD3","WT_5XFAD",3,"WT","5XFAD",0,"9","9","9","Microglia",TRUE,"WT_5XFAD3_TGCCCTATCTTATCTG-1"
"WT_5XFAD3",1454,1145,"GSM4173512","WT_5XFAD3","WT_5XFAD",3,"WT","5XFAD",0.894085281980743,"9","9","9","Microglia",TRUE,"WT_5XFAD3_TGCGGGTAGACCTTTG-1"
"WT_5XFAD3",1210,849,"GSM4173512","WT_5XFAD3","WT_5XFAD",3,"WT","5XFAD",0.991735537190083,"9","9","9","Microglia",TRUE,"WT_5XFAD3_TGCGGGTAGCCCTAAT-1"
"WT_5XFAD3",1637,1288,"GSM4173512","WT_5XFAD3","WT_5XFAD",3,"WT","5XFAD",0.427611484422724,"9","9","9","Microglia",TRUE,"WT_5XFAD3_TGCGGGTCAGATGGCA-1"
"WT_5XFAD3",1519,1187,"GSM4173512","WT_5XFAD3","WT_5XFAD",3,"WT","5XFAD",0,"9","9","9","Microglia",TRUE,"WT_5XFAD3_TGCGGGTTCAGTTGAC-1"
"WT_5XFAD3",1306,1028,"GSM4173512","WT_5XFAD3","WT_5XFAD",3,"WT","5XFAD",0.229709035222052,"9","9","9","Microglia",TRUE,"WT_5XFAD3_TGCGTGGAGCGTGTCC-1"
"WT_5XFAD3",1494,1103,"GSM4173512","WT_5XFAD3","WT_5XFAD",3,"WT","5XFAD",0.468540829986613,"9","9","9","Microglia",TRUE,"WT_5XFAD3_TGCGTGGGTGTTAAGA-1"
"WT_5XFAD3",1485,1162,"GSM4173512","WT_5XFAD3","WT_5XFAD",3,"WT","5XFAD",0.134680134680135,"9","9","9","Microglia",TRUE,"WT_5XFAD3_TGCTGCTAGACCACGA-1"
"WT_5XFAD3",1654,1245,"GSM4173512","WT_5XFAD3","WT_5XFAD",3,"WT","5XFAD",0.120918984280532,"9","9","9","Microglia",TRUE,"WT_5XFAD3_TGCTGCTTCCTCTAGC-1"
"WT_5XFAD3",919,710,"GSM4173512","WT_5XFAD3","WT_5XFAD",3,"WT","5XFAD",0,"9","9","9","Microglia",TRUE,"WT_5XFAD3_TGCTGCTTCTCCCTGA-1"
"WT_5XFAD3",1107,879,"GSM4173512","WT_5XFAD3","WT_5XFAD",3,"WT","5XFAD",0.0903342366757001,"9","9","9","Microglia",TRUE,"WT_5XFAD3_TGGCCAGCAATCCGAT-1"
"WT_5XFAD3",1430,983,"GSM4173512","WT_5XFAD3","WT_5XFAD",3,"WT","5XFAD",0,"9","9","9","Microglia",TRUE,"WT_5XFAD3_TGGCGCAGTACTCAAC-1"
"WT_5XFAD3",1457,1150,"GSM4173512","WT_5XFAD3","WT_5XFAD",3,"WT","5XFAD",0,"9","9","9","Microglia",TRUE,"WT_5XFAD3_TGGCTGGAGACAAAGG-1"
"WT_5XFAD3",1892,1403,"GSM4173512","WT_5XFAD3","WT_5XFAD",3,"WT","5XFAD",0.0528541226215645,"9","9","9","Microglia",TRUE,"WT_5XFAD3_TGGCTGGAGCTGATAA-1"
"WT_5XFAD3",1524,1183,"GSM4173512","WT_5XFAD3","WT_5XFAD",3,"WT","5XFAD",0,"9","9","9","Microglia",TRUE,"WT_5XFAD3_TGGCTGGCAAATCCGT-1"
"WT_5XFAD3",1649,1242,"GSM4173512","WT_5XFAD3","WT_5XFAD",3,"WT","5XFAD",0,"9","9","9","Microglia",TRUE,"WT_5XFAD3_TGGCTGGCAGGAATGC-1"
"WT_5XFAD3",883,754,"GSM4173512","WT_5XFAD3","WT_5XFAD",3,"WT","5XFAD",0.226500566251416,"9","9","9","Microglia",TRUE,"WT_5XFAD3_TGGGCGTGTCCCTACT-1"
"WT_5XFAD3",1365,1007,"GSM4173512","WT_5XFAD3","WT_5XFAD",3,"WT","5XFAD",0.0732600732600733,"9","9","9","Microglia",TRUE,"WT_5XFAD3_TGGTTAGAGCAGGCTA-1"
"WT_5XFAD3",1737,1208,"GSM4173512","WT_5XFAD3","WT_5XFAD",3,"WT","5XFAD",0.633275762809442,"9","9","9","Microglia",TRUE,"WT_5XFAD3_TGGTTAGCAGATGGCA-1"
"WT_5XFAD3",1759,1306,"GSM4173512","WT_5XFAD3","WT_5XFAD",3,"WT","5XFAD",0.0568504832291074,"9","9","9","Microglia",TRUE,"WT_5XFAD3_TGGTTCCAGAGTTGGC-1"
"WT_5XFAD3",1684,1275,"GSM4173512","WT_5XFAD3","WT_5XFAD",3,"WT","5XFAD",0.237529691211401,"9","9","9","Microglia",TRUE,"WT_5XFAD3_TGGTTCCGTTCGTGAT-1"
"WT_5XFAD3",1689,1273,"GSM4173512","WT_5XFAD3","WT_5XFAD",3,"WT","5XFAD",0,"9","9","9","Microglia",TRUE,"WT_5XFAD3_TGGTTCCTCCAAACAC-1"
"WT_5XFAD3",1122,918,"GSM4173512","WT_5XFAD3","WT_5XFAD",3,"WT","5XFAD",0,"9","9","9","Microglia",TRUE,"WT_5XFAD3_TGGTTCCTCTGATTCT-1"
"WT_5XFAD3",1612,1212,"GSM4173512","WT_5XFAD3","WT_5XFAD",3,"WT","5XFAD",0,"9","9","9","Microglia",TRUE,"WT_5XFAD3_TGTATTCAGGCAAAGA-1"
"WT_5XFAD3",1375,1083,"GSM4173512","WT_5XFAD3","WT_5XFAD",3,"WT","5XFAD",0.363636363636364,"9","9","9","Microglia",TRUE,"WT_5XFAD3_TGTATTCCAAAGGTGC-1"
"WT_5XFAD3",829,690,"GSM4173512","WT_5XFAD3","WT_5XFAD",3,"WT","5XFAD",0.120627261761158,"9","9","9","Microglia",TRUE,"WT_5XFAD3_TGTATTCGTCCGTTAA-1"
"WT_5XFAD3",553,454,"GSM4173512","WT_5XFAD3","WT_5XFAD",3,"WT","5XFAD",0.180831826401447,"9","9","9","Microglia",TRUE,"WT_5XFAD3_TGTCCCAAGGACGAAA-1"
"WT_5XFAD3",1192,980,"GSM4173512","WT_5XFAD3","WT_5XFAD",3,"WT","5XFAD",0,"9","9","9","Microglia",TRUE,"WT_5XFAD3_TGTCCCACACTTCGAA-1"
"WT_5XFAD3",1596,1175,"GSM4173512","WT_5XFAD3","WT_5XFAD",3,"WT","5XFAD",0,"9","9","9","Microglia",TRUE,"WT_5XFAD3_TGTCCCACAGGGTACA-1"
"WT_5XFAD3",3030,2066,"GSM4173512","WT_5XFAD3","WT_5XFAD",3,"WT","5XFAD",0.165016501650165,"9","9","9","Microglia",TRUE,"WT_5XFAD3_TGTCCCAGTGATGTGG-1"
"WT_5XFAD3",1036,820,"GSM4173512","WT_5XFAD3","WT_5XFAD",3,"WT","5XFAD",0.386100386100386,"9","9","9","Microglia",TRUE,"WT_5XFAD3_TGTGGTAAGTGGACGT-1"
"WT_5XFAD3",725,609,"GSM4173512","WT_5XFAD3","WT_5XFAD",3,"WT","5XFAD",0,"9","9","9","Microglia",TRUE,"WT_5XFAD3_TGTGGTAAGTGGGATC-1"
"WT_5XFAD3",1782,1264,"GSM4173512","WT_5XFAD3","WT_5XFAD",3,"WT","5XFAD",0.168350168350168,"9","9","9","Microglia",TRUE,"WT_5XFAD3_TGTGTTTAGACCTTTG-1"
"WT_5XFAD3",1288,1015,"GSM4173512","WT_5XFAD3","WT_5XFAD",3,"WT","5XFAD",0.31055900621118,"9","9","9","Microglia",TRUE,"WT_5XFAD3_TGTGTTTAGATCACGG-1"
"WT_5XFAD3",1321,1026,"GSM4173512","WT_5XFAD3","WT_5XFAD",3,"WT","5XFAD",0,"9","9","9","Microglia",TRUE,"WT_5XFAD3_TGTGTTTGTGGTGTAG-1"
"WT_5XFAD3",1347,1003,"GSM4173512","WT_5XFAD3","WT_5XFAD",3,"WT","5XFAD",0.0742390497401633,"9","9","9","Microglia",TRUE,"WT_5XFAD3_TGTGTTTTCAACACCA-1"
"WT_5XFAD3",1579,1162,"GSM4173512","WT_5XFAD3","WT_5XFAD",3,"WT","5XFAD",0.379987333755541,"9","9","9","Microglia",TRUE,"WT_5XFAD3_TGTGTTTTCGTGACAT-1"
"WT_5XFAD3",2388,1688,"GSM4173512","WT_5XFAD3","WT_5XFAD",3,"WT","5XFAD",0,"9","9","9","Microglia",TRUE,"WT_5XFAD3_TGTGTTTTCTTTCCTC-1"
"WT_5XFAD3",1151,911,"GSM4173512","WT_5XFAD3","WT_5XFAD",3,"WT","5XFAD",0.781928757602085,"9","9","9","Microglia",TRUE,"WT_5XFAD3_TTAACTCGTGCAACGA-1"
"WT_5XFAD3",1252,1009,"GSM4173512","WT_5XFAD3","WT_5XFAD",3,"WT","5XFAD",0.159744408945687,"9","9","9","Microglia",TRUE,"WT_5XFAD3_TTAGGACAGTGAAGAG-1"
"WT_5XFAD3",1221,914,"GSM4173512","WT_5XFAD3","WT_5XFAD",3,"WT","5XFAD",0.655200655200655,"9","9","9","Microglia",TRUE,"WT_5XFAD3_TTAGGCAAGCAGGTCA-1"
"WT_5XFAD3",1383,1098,"GSM4173512","WT_5XFAD3","WT_5XFAD",3,"WT","5XFAD",0,"9","9","9","Microglia",TRUE,"WT_5XFAD3_TTAGGCACAATAGCAA-1"
"WT_5XFAD3",1377,1068,"GSM4173512","WT_5XFAD3","WT_5XFAD",3,"WT","5XFAD",0.145243282498184,"9","9","9","Microglia",TRUE,"WT_5XFAD3_TTAGTTCGTTAAAGAC-1"
"WT_5XFAD3",1106,902,"GSM4173512","WT_5XFAD3","WT_5XFAD",3,"WT","5XFAD",0.0904159132007233,"9","9","9","Microglia",TRUE,"WT_5XFAD3_TTAGTTCGTTCGCGAC-1"
"WT_5XFAD3",1004,790,"GSM4173512","WT_5XFAD3","WT_5XFAD",3,"WT","5XFAD",0,"9","9","9","Microglia",TRUE,"WT_5XFAD3_TTCCCAGGTCGAATCT-1"
"WT_5XFAD3",1326,1025,"GSM4173512","WT_5XFAD3","WT_5XFAD",3,"WT","5XFAD",0.0754147812971342,"9","9","9","Microglia",TRUE,"WT_5XFAD3_TTCCCAGTCTACTTAC-1"
"WT_5XFAD3",718,625,"GSM4173512","WT_5XFAD3","WT_5XFAD",3,"WT","5XFAD",1.81058495821727,"9","9","9","Microglia",TRUE,"WT_5XFAD3_TTCGAAGCATGAAGTA-1"
"WT_5XFAD3",1125,825,"GSM4173512","WT_5XFAD3","WT_5XFAD",3,"WT","5XFAD",0,"9","9","9","Microglia",TRUE,"WT_5XFAD3_TTCGAAGGTGTGACCC-1"
"WT_5XFAD3",1254,946,"GSM4173512","WT_5XFAD3","WT_5XFAD",3,"WT","5XFAD",0,"9","9","9","Microglia",TRUE,"WT_5XFAD3_TTCGGTCCAAACCCAT-1"
"WT_5XFAD3",1639,1267,"GSM4173512","WT_5XFAD3","WT_5XFAD",3,"WT","5XFAD",0,"9","9","9","Microglia",TRUE,"WT_5XFAD3_TTCGGTCTCCTGCCAT-1"
"WT_5XFAD3",1405,1087,"GSM4173512","WT_5XFAD3","WT_5XFAD",3,"WT","5XFAD",0.0711743772241993,"9","9","9","Microglia",TRUE,"WT_5XFAD3_TTCTACAAGTGTGAAT-1"
"WT_5XFAD3",1463,1077,"GSM4173512","WT_5XFAD3","WT_5XFAD",3,"WT","5XFAD",0,"9","9","9","Microglia",TRUE,"WT_5XFAD3_TTCTCAAAGTCAAGCG-1"
"WT_5XFAD3",1355,1049,"GSM4173512","WT_5XFAD3","WT_5XFAD",3,"WT","5XFAD",0.0738007380073801,"9","9","9","Microglia",TRUE,"WT_5XFAD3_TTCTCCTTCTTGCATT-1"
"WT_5XFAD3",1244,936,"GSM4173512","WT_5XFAD3","WT_5XFAD",3,"WT","5XFAD",0,"9","9","9","Microglia",TRUE,"WT_5XFAD3_TTCTTAGGTCCGCTGA-1"
"WT_5XFAD3",1371,1055,"GSM4173512","WT_5XFAD3","WT_5XFAD",3,"WT","5XFAD",0.0729394602479942,"9","9","9","Microglia",TRUE,"WT_5XFAD3_TTGAACGGTGATGTGG-1"
"WT_5XFAD3",800,684,"GSM4173512","WT_5XFAD3","WT_5XFAD",3,"WT","5XFAD",0.5,"9","9","9","Microglia",TRUE,"WT_5XFAD3_TTGACTTTCCCAAGTA-1"
"WT_5XFAD3",1212,982,"GSM4173512","WT_5XFAD3","WT_5XFAD",3,"WT","5XFAD",0.0825082508250825,"9","9","9","Microglia",TRUE,"WT_5XFAD3_TTGCCGTGTAAGGATT-1"
"WT_5XFAD3",1229,975,"GSM4173512","WT_5XFAD3","WT_5XFAD",3,"WT","5XFAD",0.081366965012205,"9","9","9","Microglia",TRUE,"WT_5XFAD3_TTGCGTCCACCGGAAA-1"
"WT_5XFAD3",655,547,"GSM4173512","WT_5XFAD3","WT_5XFAD",3,"WT","5XFAD",0,"9","9","9","Microglia",TRUE,"WT_5XFAD3_TTGGAACTCCTCAATT-1"
"WT_5XFAD3",1319,1054,"GSM4173512","WT_5XFAD3","WT_5XFAD",3,"WT","5XFAD",0.0758150113722517,"9","9","9","Microglia",TRUE,"WT_5XFAD3_TTGGCAAGTGTATGGG-1"
"WT_5XFAD3",806,652,"GSM4173512","WT_5XFAD3","WT_5XFAD",3,"WT","5XFAD",0,"9","9","9","Microglia",TRUE,"WT_5XFAD3_TTTACTGAGTGTACTC-1"
"WT_5XFAD3",1342,1060,"GSM4173512","WT_5XFAD3","WT_5XFAD",3,"WT","5XFAD",0,"9","9","9","Microglia",TRUE,"WT_5XFAD3_TTTACTGCAGTAAGAT-1"
"WT_5XFAD3",1069,851,"GSM4173512","WT_5XFAD3","WT_5XFAD",3,"WT","5XFAD",0,"9","9","9","Microglia",TRUE,"WT_5XFAD3_TTTATGCTCCGGCACA-1"
"WT_5XFAD3",1132,854,"GSM4173512","WT_5XFAD3","WT_5XFAD",3,"WT","5XFAD",0.265017667844523,"9","9","9","Microglia",TRUE,"WT_5XFAD3_TTTCCTCCAAGAAGAG-1"
"WT_5XFAD3",588,498,"GSM4173512","WT_5XFAD3","WT_5XFAD",3,"WT","5XFAD",0.170068027210884,"9","9","9","Microglia",TRUE,"WT_5XFAD3_TTTCCTCTCCTCAATT-1"
"WT_5XFAD3",1438,1071,"GSM4173512","WT_5XFAD3","WT_5XFAD",3,"WT","5XFAD",0,"9","9","9","Microglia",TRUE,"WT_5XFAD3_TTTGCGCTCTGGTATG-1"
"WT_5XFAD3",1592,1232,"GSM4173512","WT_5XFAD3","WT_5XFAD",3,"WT","5XFAD",0.188442211055276,"9","9","9","Microglia",TRUE,"WT_5XFAD3_TTTGTCAAGTGGAGAA-1"
"WT_5XFAD3",868,703,"GSM4173512","WT_5XFAD3","WT_5XFAD",3,"WT","5XFAD",0.460829493087558,"9","9","9","Microglia",TRUE,"WT_5XFAD3_TTTGTCACATCTCCCA-1"
"WT_5XFAD3",1149,914,"GSM4173512","WT_5XFAD3","WT_5XFAD",3,"WT","5XFAD",0,"9","9","9","Microglia",TRUE,"WT_5XFAD3_TTTGTCATCCCAGGTG-1"
"WT_5XFAD3",1138,930,"GSM4173512","WT_5XFAD3","WT_5XFAD",3,"WT","5XFAD",0.263620386643234,"9","9","9","Microglia",TRUE,"WT_5XFAD3_TTTGTCATCCGATATG-1"
"Trem2_KO_5XFAD1",1308,968,"GSM4173513","Trem2_KO_5XFAD1","Trem2_KO_5XFAD",1,"KO","5XFAD",0.0764525993883792,"9","9","9","Microglia",TRUE,"Trem2_KO_5XFAD1_AAACGGGAGGTAAACT-1"
"Trem2_KO_5XFAD1",1416,1093,"GSM4173513","Trem2_KO_5XFAD1","Trem2_KO_5XFAD",1,"KO","5XFAD",0.494350282485876,"9","9","9","Microglia",TRUE,"Trem2_KO_5XFAD1_AAAGATGAGTGAAGAG-1"
"Trem2_KO_5XFAD1",1270,1020,"GSM4173513","Trem2_KO_5XFAD1","Trem2_KO_5XFAD",1,"KO","5XFAD",0,"9","9","9","Microglia",TRUE,"Trem2_KO_5XFAD1_AAAGATGTCGTAGATC-1"
"Trem2_KO_5XFAD1",1153,907,"GSM4173513","Trem2_KO_5XFAD1","Trem2_KO_5XFAD",1,"KO","5XFAD",0.693842150910668,"9","9","9","Microglia",TRUE,"Trem2_KO_5XFAD1_AACACGTCACTTAAGC-1"
"Trem2_KO_5XFAD1",881,710,"GSM4173513","Trem2_KO_5XFAD1","Trem2_KO_5XFAD",1,"KO","5XFAD",0.227014755959137,"9","9","9","Microglia",TRUE,"Trem2_KO_5XFAD1_AACACGTGTCACCCAG-1"
"Trem2_KO_5XFAD1",2312,1627,"GSM4173513","Trem2_KO_5XFAD1","Trem2_KO_5XFAD",1,"KO","5XFAD",0,"9","9","9","Microglia",TRUE,"Trem2_KO_5XFAD1_AACCGCGAGACCGGAT-1"
"Trem2_KO_5XFAD1",1428,1103,"GSM4173513","Trem2_KO_5XFAD1","Trem2_KO_5XFAD",1,"KO","5XFAD",0.140056022408964,"9","9","9","Microglia",TRUE,"Trem2_KO_5XFAD1_AACTCTTAGAACAATC-1"
"Trem2_KO_5XFAD1",720,566,"GSM4173513","Trem2_KO_5XFAD1","Trem2_KO_5XFAD",1,"KO","5XFAD",0.555555555555556,"9","9","9","Microglia",TRUE,"Trem2_KO_5XFAD1_AACTCTTCAAACGCGA-1"
"Trem2_KO_5XFAD1",1332,1019,"GSM4173513","Trem2_KO_5XFAD1","Trem2_KO_5XFAD",1,"KO","5XFAD",0.0750750750750751,"9","9","9","Microglia",TRUE,"Trem2_KO_5XFAD1_AACTGGTCATGCCCGA-1"
"Trem2_KO_5XFAD1",1197,926,"GSM4173513","Trem2_KO_5XFAD1","Trem2_KO_5XFAD",1,"KO","5XFAD",0,"9","9","9","Microglia",TRUE,"Trem2_KO_5XFAD1_AAGCCGCAGTGCGATG-1"
"Trem2_KO_5XFAD1",1008,802,"GSM4173513","Trem2_KO_5XFAD1","Trem2_KO_5XFAD",1,"KO","5XFAD",0.496031746031746,"9","9","9","Microglia",TRUE,"Trem2_KO_5XFAD1_AAGCCGCCAAGTTCTG-1"
"Trem2_KO_5XFAD1",901,726,"GSM4173513","Trem2_KO_5XFAD1","Trem2_KO_5XFAD",1,"KO","5XFAD",0,"9","9","9","Microglia",TRUE,"Trem2_KO_5XFAD1_AAGGAGCCAAAGGCGT-1"
"Trem2_KO_5XFAD1",1289,998,"GSM4173513","Trem2_KO_5XFAD1","Trem2_KO_5XFAD",1,"KO","5XFAD",0.232738557020946,"9","9","9","Microglia",TRUE,"Trem2_KO_5XFAD1_AAGGCAGAGCTGCGAA-1"
"Trem2_KO_5XFAD1",1360,1005,"GSM4173513","Trem2_KO_5XFAD1","Trem2_KO_5XFAD",1,"KO","5XFAD",0.0735294117647059,"9","9","9","Microglia",TRUE,"Trem2_KO_5XFAD1_AAGGTTCCACGGATAG-1"
"Trem2_KO_5XFAD1",1339,1036,"GSM4173513","Trem2_KO_5XFAD1","Trem2_KO_5XFAD",1,"KO","5XFAD",0.298730395817774,"9","9","9","Microglia",TRUE,"Trem2_KO_5XFAD1_AATCCAGAGTACGATA-1"
"Trem2_KO_5XFAD1",942,766,"GSM4173513","Trem2_KO_5XFAD1","Trem2_KO_5XFAD",1,"KO","5XFAD",0.212314225053079,"9","9","9","Microglia",TRUE,"Trem2_KO_5XFAD1_AATCCAGGTCCTCCAT-1"
"Trem2_KO_5XFAD1",1371,1049,"GSM4173513","Trem2_KO_5XFAD1","Trem2_KO_5XFAD",1,"KO","5XFAD",0.0729394602479942,"9","9","9","Microglia",TRUE,"Trem2_KO_5XFAD1_AATCCAGGTGGAAAGA-1"
"Trem2_KO_5XFAD1",1492,1128,"GSM4173513","Trem2_KO_5XFAD1","Trem2_KO_5XFAD",1,"KO","5XFAD",0.0670241286863271,"9","9","9","Microglia",TRUE,"Trem2_KO_5XFAD1_ACACCAAAGGCTAGGT-1"
"Trem2_KO_5XFAD1",1570,1191,"GSM4173513","Trem2_KO_5XFAD1","Trem2_KO_5XFAD",1,"KO","5XFAD",0.382165605095541,"9","9","9","Microglia",TRUE,"Trem2_KO_5XFAD1_ACACCCTTCTGGTATG-1"
"Trem2_KO_5XFAD1",1321,1016,"GSM4173513","Trem2_KO_5XFAD1","Trem2_KO_5XFAD",1,"KO","5XFAD",0.227100681302044,"9","9","9","Microglia",TRUE,"Trem2_KO_5XFAD1_ACATACGAGTGTCCAT-1"
"Trem2_KO_5XFAD1",902,702,"GSM4173513","Trem2_KO_5XFAD1","Trem2_KO_5XFAD",1,"KO","5XFAD",0,"9","9","9","Microglia",TRUE,"Trem2_KO_5XFAD1_ACATCAGTCCAAAGTC-1"
"Trem2_KO_5XFAD1",1188,954,"GSM4173513","Trem2_KO_5XFAD1","Trem2_KO_5XFAD",1,"KO","5XFAD",0.505050505050505,"9","9","9","Microglia",TRUE,"Trem2_KO_5XFAD1_ACCAGTATCAGAGCTT-1"
"Trem2_KO_5XFAD1",1294,1011,"GSM4173513","Trem2_KO_5XFAD1","Trem2_KO_5XFAD",1,"KO","5XFAD",0.0772797527047913,"9","9","9","Microglia",TRUE,"Trem2_KO_5XFAD1_ACCTTTATCACGCATA-1"
"Trem2_KO_5XFAD1",1080,848,"GSM4173513","Trem2_KO_5XFAD1","Trem2_KO_5XFAD",1,"KO","5XFAD",1.2037037037037,"9","9","9","Microglia",TRUE,"Trem2_KO_5XFAD1_ACGAGGATCCTGCAGG-1"
"Trem2_KO_5XFAD1",1310,970,"GSM4173513","Trem2_KO_5XFAD1","Trem2_KO_5XFAD",1,"KO","5XFAD",0.381679389312977,"9","9","9","Microglia",TRUE,"Trem2_KO_5XFAD1_ACGATACAGCTAGTCT-1"
"Trem2_KO_5XFAD1",1233,976,"GSM4173513","Trem2_KO_5XFAD1","Trem2_KO_5XFAD",1,"KO","5XFAD",0,"9","9","9","Microglia",TRUE,"Trem2_KO_5XFAD1_ACGATGTCATGGAATA-1"
"Trem2_KO_5XFAD1",1050,834,"GSM4173513","Trem2_KO_5XFAD1","Trem2_KO_5XFAD",1,"KO","5XFAD",0.0952380952380952,"9","9","9","Microglia",TRUE,"Trem2_KO_5XFAD1_ACGATGTGTTGCTCCT-1"
"Trem2_KO_5XFAD1",1362,1018,"GSM4173513","Trem2_KO_5XFAD1","Trem2_KO_5XFAD",1,"KO","5XFAD",0.0734214390602056,"9","9","9","Microglia",TRUE,"Trem2_KO_5XFAD1_ACGCCAGAGTTCCACA-1"
"Trem2_KO_5XFAD1",1357,1026,"GSM4173513","Trem2_KO_5XFAD1","Trem2_KO_5XFAD",1,"KO","5XFAD",0.0736919675755343,"9","9","9","Microglia",TRUE,"Trem2_KO_5XFAD1_ACGCCAGGTCTAGGTT-1"
"Trem2_KO_5XFAD1",1249,973,"GSM4173513","Trem2_KO_5XFAD1","Trem2_KO_5XFAD",1,"KO","5XFAD",0.0800640512409928,"9","9","9","Microglia",TRUE,"Trem2_KO_5XFAD1_ACGGGTCCAATCGGTT-1"
"Trem2_KO_5XFAD1",1192,949,"GSM4173513","Trem2_KO_5XFAD1","Trem2_KO_5XFAD",1,"KO","5XFAD",0,"9","9","9","Microglia",TRUE,"Trem2_KO_5XFAD1_ACTGAACAGTTAGCGG-1"
"Trem2_KO_5XFAD1",767,624,"GSM4173513","Trem2_KO_5XFAD1","Trem2_KO_5XFAD",1,"KO","5XFAD",0.130378096479791,"9","9","9","Microglia",TRUE,"Trem2_KO_5XFAD1_ACTGAGTCAAGAAAGG-1"
"Trem2_KO_5XFAD1",1479,1146,"GSM4173513","Trem2_KO_5XFAD1","Trem2_KO_5XFAD",1,"KO","5XFAD",0.135226504394861,"9","9","9","Microglia",TRUE,"Trem2_KO_5XFAD1_ACTGATGCAGCTCGAC-1"
"Trem2_KO_5XFAD1",676,580,"GSM4173513","Trem2_KO_5XFAD1","Trem2_KO_5XFAD",1,"KO","5XFAD",0.443786982248521,"9","9","9","Microglia",TRUE,"Trem2_KO_5XFAD1_ACTGTCCGTTCCCTTG-1"
"Trem2_KO_5XFAD1",958,758,"GSM4173513","Trem2_KO_5XFAD1","Trem2_KO_5XFAD",1,"KO","5XFAD",0,"9","9","9","Microglia",TRUE,"Trem2_KO_5XFAD1_AGAGCGAGTCGAAAGC-1"
"Trem2_KO_5XFAD1",1220,940,"GSM4173513","Trem2_KO_5XFAD1","Trem2_KO_5XFAD",1,"KO","5XFAD",0.573770491803279,"9","9","9","Microglia",TRUE,"Trem2_KO_5XFAD1_AGCAGCCTCAGCTGGC-1"
"Trem2_KO_5XFAD1",1532,1196,"GSM4173513","Trem2_KO_5XFAD1","Trem2_KO_5XFAD",1,"KO","5XFAD",0.261096605744125,"9","9","9","Microglia",TRUE,"Trem2_KO_5XFAD1_AGCCTAAAGGTTACCT-1"
"Trem2_KO_5XFAD1",1185,927,"GSM4173513","Trem2_KO_5XFAD1","Trem2_KO_5XFAD",1,"KO","5XFAD",0,"9","9","9","Microglia",TRUE,"Trem2_KO_5XFAD1_AGCCTAAAGTGAAGAG-1"
"Trem2_KO_5XFAD1",967,809,"GSM4173513","Trem2_KO_5XFAD1","Trem2_KO_5XFAD",1,"KO","5XFAD",0.103412616339193,"9","9","9","Microglia",TRUE,"Trem2_KO_5XFAD1_AGCGTATCATCCCACT-1"
"Trem2_KO_5XFAD1",566,493,"GSM4173513","Trem2_KO_5XFAD1","Trem2_KO_5XFAD",1,"KO","5XFAD",0.530035335689046,"9","9","9","Microglia",TRUE,"Trem2_KO_5XFAD1_AGCGTCGCATGTCGAT-1"
"Trem2_KO_5XFAD1",2300,1610,"GSM4173513","Trem2_KO_5XFAD1","Trem2_KO_5XFAD",1,"KO","5XFAD",0.0869565217391304,"9","9","9","Microglia",TRUE,"Trem2_KO_5XFAD1_AGCTCTCGTGCGAAAC-1"
"Trem2_KO_5XFAD1",3011,2048,"GSM4173513","Trem2_KO_5XFAD1","Trem2_KO_5XFAD",1,"KO","5XFAD",0,"9","9","9","Microglia",TRUE,"Trem2_KO_5XFAD1_AGCTCTCTCACAACGT-1"
"Trem2_KO_5XFAD1",1328,1051,"GSM4173513","Trem2_KO_5XFAD1","Trem2_KO_5XFAD",1,"KO","5XFAD",0,"9","9","9","Microglia",TRUE,"Trem2_KO_5XFAD1_AGCTCTCTCTTGCATT-1"
"Trem2_KO_5XFAD1",2574,1812,"GSM4173513","Trem2_KO_5XFAD1","Trem2_KO_5XFAD",1,"KO","5XFAD",0.233100233100233,"9","9","9","Microglia",TRUE,"Trem2_KO_5XFAD1_AGCTTGAAGTTAACGA-1"
"Trem2_KO_5XFAD1",945,756,"GSM4173513","Trem2_KO_5XFAD1","Trem2_KO_5XFAD",1,"KO","5XFAD",4.55026455026455,"9","9","9","Microglia",TRUE,"Trem2_KO_5XFAD1_AGGCCACAGGTCATCT-1"
"Trem2_KO_5XFAD1",4989,2913,"GSM4173513","Trem2_KO_5XFAD1","Trem2_KO_5XFAD",1,"KO","5XFAD",0.380837843255161,"9","9","9","Microglia",TRUE,"Trem2_KO_5XFAD1_AGGCCGTTCGCGCCAA-1"
"Trem2_KO_5XFAD1",1031,818,"GSM4173513","Trem2_KO_5XFAD1","Trem2_KO_5XFAD",1,"KO","5XFAD",0.0969932104752667,"9","9","9","Microglia",TRUE,"Trem2_KO_5XFAD1_AGGGAGTTCGGCGCTA-1"
"Trem2_KO_5XFAD1",841,696,"GSM4173513","Trem2_KO_5XFAD1","Trem2_KO_5XFAD",1,"KO","5XFAD",0.237812128418549,"9","9","9","Microglia",TRUE,"Trem2_KO_5XFAD1_AGGGATGCACGGCCAT-1"
"Trem2_KO_5XFAD1",993,810,"GSM4173513","Trem2_KO_5XFAD1","Trem2_KO_5XFAD",1,"KO","5XFAD",0,"9","9","9","Microglia",TRUE,"Trem2_KO_5XFAD1_AGGTCATCAATGCCAT-1"
"Trem2_KO_5XFAD1",2611,1829,"GSM4173513","Trem2_KO_5XFAD1","Trem2_KO_5XFAD",1,"KO","5XFAD",0.229797012638836,"9","9","9","Microglia",TRUE,"Trem2_KO_5XFAD1_AGTGTCATCATAGCAC-1"
"Trem2_KO_5XFAD1",1569,1159,"GSM4173513","Trem2_KO_5XFAD1","Trem2_KO_5XFAD",1,"KO","5XFAD",0,"9","9","9","Microglia",TRUE,"Trem2_KO_5XFAD1_AGTTGGTCAAGACGTG-1"
"Trem2_KO_5XFAD1",2787,1921,"GSM4173513","Trem2_KO_5XFAD1","Trem2_KO_5XFAD",1,"KO","5XFAD",0.251166128453534,"9","9","9","Microglia",TRUE,"Trem2_KO_5XFAD1_AGTTGGTCAATGTAAG-1"
"Trem2_KO_5XFAD1",1246,1011,"GSM4173513","Trem2_KO_5XFAD1","Trem2_KO_5XFAD",1,"KO","5XFAD",0.481540930979133,"9","9","9","Microglia",TRUE,"Trem2_KO_5XFAD1_AGTTGGTGTAACGTTC-1"
"Trem2_KO_5XFAD1",786,643,"GSM4173513","Trem2_KO_5XFAD1","Trem2_KO_5XFAD",1,"KO","5XFAD",0,"9","9","9","Microglia",TRUE,"Trem2_KO_5XFAD1_ATAACGCTCACTATTC-1"
"Trem2_KO_5XFAD1",1484,1125,"GSM4173513","Trem2_KO_5XFAD1","Trem2_KO_5XFAD",1,"KO","5XFAD",0,"9","9","9","Microglia",TRUE,"Trem2_KO_5XFAD1_ATCATCTTCATTGCGA-1"
"Trem2_KO_5XFAD1",1377,1085,"GSM4173513","Trem2_KO_5XFAD1","Trem2_KO_5XFAD",1,"KO","5XFAD",0.145243282498184,"9","9","9","Microglia",TRUE,"Trem2_KO_5XFAD1_ATCGAGTAGCGTTTAC-1"
"Trem2_KO_5XFAD1",1274,999,"GSM4173513","Trem2_KO_5XFAD1","Trem2_KO_5XFAD",1,"KO","5XFAD",0,"9","9","9","Microglia",TRUE,"Trem2_KO_5XFAD1_ATCTACTAGGAATCGC-1"
"Trem2_KO_5XFAD1",1025,803,"GSM4173513","Trem2_KO_5XFAD1","Trem2_KO_5XFAD",1,"KO","5XFAD",0.195121951219512,"9","9","9","Microglia",TRUE,"Trem2_KO_5XFAD1_ATGAGGGTCACATACG-1"
"Trem2_KO_5XFAD1",1242,953,"GSM4173513","Trem2_KO_5XFAD1","Trem2_KO_5XFAD",1,"KO","5XFAD",0.241545893719807,"9","9","9","Microglia",TRUE,"Trem2_KO_5XFAD1_ATGCGATGTCTTCTCG-1"
"Trem2_KO_5XFAD1",2859,1959,"GSM4173513","Trem2_KO_5XFAD1","Trem2_KO_5XFAD",1,"KO","5XFAD",0.0349772647778944,"9","9","9","Microglia",TRUE,"Trem2_KO_5XFAD1_ATGTGTGGTTGAGGTG-1"
"Trem2_KO_5XFAD1",1640,1254,"GSM4173513","Trem2_KO_5XFAD1","Trem2_KO_5XFAD",1,"KO","5XFAD",0.121951219512195,"9","9","9","Microglia",TRUE,"Trem2_KO_5XFAD1_ATTCTACTCAGTACGT-1"
"Trem2_KO_5XFAD1",1044,812,"GSM4173513","Trem2_KO_5XFAD1","Trem2_KO_5XFAD",1,"KO","5XFAD",0.0957854406130268,"9","9","9","Microglia",TRUE,"Trem2_KO_5XFAD1_ATTTCTGGTGTGCGTC-1"
"Trem2_KO_5XFAD1",3138,2059,"GSM4173513","Trem2_KO_5XFAD1","Trem2_KO_5XFAD",1,"KO","5XFAD",0.0318674314850223,"9","9","9","Microglia",TRUE,"Trem2_KO_5XFAD1_CACAAACTCCTCAACC-1"
"Trem2_KO_5XFAD1",1393,1066,"GSM4173513","Trem2_KO_5XFAD1","Trem2_KO_5XFAD",1,"KO","5XFAD",0.50251256281407,"9","9","9","Microglia",TRUE,"Trem2_KO_5XFAD1_CACAAACTCGCGCCAA-1"
"Trem2_KO_5XFAD1",1394,1081,"GSM4173513","Trem2_KO_5XFAD1","Trem2_KO_5XFAD",1,"KO","5XFAD",0.143472022955524,"9","9","9","Microglia",TRUE,"Trem2_KO_5XFAD1_CACAGTAGTGCCTTGG-1"
"Trem2_KO_5XFAD1",1345,1071,"GSM4173513","Trem2_KO_5XFAD1","Trem2_KO_5XFAD",1,"KO","5XFAD",1.2639405204461,"9","9","9","Microglia",TRUE,"Trem2_KO_5XFAD1_CACATTTCATGCTGGC-1"
"Trem2_KO_5XFAD1",1377,1063,"GSM4173513","Trem2_KO_5XFAD1","Trem2_KO_5XFAD",1,"KO","5XFAD",0,"9","9","9","Microglia",TRUE,"Trem2_KO_5XFAD1_CACCTTGGTGACGCCT-1"
"Trem2_KO_5XFAD1",1318,1000,"GSM4173513","Trem2_KO_5XFAD1","Trem2_KO_5XFAD",1,"KO","5XFAD",0.986342943854325,"9","9","9","Microglia",TRUE,"Trem2_KO_5XFAD1_CAGATCAGTAGGGACT-1"
"Trem2_KO_5XFAD1",1805,1310,"GSM4173513","Trem2_KO_5XFAD1","Trem2_KO_5XFAD",1,"KO","5XFAD",0.0554016620498615,"9","9","9","Microglia",TRUE,"Trem2_KO_5XFAD1_CAGATCATCTTGCAAG-1"
"Trem2_KO_5XFAD1",1500,1136,"GSM4173513","Trem2_KO_5XFAD1","Trem2_KO_5XFAD",1,"KO","5XFAD",1.8,"9","9","9","Microglia",TRUE,"Trem2_KO_5XFAD1_CAGCATAGTCGGCATC-1"
"Trem2_KO_5XFAD1",1045,842,"GSM4173513","Trem2_KO_5XFAD1","Trem2_KO_5XFAD",1,"KO","5XFAD",0.191387559808612,"9","9","9","Microglia",TRUE,"Trem2_KO_5XFAD1_CAGCATATCTCCGGTT-1"
"Trem2_KO_5XFAD1",867,727,"GSM4173513","Trem2_KO_5XFAD1","Trem2_KO_5XFAD",1,"KO","5XFAD",0,"9","9","9","Microglia",TRUE,"Trem2_KO_5XFAD1_CAGCCGAGTACAAGTA-1"
"Trem2_KO_5XFAD1",1724,1326,"GSM4173513","Trem2_KO_5XFAD1","Trem2_KO_5XFAD",1,"KO","5XFAD",0.174013921113689,"9","9","9","Microglia",TRUE,"Trem2_KO_5XFAD1_CAGGTGCAGTGGTAAT-1"
"Trem2_KO_5XFAD1",1245,971,"GSM4173513","Trem2_KO_5XFAD1","Trem2_KO_5XFAD",1,"KO","5XFAD",0.240963855421687,"9","9","9","Microglia",TRUE,"Trem2_KO_5XFAD1_CAGGTGCCAGATCTGT-1"
"Trem2_KO_5XFAD1",1186,903,"GSM4173513","Trem2_KO_5XFAD1","Trem2_KO_5XFAD",1,"KO","5XFAD",0.0843170320404722,"9","9","9","Microglia",TRUE,"Trem2_KO_5XFAD1_CAGGTGCCAGGTCGTC-1"
"Trem2_KO_5XFAD1",1380,1101,"GSM4173513","Trem2_KO_5XFAD1","Trem2_KO_5XFAD",1,"KO","5XFAD",0.144927536231884,"9","9","9","Microglia",TRUE,"Trem2_KO_5XFAD1_CATCAAGAGGAGTTGC-1"
"Trem2_KO_5XFAD1",1213,970,"GSM4173513","Trem2_KO_5XFAD1","Trem2_KO_5XFAD",1,"KO","5XFAD",1.89612530915087,"9","9","9","Microglia",TRUE,"Trem2_KO_5XFAD1_CATCCACCAAGCCATT-1"
"Trem2_KO_5XFAD1",760,650,"GSM4173513","Trem2_KO_5XFAD1","Trem2_KO_5XFAD",1,"KO","5XFAD",0,"9","9","9","Microglia",TRUE,"Trem2_KO_5XFAD1_CATCGGGCACATTAGC-1"
"Trem2_KO_5XFAD1",1191,936,"GSM4173513","Trem2_KO_5XFAD1","Trem2_KO_5XFAD",1,"KO","5XFAD",0.503778337531486,"9","9","9","Microglia",TRUE,"Trem2_KO_5XFAD1_CATGGCGGTCATGCAT-1"
"Trem2_KO_5XFAD1",1022,820,"GSM4173513","Trem2_KO_5XFAD1","Trem2_KO_5XFAD",1,"KO","5XFAD",0.195694716242661,"9","9","9","Microglia",TRUE,"Trem2_KO_5XFAD1_CCAATCCGTCTCATCC-1"
"Trem2_KO_5XFAD1",1406,1080,"GSM4173513","Trem2_KO_5XFAD1","Trem2_KO_5XFAD",1,"KO","5XFAD",0,"9","9","9","Microglia",TRUE,"Trem2_KO_5XFAD1_CCACCTAGTAGGACAC-1"
"Trem2_KO_5XFAD1",1491,1115,"GSM4173513","Trem2_KO_5XFAD1","Trem2_KO_5XFAD",1,"KO","5XFAD",0.0670690811535882,"9","9","9","Microglia",TRUE,"Trem2_KO_5XFAD1_CCACGGACAGTCGATT-1"
"Trem2_KO_5XFAD1",1289,1025,"GSM4173513","Trem2_KO_5XFAD1","Trem2_KO_5XFAD",1,"KO","5XFAD",1.08611326609775,"9","9","9","Microglia",TRUE,"Trem2_KO_5XFAD1_CCAGCGAAGCGTCAAG-1"
"Trem2_KO_5XFAD1",1358,1053,"GSM4173513","Trem2_KO_5XFAD1","Trem2_KO_5XFAD",1,"KO","5XFAD",0.220913107511046,"9","9","9","Microglia",TRUE,"Trem2_KO_5XFAD1_CCCAGTTGTGGTCCGT-1"
"Trem2_KO_5XFAD1",1533,1163,"GSM4173513","Trem2_KO_5XFAD1","Trem2_KO_5XFAD",1,"KO","5XFAD",0.260926288323549,"9","9","9","Microglia",TRUE,"Trem2_KO_5XFAD1_CCGTACTAGCGCCTTG-1"
"Trem2_KO_5XFAD1",981,807,"GSM4173513","Trem2_KO_5XFAD1","Trem2_KO_5XFAD",1,"KO","5XFAD",1.22324159021407,"9","9","9","Microglia",TRUE,"Trem2_KO_5XFAD1_CCTAAAGTCTTTAGGG-1"
"Trem2_KO_5XFAD1",1215,943,"GSM4173513","Trem2_KO_5XFAD1","Trem2_KO_5XFAD",1,"KO","5XFAD",0.823045267489712,"9","9","9","Microglia",TRUE,"Trem2_KO_5XFAD1_CCTACCAGTCCAGTTA-1"
"Trem2_KO_5XFAD1",1671,1204,"GSM4173513","Trem2_KO_5XFAD1","Trem2_KO_5XFAD",1,"KO","5XFAD",0.239377618192699,"9","9","9","Microglia",TRUE,"Trem2_KO_5XFAD1_CCTAGCTAGTACGCCC-1"
"Trem2_KO_5XFAD1",1086,870,"GSM4173513","Trem2_KO_5XFAD1","Trem2_KO_5XFAD",1,"KO","5XFAD",0,"9","9","9","Microglia",TRUE,"Trem2_KO_5XFAD1_CCTATTATCTTCTGGC-1"
"Trem2_KO_5XFAD1",1443,1028,"GSM4173513","Trem2_KO_5XFAD1","Trem2_KO_5XFAD",1,"KO","5XFAD",7.48440748440748,"9","9","9","Microglia",TRUE,"Trem2_KO_5XFAD1_CCTCAGTGTTCCGGCA-1"
"Trem2_KO_5XFAD1",1122,906,"GSM4173513","Trem2_KO_5XFAD1","Trem2_KO_5XFAD",1,"KO","5XFAD",0.089126559714795,"9","9","9","Microglia",TRUE,"Trem2_KO_5XFAD1_CCTTACGGTTCAGCGC-1"
"Trem2_KO_5XFAD1",1317,1013,"GSM4173513","Trem2_KO_5XFAD1","Trem2_KO_5XFAD",1,"KO","5XFAD",0,"9","9","9","Microglia",TRUE,"Trem2_KO_5XFAD1_CCTTTCTGTACCGGCT-1"
"Trem2_KO_5XFAD1",1209,937,"GSM4173513","Trem2_KO_5XFAD1","Trem2_KO_5XFAD",1,"KO","5XFAD",0.0827129859387924,"9","9","9","Microglia",TRUE,"Trem2_KO_5XFAD1_CGAACATCAGATTGCT-1"
"Trem2_KO_5XFAD1",1290,1001,"GSM4173513","Trem2_KO_5XFAD1","Trem2_KO_5XFAD",1,"KO","5XFAD",0,"9","9","9","Microglia",TRUE,"Trem2_KO_5XFAD1_CGAATGTCATGCCTAA-1"
"Trem2_KO_5XFAD1",1033,843,"GSM4173513","Trem2_KO_5XFAD1","Trem2_KO_5XFAD",1,"KO","5XFAD",0,"9","9","9","Microglia",TRUE,"Trem2_KO_5XFAD1_CGACTTCTCCTTGCCA-1"
"Trem2_KO_5XFAD1",1464,1126,"GSM4173513","Trem2_KO_5XFAD1","Trem2_KO_5XFAD",1,"KO","5XFAD",0.136612021857924,"9","9","9","Microglia",TRUE,"Trem2_KO_5XFAD1_CGCGGTATCAGTACGT-1"
"Trem2_KO_5XFAD1",1076,868,"GSM4173513","Trem2_KO_5XFAD1","Trem2_KO_5XFAD",1,"KO","5XFAD",0.278810408921933,"9","9","9","Microglia",TRUE,"Trem2_KO_5XFAD1_CGCGTTTGTGGTACAG-1"
"Trem2_KO_5XFAD1",1481,1140,"GSM4173513","Trem2_KO_5XFAD1","Trem2_KO_5XFAD",1,"KO","5XFAD",0.202565833896016,"9","9","9","Microglia",TRUE,"Trem2_KO_5XFAD1_CGCTGGAGTCTTTCAT-1"
"Trem2_KO_5XFAD1",1397,1074,"GSM4173513","Trem2_KO_5XFAD1","Trem2_KO_5XFAD",1,"KO","5XFAD",0.214745884037223,"9","9","9","Microglia",TRUE,"Trem2_KO_5XFAD1_CGGAGCTTCTGCGACG-1"
"Trem2_KO_5XFAD1",968,775,"GSM4173513","Trem2_KO_5XFAD1","Trem2_KO_5XFAD",1,"KO","5XFAD",0.206611570247934,"9","9","9","Microglia",TRUE,"Trem2_KO_5XFAD1_CGGAGTCGTTCCCGAG-1"
"Trem2_KO_5XFAD1",1317,1040,"GSM4173513","Trem2_KO_5XFAD1","Trem2_KO_5XFAD",1,"KO","5XFAD",0.303720577069096,"9","9","9","Microglia",TRUE,"Trem2_KO_5XFAD1_CGGGTCAAGGCATGTG-1"
"Trem2_KO_5XFAD1",894,737,"GSM4173513","Trem2_KO_5XFAD1","Trem2_KO_5XFAD",1,"KO","5XFAD",0,"9","9","9","Microglia",TRUE,"Trem2_KO_5XFAD1_CGTGAGCGTCAACTGT-1"
"Trem2_KO_5XFAD1",1436,1109,"GSM4173513","Trem2_KO_5XFAD1","Trem2_KO_5XFAD",1,"KO","5XFAD",0.139275766016713,"9","9","9","Microglia",TRUE,"Trem2_KO_5XFAD1_CGTTAGAAGTGAACGC-1"
"Trem2_KO_5XFAD1",2068,1478,"GSM4173513","Trem2_KO_5XFAD1","Trem2_KO_5XFAD",1,"KO","5XFAD",0.338491295938104,"9","9","9","Microglia",TRUE,"Trem2_KO_5XFAD1_CGTTCTGTCTGTACGA-1"
"Trem2_KO_5XFAD1",1210,922,"GSM4173513","Trem2_KO_5XFAD1","Trem2_KO_5XFAD",1,"KO","5XFAD",0.495867768595041,"9","9","9","Microglia",TRUE,"Trem2_KO_5XFAD1_CTAAGACAGCGATAGC-1"
"Trem2_KO_5XFAD1",1457,1143,"GSM4173513","Trem2_KO_5XFAD1","Trem2_KO_5XFAD",1,"KO","5XFAD",0.274536719286205,"9","9","9","Microglia",TRUE,"Trem2_KO_5XFAD1_CTACATTTCGATGAGG-1"
"Trem2_KO_5XFAD1",565,415,"GSM4173513","Trem2_KO_5XFAD1","Trem2_KO_5XFAD",1,"KO","5XFAD",1.23893805309735,"9","9","9","Microglia",TRUE,"Trem2_KO_5XFAD1_CTACGTCCAAGTAGTA-1"
"Trem2_KO_5XFAD1",1029,832,"GSM4173513","Trem2_KO_5XFAD1","Trem2_KO_5XFAD",1,"KO","5XFAD",0.388726919339164,"9","9","9","Microglia",TRUE,"Trem2_KO_5XFAD1_CTAGAGTAGCTAACTC-1"
"Trem2_KO_5XFAD1",1284,1003,"GSM4173513","Trem2_KO_5XFAD1","Trem2_KO_5XFAD",1,"KO","5XFAD",0,"9","9","9","Microglia",TRUE,"Trem2_KO_5XFAD1_CTAGAGTGTATAGGTA-1"
"Trem2_KO_5XFAD1",1331,1017,"GSM4173513","Trem2_KO_5XFAD1","Trem2_KO_5XFAD",1,"KO","5XFAD",0.300525920360631,"9","9","9","Microglia",TRUE,"Trem2_KO_5XFAD1_CTAGCCTCAGATTGCT-1"
"Trem2_KO_5XFAD1",858,709,"GSM4173513","Trem2_KO_5XFAD1","Trem2_KO_5XFAD",1,"KO","5XFAD",0.815850815850816,"9","9","9","Microglia",TRUE,"Trem2_KO_5XFAD1_CTCATTAGTACTTAGC-1"
"Trem2_KO_5XFAD1",1269,978,"GSM4173513","Trem2_KO_5XFAD1","Trem2_KO_5XFAD",1,"KO","5XFAD",0,"9","9","9","Microglia",TRUE,"Trem2_KO_5XFAD1_CTCTGGTAGGAATCGC-1"
"Trem2_KO_5XFAD1",2610,1834,"GSM4173513","Trem2_KO_5XFAD1","Trem2_KO_5XFAD",1,"KO","5XFAD",0.0766283524904215,"9","9","9","Microglia",TRUE,"Trem2_KO_5XFAD1_CTGATAGAGTACGATA-1"
"Trem2_KO_5XFAD1",1206,945,"GSM4173513","Trem2_KO_5XFAD1","Trem2_KO_5XFAD",1,"KO","5XFAD",0,"9","9","9","Microglia",TRUE,"Trem2_KO_5XFAD1_CTGCCTAAGCGATATA-1"
"Trem2_KO_5XFAD1",1242,973,"GSM4173513","Trem2_KO_5XFAD1","Trem2_KO_5XFAD",1,"KO","5XFAD",0.161030595813205,"9","9","9","Microglia",TRUE,"Trem2_KO_5XFAD1_CTGTGCTGTCCTCCAT-1"
"Trem2_KO_5XFAD1",917,750,"GSM4173513","Trem2_KO_5XFAD1","Trem2_KO_5XFAD",1,"KO","5XFAD",0.109051254089422,"9","9","9","Microglia",TRUE,"Trem2_KO_5XFAD1_CTTAACTTCACTATTC-1"
"Trem2_KO_5XFAD1",1007,808,"GSM4173513","Trem2_KO_5XFAD1","Trem2_KO_5XFAD",1,"KO","5XFAD",0,"9","9","9","Microglia",TRUE,"Trem2_KO_5XFAD1_CTTCTCTTCCATGCTC-1"
"Trem2_KO_5XFAD1",1869,1300,"GSM4173513","Trem2_KO_5XFAD1","Trem2_KO_5XFAD",1,"KO","5XFAD",1.07009095773141,"9","9","9","Microglia",TRUE,"Trem2_KO_5XFAD1_GAAACTCGTCTGGTCG-1"
"Trem2_KO_5XFAD1",1244,992,"GSM4173513","Trem2_KO_5XFAD1","Trem2_KO_5XFAD",1,"KO","5XFAD",0.0803858520900322,"9","9","9","Microglia",TRUE,"Trem2_KO_5XFAD1_GAACCTATCCGTCATC-1"
"Trem2_KO_5XFAD1",939,751,"GSM4173513","Trem2_KO_5XFAD1","Trem2_KO_5XFAD",1,"KO","5XFAD",0.106496272630458,"9","9","9","Microglia",TRUE,"Trem2_KO_5XFAD1_GAACGGACAAGCCCAC-1"
"Trem2_KO_5XFAD1",1291,1001,"GSM4173513","Trem2_KO_5XFAD1","Trem2_KO_5XFAD",1,"KO","5XFAD",0.154918667699458,"9","9","9","Microglia",TRUE,"Trem2_KO_5XFAD1_GACACGCCAGAAGCAC-1"
"Trem2_KO_5XFAD1",1218,1004,"GSM4173513","Trem2_KO_5XFAD1","Trem2_KO_5XFAD",1,"KO","5XFAD",0.0821018062397373,"9","9","9","Microglia",TRUE,"Trem2_KO_5XFAD1_GACACGCGTCGCGAAA-1"
"Trem2_KO_5XFAD1",2101,1513,"GSM4173513","Trem2_KO_5XFAD1","Trem2_KO_5XFAD",1,"KO","5XFAD",0.0475963826749167,"9","9","9","Microglia",TRUE,"Trem2_KO_5XFAD1_GACACGCTCAACGAAA-1"
"Trem2_KO_5XFAD1",986,784,"GSM4173513","Trem2_KO_5XFAD1","Trem2_KO_5XFAD",1,"KO","5XFAD",0.405679513184584,"9","9","9","Microglia",TRUE,"Trem2_KO_5XFAD1_GACAGAGTCGTCTGCT-1"
"Trem2_KO_5XFAD1",923,751,"GSM4173513","Trem2_KO_5XFAD1","Trem2_KO_5XFAD",1,"KO","5XFAD",0.433369447453954,"9","9","9","Microglia",TRUE,"Trem2_KO_5XFAD1_GACGCGTGTACCGGCT-1"
"Trem2_KO_5XFAD1",1628,1236,"GSM4173513","Trem2_KO_5XFAD1","Trem2_KO_5XFAD",1,"KO","5XFAD",0.307125307125307,"9","9","9","Microglia",TRUE,"Trem2_KO_5XFAD1_GACGTTACACAAGTAA-1"
"Trem2_KO_5XFAD1",1231,981,"GSM4173513","Trem2_KO_5XFAD1","Trem2_KO_5XFAD",1,"KO","5XFAD",0,"9","9","9","Microglia",TRUE,"Trem2_KO_5XFAD1_GACTACACAATCTACG-1"
"Trem2_KO_5XFAD1",549,481,"GSM4173513","Trem2_KO_5XFAD1","Trem2_KO_5XFAD",1,"KO","5XFAD",0.182149362477231,"9","9","9","Microglia",TRUE,"Trem2_KO_5XFAD1_GATCGCGTCGGGAGTA-1"
"Trem2_KO_5XFAD1",2577,1811,"GSM4173513","Trem2_KO_5XFAD1","Trem2_KO_5XFAD",1,"KO","5XFAD",0.0776096235933256,"9","9","9","Microglia",TRUE,"Trem2_KO_5XFAD1_GATCGTATCTGCGACG-1"
"Trem2_KO_5XFAD1",1085,835,"GSM4173513","Trem2_KO_5XFAD1","Trem2_KO_5XFAD",1,"KO","5XFAD",7.09677419354839,"9","9","9","Microglia",TRUE,"Trem2_KO_5XFAD1_GATGAAACAAGTAGTA-1"
"Trem2_KO_5XFAD1",1243,988,"GSM4173513","Trem2_KO_5XFAD1","Trem2_KO_5XFAD",1,"KO","5XFAD",0.080450522928399,"9","9","9","Microglia",TRUE,"Trem2_KO_5XFAD1_GATGCTATCGAACGGA-1"
"Trem2_KO_5XFAD1",935,761,"GSM4173513","Trem2_KO_5XFAD1","Trem2_KO_5XFAD",1,"KO","5XFAD",0.106951871657754,"9","9","9","Microglia",TRUE,"Trem2_KO_5XFAD1_GCAAACTCAGCGATCC-1"
"Trem2_KO_5XFAD1",2644,1748,"GSM4173513","Trem2_KO_5XFAD1","Trem2_KO_5XFAD",1,"KO","5XFAD",0.491679273827534,"9","9","9","Microglia",TRUE,"Trem2_KO_5XFAD1_GCAATCAGTAATCACC-1"
"Trem2_KO_5XFAD1",1513,1154,"GSM4173513","Trem2_KO_5XFAD1","Trem2_KO_5XFAD",1,"KO","5XFAD",1.38797091870456,"9","9","9","Microglia",TRUE,"Trem2_KO_5XFAD1_GCACATAAGTACGACG-1"
"Trem2_KO_5XFAD1",984,779,"GSM4173513","Trem2_KO_5XFAD1","Trem2_KO_5XFAD",1,"KO","5XFAD",0,"9","9","9","Microglia",TRUE,"Trem2_KO_5XFAD1_GCACTCTGTCCCTACT-1"
"Trem2_KO_5XFAD1",1272,1008,"GSM4173513","Trem2_KO_5XFAD1","Trem2_KO_5XFAD",1,"KO","5XFAD",0.157232704402516,"9","9","9","Microglia",TRUE,"Trem2_KO_5XFAD1_GCACTCTGTCTTCAAG-1"
"Trem2_KO_5XFAD1",1076,863,"GSM4173513","Trem2_KO_5XFAD1","Trem2_KO_5XFAD",1,"KO","5XFAD",3.3457249070632,"9","9","9","Microglia",TRUE,"Trem2_KO_5XFAD1_GCAGTTAGTCCCGACA-1"
"Trem2_KO_5XFAD1",1402,1103,"GSM4173513","Trem2_KO_5XFAD1","Trem2_KO_5XFAD",1,"KO","5XFAD",0.21398002853067,"9","9","9","Microglia",TRUE,"Trem2_KO_5XFAD1_GCATACACATAAAGGT-1"
"Trem2_KO_5XFAD1",959,807,"GSM4173513","Trem2_KO_5XFAD1","Trem2_KO_5XFAD",1,"KO","5XFAD",0.312825860271116,"9","9","9","Microglia",TRUE,"Trem2_KO_5XFAD1_GCATGATCAGTAACGG-1"
"Trem2_KO_5XFAD1",814,655,"GSM4173513","Trem2_KO_5XFAD1","Trem2_KO_5XFAD",1,"KO","5XFAD",0.737100737100737,"9","9","9","Microglia",TRUE,"Trem2_KO_5XFAD1_GCATGCGGTCGAAAGC-1"
"Trem2_KO_5XFAD1",823,686,"GSM4173513","Trem2_KO_5XFAD1","Trem2_KO_5XFAD",1,"KO","5XFAD",0,"9","9","9","Microglia",TRUE,"Trem2_KO_5XFAD1_GCGAGAAAGCTGAACG-1"
"Trem2_KO_5XFAD1",3552,2368,"GSM4173513","Trem2_KO_5XFAD1","Trem2_KO_5XFAD",1,"KO","5XFAD",0.0563063063063063,"9","9","9","Microglia",TRUE,"Trem2_KO_5XFAD1_GCGAGAACAAACGCGA-1"
"Trem2_KO_5XFAD1",1468,1135,"GSM4173513","Trem2_KO_5XFAD1","Trem2_KO_5XFAD",1,"KO","5XFAD",0,"9","9","9","Microglia",TRUE,"Trem2_KO_5XFAD1_GCGAGAAGTGGCAAAC-1"
"Trem2_KO_5XFAD1",1169,929,"GSM4173513","Trem2_KO_5XFAD1","Trem2_KO_5XFAD",1,"KO","5XFAD",0.256629597946963,"9","9","9","Microglia",TRUE,"Trem2_KO_5XFAD1_GCGAGAAGTTCGCTAA-1"
"Trem2_KO_5XFAD1",1392,1072,"GSM4173513","Trem2_KO_5XFAD1","Trem2_KO_5XFAD",1,"KO","5XFAD",0.28735632183908,"9","9","9","Microglia",TRUE,"Trem2_KO_5XFAD1_GCGCAACAGATACACA-1"
"Trem2_KO_5XFAD1",1057,845,"GSM4173513","Trem2_KO_5XFAD1","Trem2_KO_5XFAD",1,"KO","5XFAD",0,"9","9","9","Microglia",TRUE,"Trem2_KO_5XFAD1_GCGGGTTTCTGTTGAG-1"
"Trem2_KO_5XFAD1",1594,1224,"GSM4173513","Trem2_KO_5XFAD1","Trem2_KO_5XFAD",1,"KO","5XFAD",0.564617314930991,"9","9","9","Microglia",TRUE,"Trem2_KO_5XFAD1_GCTCCTACAATTCCTT-1"
"Trem2_KO_5XFAD1",1007,831,"GSM4173513","Trem2_KO_5XFAD1","Trem2_KO_5XFAD",1,"KO","5XFAD",0,"9","9","9","Microglia",TRUE,"Trem2_KO_5XFAD1_GCTCCTATCGGGAGTA-1"
"Trem2_KO_5XFAD1",1259,997,"GSM4173513","Trem2_KO_5XFAD1","Trem2_KO_5XFAD",1,"KO","5XFAD",0.635424940428912,"9","9","9","Microglia",TRUE,"Trem2_KO_5XFAD1_GCTGCTTAGTATGACA-1"
"Trem2_KO_5XFAD1",2171,1568,"GSM4173513","Trem2_KO_5XFAD1","Trem2_KO_5XFAD",1,"KO","5XFAD",0.184246890833717,"9","9","9","Microglia",TRUE,"Trem2_KO_5XFAD1_GCTTGAAGTTCAGTAC-1"
"Trem2_KO_5XFAD1",1018,795,"GSM4173513","Trem2_KO_5XFAD1","Trem2_KO_5XFAD",1,"KO","5XFAD",1.47347740667976,"9","9","9","Microglia",TRUE,"Trem2_KO_5XFAD1_GGAAAGCCAGCTTCGG-1"
"Trem2_KO_5XFAD1",1169,914,"GSM4173513","Trem2_KO_5XFAD1","Trem2_KO_5XFAD",1,"KO","5XFAD",0.427715996578272,"9","9","9","Microglia",TRUE,"Trem2_KO_5XFAD1_GGAAAGCTCTGCAAGT-1"
"Trem2_KO_5XFAD1",1336,1028,"GSM4173513","Trem2_KO_5XFAD1","Trem2_KO_5XFAD",1,"KO","5XFAD",0.0748502994011976,"9","9","9","Microglia",TRUE,"Trem2_KO_5XFAD1_GGAGCAAAGATCTGCT-1"
"Trem2_KO_5XFAD1",1415,1090,"GSM4173513","Trem2_KO_5XFAD1","Trem2_KO_5XFAD",1,"KO","5XFAD",0.212014134275618,"9","9","9","Microglia",TRUE,"Trem2_KO_5XFAD1_GGAGCAACATACTACG-1"
"Trem2_KO_5XFAD1",1048,846,"GSM4173513","Trem2_KO_5XFAD1","Trem2_KO_5XFAD",1,"KO","5XFAD",0.190839694656489,"9","9","9","Microglia",TRUE,"Trem2_KO_5XFAD1_GGGAATGTCTTATCTG-1"
"Trem2_KO_5XFAD1",1718,1201,"GSM4173513","Trem2_KO_5XFAD1","Trem2_KO_5XFAD",1,"KO","5XFAD",0.291036088474971,"9","9","9","Microglia",TRUE,"Trem2_KO_5XFAD1_GGGACCTAGGCTCTTA-1"
"Trem2_KO_5XFAD1",1071,873,"GSM4173513","Trem2_KO_5XFAD1","Trem2_KO_5XFAD",1,"KO","5XFAD",0,"9","9","9","Microglia",TRUE,"Trem2_KO_5XFAD1_GGGCACTCATTCGACA-1"
"Trem2_KO_5XFAD1",2209,1558,"GSM4173513","Trem2_KO_5XFAD1","Trem2_KO_5XFAD",1,"KO","5XFAD",0.3168854685378,"9","9","9","Microglia",TRUE,"Trem2_KO_5XFAD1_GGGCATCAGCACCGTC-1"
"Trem2_KO_5XFAD1",1391,1087,"GSM4173513","Trem2_KO_5XFAD1","Trem2_KO_5XFAD",1,"KO","5XFAD",0.0718907260963336,"9","9","9","Microglia",TRUE,"Trem2_KO_5XFAD1_GGGCATCGTTTGGGCC-1"
"Trem2_KO_5XFAD1",1180,915,"GSM4173513","Trem2_KO_5XFAD1","Trem2_KO_5XFAD",1,"KO","5XFAD",0.169491525423729,"9","9","9","Microglia",TRUE,"Trem2_KO_5XFAD1_GGGCATCTCAACACAC-1"
"Trem2_KO_5XFAD1",833,701,"GSM4173513","Trem2_KO_5XFAD1","Trem2_KO_5XFAD",1,"KO","5XFAD",0.480192076830732,"9","9","9","Microglia",TRUE,"Trem2_KO_5XFAD1_GGGTTGCGTCGATTGT-1"
"Trem2_KO_5XFAD1",1253,991,"GSM4173513","Trem2_KO_5XFAD1","Trem2_KO_5XFAD",1,"KO","5XFAD",0.0798084596967279,"9","9","9","Microglia",TRUE,"Trem2_KO_5XFAD1_GGTATTGCATGGTTGT-1"
"Trem2_KO_5XFAD1",1407,1066,"GSM4173513","Trem2_KO_5XFAD1","Trem2_KO_5XFAD",1,"KO","5XFAD",0.497512437810945,"9","9","9","Microglia",TRUE,"Trem2_KO_5XFAD1_GGTATTGTCCAGAAGG-1"
"Trem2_KO_5XFAD1",1181,947,"GSM4173513","Trem2_KO_5XFAD1","Trem2_KO_5XFAD",1,"KO","5XFAD",0.254022015241321,"9","9","9","Microglia",TRUE,"Trem2_KO_5XFAD1_GTAACGTGTCTCGTTC-1"
"Trem2_KO_5XFAD1",1008,845,"GSM4173513","Trem2_KO_5XFAD1","Trem2_KO_5XFAD",1,"KO","5XFAD",0.0992063492063492,"9","9","9","Microglia",TRUE,"Trem2_KO_5XFAD1_GTAACTGGTATTAGCC-1"
"Trem2_KO_5XFAD1",1220,948,"GSM4173513","Trem2_KO_5XFAD1","Trem2_KO_5XFAD",1,"KO","5XFAD",0.163934426229508,"9","9","9","Microglia",TRUE,"Trem2_KO_5XFAD1_GTAACTGTCGGCGCAT-1"
"Trem2_KO_5XFAD1",1372,1058,"GSM4173513","Trem2_KO_5XFAD1","Trem2_KO_5XFAD",1,"KO","5XFAD",0,"9","9","9","Microglia",TRUE,"Trem2_KO_5XFAD1_GTAGTCAGTGAGTGAC-1"
"Trem2_KO_5XFAD1",893,718,"GSM4173513","Trem2_KO_5XFAD1","Trem2_KO_5XFAD",1,"KO","5XFAD",0.559910414333707,"9","9","9","Microglia",TRUE,"Trem2_KO_5XFAD1_GTATTCTAGGAGCGAG-1"
"Trem2_KO_5XFAD1",1197,968,"GSM4173513","Trem2_KO_5XFAD1","Trem2_KO_5XFAD",1,"KO","5XFAD",0.167084377610693,"9","9","9","Microglia",TRUE,"Trem2_KO_5XFAD1_GTCACGGGTAAGGATT-1"
"Trem2_KO_5XFAD1",1116,888,"GSM4173513","Trem2_KO_5XFAD1","Trem2_KO_5XFAD",1,"KO","5XFAD",0,"9","9","9","Microglia",TRUE,"Trem2_KO_5XFAD1_GTCACGGTCCGCAGTG-1"
"Trem2_KO_5XFAD1",1228,975,"GSM4173513","Trem2_KO_5XFAD1","Trem2_KO_5XFAD",1,"KO","5XFAD",0.407166123778502,"9","9","9","Microglia",TRUE,"Trem2_KO_5XFAD1_GTCCTCACAGCAGTTT-1"
"Trem2_KO_5XFAD1",928,719,"GSM4173513","Trem2_KO_5XFAD1","Trem2_KO_5XFAD",1,"KO","5XFAD",0.21551724137931,"9","9","9","Microglia",TRUE,"Trem2_KO_5XFAD1_GTCGGGTTCTGTCAAG-1"
"Trem2_KO_5XFAD1",1479,1077,"GSM4173513","Trem2_KO_5XFAD1","Trem2_KO_5XFAD",1,"KO","5XFAD",0.405679513184584,"9","9","9","Microglia",TRUE,"Trem2_KO_5XFAD1_GTCTCGTAGACTTGAA-1"
"Trem2_KO_5XFAD1",807,677,"GSM4173513","Trem2_KO_5XFAD1","Trem2_KO_5XFAD",1,"KO","5XFAD",0,"9","9","9","Microglia",TRUE,"Trem2_KO_5XFAD1_GTCTTCGCACAGCGTC-1"
"Trem2_KO_5XFAD1",1441,1118,"GSM4173513","Trem2_KO_5XFAD1","Trem2_KO_5XFAD",1,"KO","5XFAD",0.0693962526023595,"9","9","9","Microglia",TRUE,"Trem2_KO_5XFAD1_GTCTTCGCACTGCCAG-1"
"Trem2_KO_5XFAD1",1059,876,"GSM4173513","Trem2_KO_5XFAD1","Trem2_KO_5XFAD",1,"KO","5XFAD",0,"9","9","9","Microglia",TRUE,"Trem2_KO_5XFAD1_GTGAAGGTCCGAATGT-1"
"Trem2_KO_5XFAD1",1292,1005,"GSM4173513","Trem2_KO_5XFAD1","Trem2_KO_5XFAD",1,"KO","5XFAD",0.309597523219814,"9","9","9","Microglia",TRUE,"Trem2_KO_5XFAD1_GTGCAGCGTAAGGGAA-1"
"Trem2_KO_5XFAD1",935,766,"GSM4173513","Trem2_KO_5XFAD1","Trem2_KO_5XFAD",1,"KO","5XFAD",0,"9","9","9","Microglia",TRUE,"Trem2_KO_5XFAD1_GTGCGGTTCCAATGGT-1"
"Trem2_KO_5XFAD1",906,742,"GSM4173513","Trem2_KO_5XFAD1","Trem2_KO_5XFAD",1,"KO","5XFAD",0.11037527593819,"9","9","9","Microglia",TRUE,"Trem2_KO_5XFAD1_GTGGGTCTCCAAACTG-1"
"Trem2_KO_5XFAD1",1325,1038,"GSM4173513","Trem2_KO_5XFAD1","Trem2_KO_5XFAD",1,"KO","5XFAD",0,"9","9","9","Microglia",TRUE,"Trem2_KO_5XFAD1_GTGTGCGGTGTTTGTG-1"
"Trem2_KO_5XFAD1",6266,3467,"GSM4173513","Trem2_KO_5XFAD1","Trem2_KO_5XFAD",1,"KO","5XFAD",0.0638365783593999,"9","9","9","Microglia",TRUE,"Trem2_KO_5XFAD1_GTTAAGCCAGAGTGTG-1"
"Trem2_KO_5XFAD1",1123,879,"GSM4173513","Trem2_KO_5XFAD1","Trem2_KO_5XFAD",1,"KO","5XFAD",0.0890471950133571,"9","9","9","Microglia",TRUE,"Trem2_KO_5XFAD1_GTTCATTCAATGAATG-1"
"Trem2_KO_5XFAD1",1131,885,"GSM4173513","Trem2_KO_5XFAD1","Trem2_KO_5XFAD",1,"KO","5XFAD",0.17683465959328,"9","9","9","Microglia",TRUE,"Trem2_KO_5XFAD1_GTTCGGGGTTCAACCA-1"
"Trem2_KO_5XFAD1",1566,1147,"GSM4173513","Trem2_KO_5XFAD1","Trem2_KO_5XFAD",1,"KO","5XFAD",0.191570881226054,"9","9","9","Microglia",TRUE,"Trem2_KO_5XFAD1_GTTCTCGAGAAACCAT-1"
"Trem2_KO_5XFAD1",1270,985,"GSM4173513","Trem2_KO_5XFAD1","Trem2_KO_5XFAD",1,"KO","5XFAD",0.078740157480315,"9","9","9","Microglia",TRUE,"Trem2_KO_5XFAD1_TAAACCGTCCGGCACA-1"
"Trem2_KO_5XFAD1",717,582,"GSM4173513","Trem2_KO_5XFAD1","Trem2_KO_5XFAD",1,"KO","5XFAD",0.278940027894003,"9","9","9","Microglia",TRUE,"Trem2_KO_5XFAD1_TAAGAGACATCCTTGC-1"
"Trem2_KO_5XFAD1",1218,942,"GSM4173513","Trem2_KO_5XFAD1","Trem2_KO_5XFAD",1,"KO","5XFAD",0,"9","9","9","Microglia",TRUE,"Trem2_KO_5XFAD1_TACACGAAGACCACGA-1"
"Trem2_KO_5XFAD1",1199,916,"GSM4173513","Trem2_KO_5XFAD1","Trem2_KO_5XFAD",1,"KO","5XFAD",0.500417014178482,"9","9","9","Microglia",TRUE,"Trem2_KO_5XFAD1_TACCTATAGAAACCTA-1"
"Trem2_KO_5XFAD1",1230,962,"GSM4173513","Trem2_KO_5XFAD1","Trem2_KO_5XFAD",1,"KO","5XFAD",0,"9","9","9","Microglia",TRUE,"Trem2_KO_5XFAD1_TACGGGCCAAAGGCGT-1"
"Trem2_KO_5XFAD1",1190,934,"GSM4173513","Trem2_KO_5XFAD1","Trem2_KO_5XFAD",1,"KO","5XFAD",0.0840336134453782,"9","9","9","Microglia",TRUE,"Trem2_KO_5XFAD1_TACGGTAAGCCACCTG-1"
"Trem2_KO_5XFAD1",1634,1232,"GSM4173513","Trem2_KO_5XFAD1","Trem2_KO_5XFAD",1,"KO","5XFAD",1.95838433292534,"9","9","9","Microglia",TRUE,"Trem2_KO_5XFAD1_TACGGTAAGTACGATA-1"
"Trem2_KO_5XFAD1",1087,840,"GSM4173513","Trem2_KO_5XFAD1","Trem2_KO_5XFAD",1,"KO","5XFAD",0.551977920883165,"9","9","9","Microglia",TRUE,"Trem2_KO_5XFAD1_TACTCGCGTCTGATCA-1"
"Trem2_KO_5XFAD1",1062,850,"GSM4173513","Trem2_KO_5XFAD1","Trem2_KO_5XFAD",1,"KO","5XFAD",0,"9","9","9","Microglia",TRUE,"Trem2_KO_5XFAD1_TACTCGCTCCTTCAAT-1"
"Trem2_KO_5XFAD1",1477,1154,"GSM4173513","Trem2_KO_5XFAD1","Trem2_KO_5XFAD",1,"KO","5XFAD",0.812457684495599,"9","9","9","Microglia",TRUE,"Trem2_KO_5XFAD1_TACTTGTGTCGACTAT-1"
"Trem2_KO_5XFAD1",1096,853,"GSM4173513","Trem2_KO_5XFAD1","Trem2_KO_5XFAD",1,"KO","5XFAD",0.364963503649635,"9","9","9","Microglia",TRUE,"Trem2_KO_5XFAD1_TAGAGCTTCTGCGGCA-1"
"Trem2_KO_5XFAD1",1239,981,"GSM4173513","Trem2_KO_5XFAD1","Trem2_KO_5XFAD",1,"KO","5XFAD",0.0807102502017756,"9","9","9","Microglia",TRUE,"Trem2_KO_5XFAD1_TAGGCATAGGATGTAT-1"
"Trem2_KO_5XFAD1",1257,990,"GSM4173513","Trem2_KO_5XFAD1","Trem2_KO_5XFAD",1,"KO","5XFAD",0.238663484486874,"9","9","9","Microglia",TRUE,"Trem2_KO_5XFAD1_TAGTGGTAGTTCGCAT-1"
"Trem2_KO_5XFAD1",721,591,"GSM4173513","Trem2_KO_5XFAD1","Trem2_KO_5XFAD",1,"KO","5XFAD",0.416088765603329,"9","9","9","Microglia",TRUE,"Trem2_KO_5XFAD1_TATCTCACACAGCGTC-1"
"Trem2_KO_5XFAD1",1564,1168,"GSM4173513","Trem2_KO_5XFAD1","Trem2_KO_5XFAD",1,"KO","5XFAD",0,"9","9","9","Microglia",TRUE,"Trem2_KO_5XFAD1_TATGCCCAGTGTCCAT-1"
"Trem2_KO_5XFAD1",1184,937,"GSM4173513","Trem2_KO_5XFAD1","Trem2_KO_5XFAD",1,"KO","5XFAD",0,"9","9","9","Microglia",TRUE,"Trem2_KO_5XFAD1_TATGCCCCACCAGGTC-1"
"Trem2_KO_5XFAD1",1134,889,"GSM4173513","Trem2_KO_5XFAD1","Trem2_KO_5XFAD",1,"KO","5XFAD",0.17636684303351,"9","9","9","Microglia",TRUE,"Trem2_KO_5XFAD1_TCACAAGAGCGCCTTG-1"
"Trem2_KO_5XFAD1",1401,1058,"GSM4173513","Trem2_KO_5XFAD1","Trem2_KO_5XFAD",1,"KO","5XFAD",0.499643112062812,"9","9","9","Microglia",TRUE,"Trem2_KO_5XFAD1_TCAGGTAGTTCACGGC-1"
"Trem2_KO_5XFAD1",1994,1456,"GSM4173513","Trem2_KO_5XFAD1","Trem2_KO_5XFAD",1,"KO","5XFAD",0.0501504513540622,"9","9","9","Microglia",TRUE,"Trem2_KO_5XFAD1_TCATTTGAGTGGAGAA-1"
"Trem2_KO_5XFAD1",1480,1132,"GSM4173513","Trem2_KO_5XFAD1","Trem2_KO_5XFAD",1,"KO","5XFAD",0,"9","9","9","Microglia",TRUE,"Trem2_KO_5XFAD1_TCCCGATGTGTCTGAT-1"
"Trem2_KO_5XFAD1",1462,1102,"GSM4173513","Trem2_KO_5XFAD1","Trem2_KO_5XFAD",1,"KO","5XFAD",0,"9","9","9","Microglia",TRUE,"Trem2_KO_5XFAD1_TCGGTAAGTGACGGTA-1"
"Trem2_KO_5XFAD1",1634,1231,"GSM4173513","Trem2_KO_5XFAD1","Trem2_KO_5XFAD",1,"KO","5XFAD",0.673194614443084,"9","9","9","Microglia",TRUE,"Trem2_KO_5XFAD1_TCGGTAATCAGAAATG-1"
"Trem2_KO_5XFAD1",1217,972,"GSM4173513","Trem2_KO_5XFAD1","Trem2_KO_5XFAD",1,"KO","5XFAD",0.0821692686935086,"9","9","9","Microglia",TRUE,"Trem2_KO_5XFAD1_TGAAAGAGTGGTCTCG-1"
"Trem2_KO_5XFAD1",1196,971,"GSM4173513","Trem2_KO_5XFAD1","Trem2_KO_5XFAD",1,"KO","5XFAD",0.668896321070234,"9","9","9","Microglia",TRUE,"Trem2_KO_5XFAD1_TGACGGCCACGTAAGG-1"
"Trem2_KO_5XFAD1",1264,1016,"GSM4173513","Trem2_KO_5XFAD1","Trem2_KO_5XFAD",1,"KO","5XFAD",0.0791139240506329,"9","9","9","Microglia",TRUE,"Trem2_KO_5XFAD1_TGACTAGAGTAGATGT-1"
"Trem2_KO_5XFAD1",1253,976,"GSM4173513","Trem2_KO_5XFAD1","Trem2_KO_5XFAD",1,"KO","5XFAD",0.159616919393456,"9","9","9","Microglia",TRUE,"Trem2_KO_5XFAD1_TGACTAGAGTGTCCCG-1"
"Trem2_KO_5XFAD1",1233,964,"GSM4173513","Trem2_KO_5XFAD1","Trem2_KO_5XFAD",1,"KO","5XFAD",0.32441200324412,"9","9","9","Microglia",TRUE,"Trem2_KO_5XFAD1_TGACTTTTCAGGATCT-1"
"Trem2_KO_5XFAD1",1179,929,"GSM4173513","Trem2_KO_5XFAD1","Trem2_KO_5XFAD",1,"KO","5XFAD",0.169635284139101,"9","9","9","Microglia",TRUE,"Trem2_KO_5XFAD1_TGAGCCGGTTCGGCAC-1"
"Trem2_KO_5XFAD1",11358,4946,"GSM4173513","Trem2_KO_5XFAD1","Trem2_KO_5XFAD",1,"KO","5XFAD",0.0704349357281212,"9","9","9","Microglia",TRUE,"Trem2_KO_5XFAD1_TGAGGGAAGGAATTAC-1"
"Trem2_KO_5XFAD1",1280,1007,"GSM4173513","Trem2_KO_5XFAD1","Trem2_KO_5XFAD",1,"KO","5XFAD",0.390625,"9","9","9","Microglia",TRUE,"Trem2_KO_5XFAD1_TGCACCTCAAAGCGGT-1"
"Trem2_KO_5XFAD1",1381,1028,"GSM4173513","Trem2_KO_5XFAD1","Trem2_KO_5XFAD",1,"KO","5XFAD",0.362056480811006,"9","9","9","Microglia",TRUE,"Trem2_KO_5XFAD1_TGCACCTGTGTGGTTT-1"
"Trem2_KO_5XFAD1",984,832,"GSM4173513","Trem2_KO_5XFAD1","Trem2_KO_5XFAD",1,"KO","5XFAD",0.101626016260163,"9","9","9","Microglia",TRUE,"Trem2_KO_5XFAD1_TGCACCTGTTCTCATT-1"
"Trem2_KO_5XFAD1",1106,884,"GSM4173513","Trem2_KO_5XFAD1","Trem2_KO_5XFAD",1,"KO","5XFAD",0.27124773960217,"9","9","9","Microglia",TRUE,"Trem2_KO_5XFAD1_TGCCCATGTACCTACA-1"
"Trem2_KO_5XFAD1",826,660,"GSM4173513","Trem2_KO_5XFAD1","Trem2_KO_5XFAD",1,"KO","5XFAD",0.36319612590799,"9","9","9","Microglia",TRUE,"Trem2_KO_5XFAD1_TGCCCATGTCTCCCTA-1"
"Trem2_KO_5XFAD1",592,490,"GSM4173513","Trem2_KO_5XFAD1","Trem2_KO_5XFAD",1,"KO","5XFAD",0.337837837837838,"9","9","9","Microglia",TRUE,"Trem2_KO_5XFAD1_TGCCCATTCGATGAGG-1"
"Trem2_KO_5XFAD1",800,660,"GSM4173513","Trem2_KO_5XFAD1","Trem2_KO_5XFAD",1,"KO","5XFAD",0,"9","9","9","Microglia",TRUE,"Trem2_KO_5XFAD1_TGCCCTAGTAAAGGAG-1"
"Trem2_KO_5XFAD1",949,780,"GSM4173513","Trem2_KO_5XFAD1","Trem2_KO_5XFAD",1,"KO","5XFAD",0.105374077976818,"9","9","9","Microglia",TRUE,"Trem2_KO_5XFAD1_TGCGCAGAGAAGCCCA-1"
"Trem2_KO_5XFAD1",1250,971,"GSM4173513","Trem2_KO_5XFAD1","Trem2_KO_5XFAD",1,"KO","5XFAD",1.04,"9","9","9","Microglia",TRUE,"Trem2_KO_5XFAD1_TGCTGCTTCCGTAGTA-1"
"Trem2_KO_5XFAD1",1200,899,"GSM4173513","Trem2_KO_5XFAD1","Trem2_KO_5XFAD",1,"KO","5XFAD",0.0833333333333333,"9","9","9","Microglia",TRUE,"Trem2_KO_5XFAD1_TGCTGCTTCCTGTACC-1"
"Trem2_KO_5XFAD1",1317,1009,"GSM4173513","Trem2_KO_5XFAD1","Trem2_KO_5XFAD",1,"KO","5XFAD",0.151860288534548,"9","9","9","Microglia",TRUE,"Trem2_KO_5XFAD1_TGGCGCAGTCAGATAA-1"
"Trem2_KO_5XFAD1",803,667,"GSM4173513","Trem2_KO_5XFAD1","Trem2_KO_5XFAD",1,"KO","5XFAD",0.24906600249066,"9","9","9","Microglia",TRUE,"Trem2_KO_5XFAD1_TGGGAAGTCGTACCGG-1"
"Trem2_KO_5XFAD1",1478,1107,"GSM4173513","Trem2_KO_5XFAD1","Trem2_KO_5XFAD",1,"KO","5XFAD",0.47361299052774,"9","9","9","Microglia",TRUE,"Trem2_KO_5XFAD1_TGGGCGTTCGTAGGAG-1"
"Trem2_KO_5XFAD1",1028,831,"GSM4173513","Trem2_KO_5XFAD1","Trem2_KO_5XFAD",1,"KO","5XFAD",0,"9","9","9","Microglia",TRUE,"Trem2_KO_5XFAD1_TGGTTAGCATTCACTT-1"
"Trem2_KO_5XFAD1",743,560,"GSM4173513","Trem2_KO_5XFAD1","Trem2_KO_5XFAD",1,"KO","5XFAD",0.269179004037685,"9","9","9","Microglia",TRUE,"Trem2_KO_5XFAD1_TGGTTCCCACTTGGAT-1"
"Trem2_KO_5XFAD1",1130,857,"GSM4173513","Trem2_KO_5XFAD1","Trem2_KO_5XFAD",1,"KO","5XFAD",0.353982300884956,"9","9","9","Microglia",TRUE,"Trem2_KO_5XFAD1_TGTATTCAGGGTCGAT-1"
"Trem2_KO_5XFAD1",899,729,"GSM4173513","Trem2_KO_5XFAD1","Trem2_KO_5XFAD",1,"KO","5XFAD",0.333704115684093,"9","9","9","Microglia",TRUE,"Trem2_KO_5XFAD1_TGTATTCCACGGCTAC-1"
"Trem2_KO_5XFAD1",1007,812,"GSM4173513","Trem2_KO_5XFAD1","Trem2_KO_5XFAD",1,"KO","5XFAD",0,"9","9","9","Microglia",TRUE,"Trem2_KO_5XFAD1_TGTGGTAAGCGTGAAC-1"
"Trem2_KO_5XFAD1",1080,867,"GSM4173513","Trem2_KO_5XFAD1","Trem2_KO_5XFAD",1,"KO","5XFAD",0.555555555555556,"9","9","9","Microglia",TRUE,"Trem2_KO_5XFAD1_TGTTCCGAGAGTCGGT-1"
"Trem2_KO_5XFAD1",1058,864,"GSM4173513","Trem2_KO_5XFAD1","Trem2_KO_5XFAD",1,"KO","5XFAD",0,"9","9","9","Microglia",TRUE,"Trem2_KO_5XFAD1_TGTTCCGTCCTGTACC-1"
"Trem2_KO_5XFAD1",1382,1054,"GSM4173513","Trem2_KO_5XFAD1","Trem2_KO_5XFAD",1,"KO","5XFAD",0.578871201157742,"9","9","9","Microglia",TRUE,"Trem2_KO_5XFAD1_TTAACTCCACGTCTCT-1"
"Trem2_KO_5XFAD1",1046,872,"GSM4173513","Trem2_KO_5XFAD1","Trem2_KO_5XFAD",1,"KO","5XFAD",0,"9","9","9","Microglia",TRUE,"Trem2_KO_5XFAD1_TTAACTCTCTTGCATT-1"
"Trem2_KO_5XFAD1",1288,992,"GSM4173513","Trem2_KO_5XFAD1","Trem2_KO_5XFAD",1,"KO","5XFAD",0.077639751552795,"9","9","9","Microglia",TRUE,"Trem2_KO_5XFAD1_TTCCCAGAGCCACTAT-1"
"Trem2_KO_5XFAD1",1046,874,"GSM4173513","Trem2_KO_5XFAD1","Trem2_KO_5XFAD",1,"KO","5XFAD",0.286806883365201,"9","9","9","Microglia",TRUE,"Trem2_KO_5XFAD1_TTCTACACAGATCCAT-1"
"Trem2_KO_5XFAD1",1605,1212,"GSM4173513","Trem2_KO_5XFAD1","Trem2_KO_5XFAD",1,"KO","5XFAD",0.43613707165109,"9","9","9","Microglia",TRUE,"Trem2_KO_5XFAD1_TTCTCAACAGTACACT-1"
"Trem2_KO_5XFAD1",1393,1062,"GSM4173513","Trem2_KO_5XFAD1","Trem2_KO_5XFAD",1,"KO","5XFAD",0.0717875089734386,"9","9","9","Microglia",TRUE,"Trem2_KO_5XFAD1_TTGAACGCAAACCCAT-1"
"Trem2_KO_5XFAD1",1365,1065,"GSM4173513","Trem2_KO_5XFAD1","Trem2_KO_5XFAD",1,"KO","5XFAD",0.43956043956044,"9","9","9","Microglia",TRUE,"Trem2_KO_5XFAD1_TTGACTTAGCGTGTCC-1"
"Trem2_KO_5XFAD1",995,788,"GSM4173513","Trem2_KO_5XFAD1","Trem2_KO_5XFAD",1,"KO","5XFAD",0.301507537688442,"9","9","9","Microglia",TRUE,"Trem2_KO_5XFAD1_TTGCGTCAGGGTGTGT-1"
"Trem2_KO_5XFAD1",962,781,"GSM4173513","Trem2_KO_5XFAD1","Trem2_KO_5XFAD",1,"KO","5XFAD",0.103950103950104,"9","9","9","Microglia",TRUE,"Trem2_KO_5XFAD1_TTGGAACCAGTGACAG-1"
"Trem2_KO_5XFAD1",989,811,"GSM4173513","Trem2_KO_5XFAD1","Trem2_KO_5XFAD",1,"KO","5XFAD",0.101112234580384,"9","9","9","Microglia",TRUE,"Trem2_KO_5XFAD1_TTGTAGGAGTGCGATG-1"
"Trem2_KO_5XFAD1",1279,971,"GSM4173513","Trem2_KO_5XFAD1","Trem2_KO_5XFAD",1,"KO","5XFAD",0,"9","9","9","Microglia",TRUE,"Trem2_KO_5XFAD1_TTTACTGAGCTGCAAG-1"
"Trem2_KO_5XFAD2",867,700,"GSM4173514","Trem2_KO_5XFAD2","Trem2_KO_5XFAD",2,"KO","5XFAD",0.461361014994233,"9","9","9","Microglia",TRUE,"Trem2_KO_5XFAD2_AAACCTGCACGAGGTA-1"
"Trem2_KO_5XFAD2",1006,767,"GSM4173514","Trem2_KO_5XFAD2","Trem2_KO_5XFAD",2,"KO","5XFAD",0.198807157057654,"9","9","9","Microglia",TRUE,"Trem2_KO_5XFAD2_AAAGTAGCAGTTCATG-1"
"Trem2_KO_5XFAD2",1146,883,"GSM4173514","Trem2_KO_5XFAD2","Trem2_KO_5XFAD",2,"KO","5XFAD",0.087260034904014,"9","9","9","Microglia",TRUE,"Trem2_KO_5XFAD2_AACGTTGAGTGGAGTC-1"
"Trem2_KO_5XFAD2",545,442,"GSM4173514","Trem2_KO_5XFAD2","Trem2_KO_5XFAD",2,"KO","5XFAD",0.36697247706422,"9","9","9","Microglia",TRUE,"Trem2_KO_5XFAD2_AACTCAGGTCACACGC-1"
"Trem2_KO_5XFAD2",1572,1126,"GSM4173514","Trem2_KO_5XFAD2","Trem2_KO_5XFAD",2,"KO","5XFAD",0,"9","9","9","Microglia",TRUE,"Trem2_KO_5XFAD2_AACTCAGGTTCAGACT-1"
"Trem2_KO_5XFAD2",1276,1000,"GSM4173514","Trem2_KO_5XFAD2","Trem2_KO_5XFAD",2,"KO","5XFAD",0,"9","9","9","Microglia",TRUE,"Trem2_KO_5XFAD2_AACTTTCTCTACTATC-1"
"Trem2_KO_5XFAD2",1267,992,"GSM4173514","Trem2_KO_5XFAD2","Trem2_KO_5XFAD",2,"KO","5XFAD",0,"9","9","9","Microglia",TRUE,"Trem2_KO_5XFAD2_AAGACCTGTCAGAAGC-1"
"Trem2_KO_5XFAD2",1461,1065,"GSM4173514","Trem2_KO_5XFAD2","Trem2_KO_5XFAD",2,"KO","5XFAD",0.479123887748118,"9","9","9","Microglia",TRUE,"Trem2_KO_5XFAD2_AAGACCTTCGTCGTTC-1"
"Trem2_KO_5XFAD2",1570,1145,"GSM4173514","Trem2_KO_5XFAD2","Trem2_KO_5XFAD",2,"KO","5XFAD",0.0636942675159236,"9","9","9","Microglia",TRUE,"Trem2_KO_5XFAD2_AAGCCGCCACGAAATA-1"
"Trem2_KO_5XFAD2",1244,952,"GSM4173514","Trem2_KO_5XFAD2","Trem2_KO_5XFAD",2,"KO","5XFAD",0.0803858520900322,"9","9","9","Microglia",TRUE,"Trem2_KO_5XFAD2_AAGCCGCGTCTGCGGT-1"
"Trem2_KO_5XFAD2",1290,1001,"GSM4173514","Trem2_KO_5XFAD2","Trem2_KO_5XFAD",2,"KO","5XFAD",0.155038759689922,"9","9","9","Microglia",TRUE,"Trem2_KO_5XFAD2_AATCGGTCATCGACGC-1"
"Trem2_KO_5XFAD2",1201,893,"GSM4173514","Trem2_KO_5XFAD2","Trem2_KO_5XFAD",2,"KO","5XFAD",0,"9","9","9","Microglia",TRUE,"Trem2_KO_5XFAD2_AATCGGTTCCGCAGTG-1"
"Trem2_KO_5XFAD2",1354,1067,"GSM4173514","Trem2_KO_5XFAD2","Trem2_KO_5XFAD",2,"KO","5XFAD",0.147710487444609,"9","9","9","Microglia",TRUE,"Trem2_KO_5XFAD2_ACACCCTGTTGATTGC-1"
"Trem2_KO_5XFAD2",1124,858,"GSM4173514","Trem2_KO_5XFAD2","Trem2_KO_5XFAD",2,"KO","5XFAD",3.46975088967972,"9","9","9","Microglia",TRUE,"Trem2_KO_5XFAD2_ACACCGGTCAATCTCT-1"
"Trem2_KO_5XFAD2",1850,1379,"GSM4173514","Trem2_KO_5XFAD2","Trem2_KO_5XFAD",2,"KO","5XFAD",0.108108108108108,"9","9","9","Microglia",TRUE,"Trem2_KO_5XFAD2_ACACTGAAGACTAGAT-1"
"Trem2_KO_5XFAD2",1261,980,"GSM4173514","Trem2_KO_5XFAD2","Trem2_KO_5XFAD",2,"KO","5XFAD",0.713719270420301,"9","9","9","Microglia",TRUE,"Trem2_KO_5XFAD2_ACAGCCGCATACGCCG-1"
"Trem2_KO_5XFAD2",1403,1005,"GSM4173514","Trem2_KO_5XFAD2","Trem2_KO_5XFAD",2,"KO","5XFAD",0.213827512473272,"9","9","9","Microglia",TRUE,"Trem2_KO_5XFAD2_ACAGCCGTCTGCTGTC-1"
"Trem2_KO_5XFAD2",1516,1074,"GSM4173514","Trem2_KO_5XFAD2","Trem2_KO_5XFAD",2,"KO","5XFAD",0.659630606860158,"9","9","9","Microglia",TRUE,"Trem2_KO_5XFAD2_ACAGCTATCTGCGACG-1"
"Trem2_KO_5XFAD2",1455,1061,"GSM4173514","Trem2_KO_5XFAD2","Trem2_KO_5XFAD",2,"KO","5XFAD",0.0687285223367698,"9","9","9","Microglia",TRUE,"Trem2_KO_5XFAD2_ACCGTAACAAGCGCTC-1"
"Trem2_KO_5XFAD2",1114,848,"GSM4173514","Trem2_KO_5XFAD2","Trem2_KO_5XFAD",2,"KO","5XFAD",0.179533213644524,"9","9","9","Microglia",TRUE,"Trem2_KO_5XFAD2_ACGATACTCATTTGGG-1"
"Trem2_KO_5XFAD2",1328,1025,"GSM4173514","Trem2_KO_5XFAD2","Trem2_KO_5XFAD",2,"KO","5XFAD",0.0753012048192771,"9","9","9","Microglia",TRUE,"Trem2_KO_5XFAD2_ACGCAGCAGGAGTCTG-1"
"Trem2_KO_5XFAD2",1290,984,"GSM4173514","Trem2_KO_5XFAD2","Trem2_KO_5XFAD",2,"KO","5XFAD",0.0775193798449612,"9","9","9","Microglia",TRUE,"Trem2_KO_5XFAD2_ACGCCAGGTACAGTTC-1"
"Trem2_KO_5XFAD2",1402,1102,"GSM4173514","Trem2_KO_5XFAD2","Trem2_KO_5XFAD",2,"KO","5XFAD",0.21398002853067,"9","9","9","Microglia",TRUE,"Trem2_KO_5XFAD2_ACGCCGATCGCGTTTC-1"
"Trem2_KO_5XFAD2",1273,1025,"GSM4173514","Trem2_KO_5XFAD2","Trem2_KO_5XFAD",2,"KO","5XFAD",0.0785545954438335,"9","9","9","Microglia",TRUE,"Trem2_KO_5XFAD2_ACGGCCACACAACTGT-1"
"Trem2_KO_5XFAD2",1455,1125,"GSM4173514","Trem2_KO_5XFAD2","Trem2_KO_5XFAD",2,"KO","5XFAD",0.618556701030928,"9","9","9","Microglia",TRUE,"Trem2_KO_5XFAD2_ACGGCCAGTAGCCTCG-1"
"Trem2_KO_5XFAD2",2659,1823,"GSM4173514","Trem2_KO_5XFAD2","Trem2_KO_5XFAD",2,"KO","5XFAD",0.0376081233546446,"9","9","9","Microglia",TRUE,"Trem2_KO_5XFAD2_ACGGGTCAGTAGATGT-1"
"Trem2_KO_5XFAD2",1158,909,"GSM4173514","Trem2_KO_5XFAD2","Trem2_KO_5XFAD",2,"KO","5XFAD",0.863557858376511,"9","9","9","Microglia",TRUE,"Trem2_KO_5XFAD2_ACGGGTCAGTTGTCGT-1"
"Trem2_KO_5XFAD2",1312,1044,"GSM4173514","Trem2_KO_5XFAD2","Trem2_KO_5XFAD",2,"KO","5XFAD",0,"9","9","9","Microglia",TRUE,"Trem2_KO_5XFAD2_ACTGAGTCAGGAATCG-1"
"Trem2_KO_5XFAD2",1147,886,"GSM4173514","Trem2_KO_5XFAD2","Trem2_KO_5XFAD",2,"KO","5XFAD",0.0871839581517001,"9","9","9","Microglia",TRUE,"Trem2_KO_5XFAD2_ACTGATGTCAGTCCCT-1"
"Trem2_KO_5XFAD2",609,471,"GSM4173514","Trem2_KO_5XFAD2","Trem2_KO_5XFAD",2,"KO","5XFAD",6.40394088669951,"9","9","9","Microglia",TRUE,"Trem2_KO_5XFAD2_ACTTACTAGCCCTAAT-1"
"Trem2_KO_5XFAD2",505,433,"GSM4173514","Trem2_KO_5XFAD2","Trem2_KO_5XFAD",2,"KO","5XFAD",1.38613861386139,"9","9","9","Microglia",TRUE,"Trem2_KO_5XFAD2_ACTTACTTCTCCCTGA-1"
"Trem2_KO_5XFAD2",520,437,"GSM4173514","Trem2_KO_5XFAD2","Trem2_KO_5XFAD",2,"KO","5XFAD",0.192307692307692,"9","9","9","Microglia",TRUE,"Trem2_KO_5XFAD2_AGAGCGATCTGTCTCG-1"
"Trem2_KO_5XFAD2",1787,1205,"GSM4173514","Trem2_KO_5XFAD2","Trem2_KO_5XFAD",2,"KO","5XFAD",0.0559597090095132,"9","9","9","Microglia",TRUE,"Trem2_KO_5XFAD2_AGATTGCGTTTACTCT-1"
"Trem2_KO_5XFAD2",1435,1088,"GSM4173514","Trem2_KO_5XFAD2","Trem2_KO_5XFAD",2,"KO","5XFAD",0,"9","9","9","Microglia",TRUE,"Trem2_KO_5XFAD2_AGCAGCCGTGGTCTCG-1"
"Trem2_KO_5XFAD2",1167,924,"GSM4173514","Trem2_KO_5XFAD2","Trem2_KO_5XFAD",2,"KO","5XFAD",0.171379605826907,"9","9","9","Microglia",TRUE,"Trem2_KO_5XFAD2_AGCAGCCGTTGTGGAG-1"
"Trem2_KO_5XFAD2",1080,870,"GSM4173514","Trem2_KO_5XFAD2","Trem2_KO_5XFAD",2,"KO","5XFAD",0.277777777777778,"9","9","9","Microglia",TRUE,"Trem2_KO_5XFAD2_AGCTCCTCATTTCACT-1"
"Trem2_KO_5XFAD2",1403,1049,"GSM4173514","Trem2_KO_5XFAD2","Trem2_KO_5XFAD",2,"KO","5XFAD",0.498930862437634,"9","9","9","Microglia",TRUE,"Trem2_KO_5XFAD2_AGGCCACTCGCGCCAA-1"
"Trem2_KO_5XFAD2",1361,1075,"GSM4173514","Trem2_KO_5XFAD2","Trem2_KO_5XFAD",2,"KO","5XFAD",0.0734753857457752,"9","9","9","Microglia",TRUE,"Trem2_KO_5XFAD2_AGGTCATGTTGAACTC-1"
"Trem2_KO_5XFAD2",1219,950,"GSM4173514","Trem2_KO_5XFAD2","Trem2_KO_5XFAD",2,"KO","5XFAD",1.88679245283019,"9","9","9","Microglia",TRUE,"Trem2_KO_5XFAD2_AGGTCCGTCGGCTACG-1"
"Trem2_KO_5XFAD2",1265,995,"GSM4173514","Trem2_KO_5XFAD2","Trem2_KO_5XFAD",2,"KO","5XFAD",0.237154150197628,"9","9","9","Microglia",TRUE,"Trem2_KO_5XFAD2_AGTCTTTTCGCATGAT-1"
"Trem2_KO_5XFAD2",1170,930,"GSM4173514","Trem2_KO_5XFAD2","Trem2_KO_5XFAD",2,"KO","5XFAD",0.170940170940171,"9","9","9","Microglia",TRUE,"Trem2_KO_5XFAD2_AGTCTTTTCGCCCTTA-1"
"Trem2_KO_5XFAD2",1252,1013,"GSM4173514","Trem2_KO_5XFAD2","Trem2_KO_5XFAD",2,"KO","5XFAD",0,"9","9","9","Microglia",TRUE,"Trem2_KO_5XFAD2_AGTGAGGCAATGGAGC-1"
"Trem2_KO_5XFAD2",1174,891,"GSM4173514","Trem2_KO_5XFAD2","Trem2_KO_5XFAD",2,"KO","5XFAD",0,"9","9","9","Microglia",TRUE,"Trem2_KO_5XFAD2_AGTGGGATCGGCGCAT-1"
"Trem2_KO_5XFAD2",1516,1097,"GSM4173514","Trem2_KO_5XFAD2","Trem2_KO_5XFAD",2,"KO","5XFAD",0.0659630606860158,"9","9","9","Microglia",TRUE,"Trem2_KO_5XFAD2_ATAACGCTCGAGAACG-1"
"Trem2_KO_5XFAD2",601,529,"GSM4173514","Trem2_KO_5XFAD2","Trem2_KO_5XFAD",2,"KO","5XFAD",0.166389351081531,"9","9","9","Microglia",TRUE,"Trem2_KO_5XFAD2_ATAAGAGCATCGGAAG-1"
"Trem2_KO_5XFAD2",1370,1067,"GSM4173514","Trem2_KO_5XFAD2","Trem2_KO_5XFAD",2,"KO","5XFAD",0.072992700729927,"9","9","9","Microglia",TRUE,"Trem2_KO_5XFAD2_ATCACGAAGCACCGCT-1"
"Trem2_KO_5XFAD2",963,749,"GSM4173514","Trem2_KO_5XFAD2","Trem2_KO_5XFAD",2,"KO","5XFAD",0.519210799584631,"9","9","9","Microglia",TRUE,"Trem2_KO_5XFAD2_ATCACGATCCAACCAA-1"
"Trem2_KO_5XFAD2",1390,1045,"GSM4173514","Trem2_KO_5XFAD2","Trem2_KO_5XFAD",2,"KO","5XFAD",0,"9","9","9","Microglia",TRUE,"Trem2_KO_5XFAD2_ATCCACCGTTATCCGA-1"
"Trem2_KO_5XFAD2",1058,849,"GSM4173514","Trem2_KO_5XFAD2","Trem2_KO_5XFAD",2,"KO","5XFAD",0.283553875236295,"9","9","9","Microglia",TRUE,"Trem2_KO_5XFAD2_ATCCGAATCCAAATGC-1"
"Trem2_KO_5XFAD2",1373,1045,"GSM4173514","Trem2_KO_5XFAD2","Trem2_KO_5XFAD",2,"KO","5XFAD",0.21849963583394,"9","9","9","Microglia",TRUE,"Trem2_KO_5XFAD2_ATCGAGTGTACCGCTG-1"
"Trem2_KO_5XFAD2",1417,1099,"GSM4173514","Trem2_KO_5XFAD2","Trem2_KO_5XFAD",2,"KO","5XFAD",0.141143260409315,"9","9","9","Microglia",TRUE,"Trem2_KO_5XFAD2_ATCTACTTCTACTTAC-1"
"Trem2_KO_5XFAD2",1204,953,"GSM4173514","Trem2_KO_5XFAD2","Trem2_KO_5XFAD",2,"KO","5XFAD",0.249169435215947,"9","9","9","Microglia",TRUE,"Trem2_KO_5XFAD2_ATGGGAGCACATGACT-1"
"Trem2_KO_5XFAD2",1065,832,"GSM4173514","Trem2_KO_5XFAD2","Trem2_KO_5XFAD",2,"KO","5XFAD",0.187793427230047,"9","9","9","Microglia",TRUE,"Trem2_KO_5XFAD2_ATGGGAGGTTCAGCGC-1"
"Trem2_KO_5XFAD2",1762,1301,"GSM4173514","Trem2_KO_5XFAD2","Trem2_KO_5XFAD",2,"KO","5XFAD",0.170261066969353,"9","9","9","Microglia",TRUE,"Trem2_KO_5XFAD2_ATGTGTGGTTAAGAAC-1"
"Trem2_KO_5XFAD2",1157,945,"GSM4173514","Trem2_KO_5XFAD2","Trem2_KO_5XFAD",2,"KO","5XFAD",0.17286084701815,"9","9","9","Microglia",TRUE,"Trem2_KO_5XFAD2_ATTGGACAGTGTCCAT-1"
"Trem2_KO_5XFAD2",1228,968,"GSM4173514","Trem2_KO_5XFAD2","Trem2_KO_5XFAD",2,"KO","5XFAD",0.244299674267101,"9","9","9","Microglia",TRUE,"Trem2_KO_5XFAD2_ATTGGTGTCTTACCTA-1"
"Trem2_KO_5XFAD2",1552,1260,"GSM4173514","Trem2_KO_5XFAD2","Trem2_KO_5XFAD",2,"KO","5XFAD",0.451030927835051,"9","9","9","Microglia",TRUE,"Trem2_KO_5XFAD2_CAACCTCGTATCAGTC-1"
"Trem2_KO_5XFAD2",1491,1087,"GSM4173514","Trem2_KO_5XFAD2","Trem2_KO_5XFAD",2,"KO","5XFAD",0.134138162307176,"9","9","9","Microglia",TRUE,"Trem2_KO_5XFAD2_CAACCTCGTTCTGTTT-1"
"Trem2_KO_5XFAD2",1183,915,"GSM4173514","Trem2_KO_5XFAD2","Trem2_KO_5XFAD",2,"KO","5XFAD",0.169061707523246,"9","9","9","Microglia",TRUE,"Trem2_KO_5XFAD2_CAAGATCCATGTTGAC-1"
"Trem2_KO_5XFAD2",1430,1068,"GSM4173514","Trem2_KO_5XFAD2","Trem2_KO_5XFAD",2,"KO","5XFAD",0.27972027972028,"9","9","9","Microglia",TRUE,"Trem2_KO_5XFAD2_CAAGATCTCTTATCTG-1"
"Trem2_KO_5XFAD2",1436,966,"GSM4173514","Trem2_KO_5XFAD2","Trem2_KO_5XFAD",2,"KO","5XFAD",0.278551532033426,"9","9","9","Microglia",TRUE,"Trem2_KO_5XFAD2_CAAGGCCAGACTAGGC-1"
"Trem2_KO_5XFAD2",919,758,"GSM4173514","Trem2_KO_5XFAD2","Trem2_KO_5XFAD",2,"KO","5XFAD",0,"9","9","9","Microglia",TRUE,"Trem2_KO_5XFAD2_CACACCTCATGCTAGT-1"
"Trem2_KO_5XFAD2",1267,984,"GSM4173514","Trem2_KO_5XFAD2","Trem2_KO_5XFAD",2,"KO","5XFAD",0,"9","9","9","Microglia",TRUE,"Trem2_KO_5XFAD2_CACACTCCATGGTCTA-1"
"Trem2_KO_5XFAD2",1218,893,"GSM4173514","Trem2_KO_5XFAD2","Trem2_KO_5XFAD",2,"KO","5XFAD",8.29228243021347,"9","9","9","Microglia",TRUE,"Trem2_KO_5XFAD2_CACAGGCCAGATCTGT-1"
"Trem2_KO_5XFAD2",1715,1281,"GSM4173514","Trem2_KO_5XFAD2","Trem2_KO_5XFAD",2,"KO","5XFAD",0.116618075801749,"9","9","9","Microglia",TRUE,"Trem2_KO_5XFAD2_CACAGTACACAGAGGT-1"
"Trem2_KO_5XFAD2",1099,891,"GSM4173514","Trem2_KO_5XFAD2","Trem2_KO_5XFAD",2,"KO","5XFAD",0.181983621474067,"9","9","9","Microglia",TRUE,"Trem2_KO_5XFAD2_CACCACTGTAGAGTGC-1"
"Trem2_KO_5XFAD2",1559,1185,"GSM4173514","Trem2_KO_5XFAD2","Trem2_KO_5XFAD",2,"KO","5XFAD",0,"9","9","9","Microglia",TRUE,"Trem2_KO_5XFAD2_CACCACTGTGACAAAT-1"
"Trem2_KO_5XFAD2",575,484,"GSM4173514","Trem2_KO_5XFAD2","Trem2_KO_5XFAD",2,"KO","5XFAD",0.521739130434783,"9","9","9","Microglia",TRUE,"Trem2_KO_5XFAD2_CACCACTTCGGGAGTA-1"
"Trem2_KO_5XFAD2",1523,1132,"GSM4173514","Trem2_KO_5XFAD2","Trem2_KO_5XFAD",2,"KO","5XFAD",0.131319763624425,"9","9","9","Microglia",TRUE,"Trem2_KO_5XFAD2_CAGAATCAGCGTGAGT-1"
"Trem2_KO_5XFAD2",1234,977,"GSM4173514","Trem2_KO_5XFAD2","Trem2_KO_5XFAD",2,"KO","5XFAD",0,"9","9","9","Microglia",TRUE,"Trem2_KO_5XFAD2_CAGCATAGTAGCACGA-1"
"Trem2_KO_5XFAD2",2530,1738,"GSM4173514","Trem2_KO_5XFAD2","Trem2_KO_5XFAD",2,"KO","5XFAD",0.0395256916996047,"9","9","9","Microglia",TRUE,"Trem2_KO_5XFAD2_CAGCTAACACCAGCAC-1"
"Trem2_KO_5XFAD2",1629,1162,"GSM4173514","Trem2_KO_5XFAD2","Trem2_KO_5XFAD",2,"KO","5XFAD",0.0613873542050338,"9","9","9","Microglia",TRUE,"Trem2_KO_5XFAD2_CAGGTGCAGACTAGGC-1"
"Trem2_KO_5XFAD2",1499,1133,"GSM4173514","Trem2_KO_5XFAD2","Trem2_KO_5XFAD",2,"KO","5XFAD",0.133422281521014,"9","9","9","Microglia",TRUE,"Trem2_KO_5XFAD2_CAGTCCTCATCCAACA-1"
"Trem2_KO_5XFAD2",1261,959,"GSM4173514","Trem2_KO_5XFAD2","Trem2_KO_5XFAD",2,"KO","5XFAD",0.475812846946868,"9","9","9","Microglia",TRUE,"Trem2_KO_5XFAD2_CATATGGTCCTCAACC-1"
"Trem2_KO_5XFAD2",541,473,"GSM4173514","Trem2_KO_5XFAD2","Trem2_KO_5XFAD",2,"KO","5XFAD",0,"9","9","9","Microglia",TRUE,"Trem2_KO_5XFAD2_CATATTCGTTGCTCCT-1"
"Trem2_KO_5XFAD2",718,605,"GSM4173514","Trem2_KO_5XFAD2","Trem2_KO_5XFAD",2,"KO","5XFAD",0,"9","9","9","Microglia",TRUE,"Trem2_KO_5XFAD2_CATCCACGTGTGAAAT-1"
"Trem2_KO_5XFAD2",1028,818,"GSM4173514","Trem2_KO_5XFAD2","Trem2_KO_5XFAD",2,"KO","5XFAD",0.194552529182879,"9","9","9","Microglia",TRUE,"Trem2_KO_5XFAD2_CATCGGGTCAAGGCTT-1"
"Trem2_KO_5XFAD2",1274,1003,"GSM4173514","Trem2_KO_5XFAD2","Trem2_KO_5XFAD",2,"KO","5XFAD",0,"9","9","9","Microglia",TRUE,"Trem2_KO_5XFAD2_CATGACACAAGCGTAG-1"
"Trem2_KO_5XFAD2",985,805,"GSM4173514","Trem2_KO_5XFAD2","Trem2_KO_5XFAD",2,"KO","5XFAD",0.101522842639594,"9","9","9","Microglia",TRUE,"Trem2_KO_5XFAD2_CCAATCCGTTCCCGAG-1"
"Trem2_KO_5XFAD2",537,440,"GSM4173514","Trem2_KO_5XFAD2","Trem2_KO_5XFAD",2,"KO","5XFAD",0,"9","9","9","Microglia",TRUE,"Trem2_KO_5XFAD2_CCATGTCAGCGATCCC-1"
"Trem2_KO_5XFAD2",1629,1211,"GSM4173514","Trem2_KO_5XFAD2","Trem2_KO_5XFAD",2,"KO","5XFAD",0.920810313075507,"9","9","9","Microglia",TRUE,"Trem2_KO_5XFAD2_CCCAGTTGTCTCTCTG-1"
"Trem2_KO_5XFAD2",538,443,"GSM4173514","Trem2_KO_5XFAD2","Trem2_KO_5XFAD",2,"KO","5XFAD",0.185873605947955,"9","9","9","Microglia",TRUE,"Trem2_KO_5XFAD2_CCCAGTTTCAGAGGTG-1"
"Trem2_KO_5XFAD2",1705,1263,"GSM4173514","Trem2_KO_5XFAD2","Trem2_KO_5XFAD",2,"KO","5XFAD",0.527859237536657,"9","9","9","Microglia",TRUE,"Trem2_KO_5XFAD2_CCCTCCTAGTGCGTGA-1"
"Trem2_KO_5XFAD2",1353,1030,"GSM4173514","Trem2_KO_5XFAD2","Trem2_KO_5XFAD",2,"KO","5XFAD",0,"9","9","9","Microglia",TRUE,"Trem2_KO_5XFAD2_CCGGTAGGTCCTCTTG-1"
"Trem2_KO_5XFAD2",788,654,"GSM4173514","Trem2_KO_5XFAD2","Trem2_KO_5XFAD",2,"KO","5XFAD",0.126903553299492,"9","9","9","Microglia",TRUE,"Trem2_KO_5XFAD2_CCGTGGAAGAGGACGG-1"
"Trem2_KO_5XFAD2",2031,1367,"GSM4173514","Trem2_KO_5XFAD2","Trem2_KO_5XFAD",2,"KO","5XFAD",9.15805022156573,"9","9","9","Microglia",TRUE,"Trem2_KO_5XFAD2_CCTACCACATTACCTT-1"
"Trem2_KO_5XFAD2",1631,1217,"GSM4173514","Trem2_KO_5XFAD2","Trem2_KO_5XFAD",2,"KO","5XFAD",0.0613120784794604,"9","9","9","Microglia",TRUE,"Trem2_KO_5XFAD2_CCTACCATCATGTCTT-1"
"Trem2_KO_5XFAD2",867,714,"GSM4173514","Trem2_KO_5XFAD2","Trem2_KO_5XFAD",2,"KO","5XFAD",0,"9","9","9","Microglia",TRUE,"Trem2_KO_5XFAD2_CCTAGCTAGATATACG-1"
"Trem2_KO_5XFAD2",1590,1163,"GSM4173514","Trem2_KO_5XFAD2","Trem2_KO_5XFAD",2,"KO","5XFAD",0.0628930817610063,"9","9","9","Microglia",TRUE,"Trem2_KO_5XFAD2_CCTAGCTCAAGTCATC-1"
"Trem2_KO_5XFAD2",1022,808,"GSM4173514","Trem2_KO_5XFAD2","Trem2_KO_5XFAD",2,"KO","5XFAD",0.293542074363992,"9","9","9","Microglia",TRUE,"Trem2_KO_5XFAD2_CCTATTACACCTATCC-1"
"Trem2_KO_5XFAD2",1126,885,"GSM4173514","Trem2_KO_5XFAD2","Trem2_KO_5XFAD",2,"KO","5XFAD",0.266429840142096,"9","9","9","Microglia",TRUE,"Trem2_KO_5XFAD2_CCTTACGGTCCCTTGT-1"
"Trem2_KO_5XFAD2",1319,1032,"GSM4173514","Trem2_KO_5XFAD2","Trem2_KO_5XFAD",2,"KO","5XFAD",0.0758150113722517,"9","9","9","Microglia",TRUE,"Trem2_KO_5XFAD2_CCTTACGTCAGTCCCT-1"
"Trem2_KO_5XFAD2",717,601,"GSM4173514","Trem2_KO_5XFAD2","Trem2_KO_5XFAD",2,"KO","5XFAD",0,"9","9","9","Microglia",TRUE,"Trem2_KO_5XFAD2_CCTTACGTCGTTGACA-1"
"Trem2_KO_5XFAD2",1239,967,"GSM4173514","Trem2_KO_5XFAD2","Trem2_KO_5XFAD",2,"KO","5XFAD",0.0807102502017756,"9","9","9","Microglia",TRUE,"Trem2_KO_5XFAD2_CCTTCGAAGAGCAATT-1"
"Trem2_KO_5XFAD2",1362,1046,"GSM4173514","Trem2_KO_5XFAD2","Trem2_KO_5XFAD",2,"KO","5XFAD",0,"9","9","9","Microglia",TRUE,"Trem2_KO_5XFAD2_CCTTCGACATGCCTTC-1"
"Trem2_KO_5XFAD2",1237,967,"GSM4173514","Trem2_KO_5XFAD2","Trem2_KO_5XFAD",2,"KO","5XFAD",0,"9","9","9","Microglia",TRUE,"Trem2_KO_5XFAD2_CGAACATAGCCGATTT-1"
"Trem2_KO_5XFAD2",1641,1168,"GSM4173514","Trem2_KO_5XFAD2","Trem2_KO_5XFAD",2,"KO","5XFAD",0.12187690432663,"9","9","9","Microglia",TRUE,"Trem2_KO_5XFAD2_CGAATGTAGCCACGTC-1"
"Trem2_KO_5XFAD2",1509,1164,"GSM4173514","Trem2_KO_5XFAD2","Trem2_KO_5XFAD",2,"KO","5XFAD",0,"9","9","9","Microglia",TRUE,"Trem2_KO_5XFAD2_CGAATGTGTCTGCAAT-1"
"Trem2_KO_5XFAD2",1681,1291,"GSM4173514","Trem2_KO_5XFAD2","Trem2_KO_5XFAD",2,"KO","5XFAD",0,"9","9","9","Microglia",TRUE,"Trem2_KO_5XFAD2_CGAGCCATCGAACTGT-1"
"Trem2_KO_5XFAD2",1114,900,"GSM4173514","Trem2_KO_5XFAD2","Trem2_KO_5XFAD",2,"KO","5XFAD",0.359066427289048,"9","9","9","Microglia",TRUE,"Trem2_KO_5XFAD2_CGATCGGGTCCTGCTT-1"
"Trem2_KO_5XFAD2",1452,1104,"GSM4173514","Trem2_KO_5XFAD2","Trem2_KO_5XFAD",2,"KO","5XFAD",0.619834710743802,"9","9","9","Microglia",TRUE,"Trem2_KO_5XFAD2_CGATGGCTCAGGCGAA-1"
"Trem2_KO_5XFAD2",825,650,"GSM4173514","Trem2_KO_5XFAD2","Trem2_KO_5XFAD",2,"KO","5XFAD",0.484848484848485,"9","9","9","Microglia",TRUE,"Trem2_KO_5XFAD2_CGATTGAAGGAGCGTT-1"
"Trem2_KO_5XFAD2",979,765,"GSM4173514","Trem2_KO_5XFAD2","Trem2_KO_5XFAD",2,"KO","5XFAD",0,"9","9","9","Microglia",TRUE,"Trem2_KO_5XFAD2_CGCCAAGGTGAGTATA-1"
"Trem2_KO_5XFAD2",1117,858,"GSM4173514","Trem2_KO_5XFAD2","Trem2_KO_5XFAD",2,"KO","5XFAD",0.44762757385855,"9","9","9","Microglia",TRUE,"Trem2_KO_5XFAD2_CGCTATCTCTTCAACT-1"
"Trem2_KO_5XFAD2",980,782,"GSM4173514","Trem2_KO_5XFAD2","Trem2_KO_5XFAD",2,"KO","5XFAD",0.102040816326531,"9","9","9","Microglia",TRUE,"Trem2_KO_5XFAD2_CGCTGGATCAAGCCTA-1"
"Trem2_KO_5XFAD2",1469,1073,"GSM4173514","Trem2_KO_5XFAD2","Trem2_KO_5XFAD",2,"KO","5XFAD",8.9857045609258,"9","9","9","Microglia",TRUE,"Trem2_KO_5XFAD2_CGCTGGATCTCTGAGA-1"
"Trem2_KO_5XFAD2",1163,922,"GSM4173514","Trem2_KO_5XFAD2","Trem2_KO_5XFAD",2,"KO","5XFAD",0,"9","9","9","Microglia",TRUE,"Trem2_KO_5XFAD2_CGGACACGTGGTCCGT-1"
"Trem2_KO_5XFAD2",1311,993,"GSM4173514","Trem2_KO_5XFAD2","Trem2_KO_5XFAD",2,"KO","5XFAD",0,"9","9","9","Microglia",TRUE,"Trem2_KO_5XFAD2_CGGAGCTTCCACGAAT-1"
"Trem2_KO_5XFAD2",1325,1015,"GSM4173514","Trem2_KO_5XFAD2","Trem2_KO_5XFAD",2,"KO","5XFAD",0,"9","9","9","Microglia",TRUE,"Trem2_KO_5XFAD2_CGGCTAGGTATGGTTC-1"
"Trem2_KO_5XFAD2",1429,1075,"GSM4173514","Trem2_KO_5XFAD2","Trem2_KO_5XFAD",2,"KO","5XFAD",0.0699790062981106,"9","9","9","Microglia",TRUE,"Trem2_KO_5XFAD2_CGGGTCAGTGCCTGTG-1"
"Trem2_KO_5XFAD2",1516,1138,"GSM4173514","Trem2_KO_5XFAD2","Trem2_KO_5XFAD",2,"KO","5XFAD",0,"9","9","9","Microglia",TRUE,"Trem2_KO_5XFAD2_CGTAGCGAGTTCGCGC-1"
"Trem2_KO_5XFAD2",997,819,"GSM4173514","Trem2_KO_5XFAD2","Trem2_KO_5XFAD",2,"KO","5XFAD",0,"9","9","9","Microglia",TRUE,"Trem2_KO_5XFAD2_CGTAGGCAGCGTGAAC-1"
"Trem2_KO_5XFAD2",1296,1023,"GSM4173514","Trem2_KO_5XFAD2","Trem2_KO_5XFAD",2,"KO","5XFAD",0.154320987654321,"9","9","9","Microglia",TRUE,"Trem2_KO_5XFAD2_CGTGTCTCAAGACACG-1"
"Trem2_KO_5XFAD2",1419,1078,"GSM4173514","Trem2_KO_5XFAD2","Trem2_KO_5XFAD",2,"KO","5XFAD",2.88935870331219,"9","9","9","Microglia",TRUE,"Trem2_KO_5XFAD2_CGTTAGACAGTCGTGC-1"
"Trem2_KO_5XFAD2",1753,1286,"GSM4173514","Trem2_KO_5XFAD2","Trem2_KO_5XFAD",2,"KO","5XFAD",0.285225328009127,"9","9","9","Microglia",TRUE,"Trem2_KO_5XFAD2_CTACATTCAATAAGCA-1"
"Trem2_KO_5XFAD2",1565,1221,"GSM4173514","Trem2_KO_5XFAD2","Trem2_KO_5XFAD",2,"KO","5XFAD",0.0638977635782748,"9","9","9","Microglia",TRUE,"Trem2_KO_5XFAD2_CTCACACCATCTGGTA-1"
"Trem2_KO_5XFAD2",1285,1020,"GSM4173514","Trem2_KO_5XFAD2","Trem2_KO_5XFAD",2,"KO","5XFAD",0,"9","9","9","Microglia",TRUE,"Trem2_KO_5XFAD2_CTCAGAAAGGGTCTCC-1"
"Trem2_KO_5XFAD2",2889,1905,"GSM4173514","Trem2_KO_5XFAD2","Trem2_KO_5XFAD",2,"KO","5XFAD",0.0346140533056421,"9","9","9","Microglia",TRUE,"Trem2_KO_5XFAD2_CTCATTATCTTAGCCC-1"
"Trem2_KO_5XFAD2",1076,851,"GSM4173514","Trem2_KO_5XFAD2","Trem2_KO_5XFAD",2,"KO","5XFAD",0,"9","9","9","Microglia",TRUE,"Trem2_KO_5XFAD2_CTCGAGGTCACCCTCA-1"
"Trem2_KO_5XFAD2",1729,1271,"GSM4173514","Trem2_KO_5XFAD2","Trem2_KO_5XFAD",2,"KO","5XFAD",0.0578368999421631,"9","9","9","Microglia",TRUE,"Trem2_KO_5XFAD2_CTCGGAGCATCGTCGG-1"
"Trem2_KO_5XFAD2",1667,1190,"GSM4173514","Trem2_KO_5XFAD2","Trem2_KO_5XFAD",2,"KO","5XFAD",0.299940011997601,"9","9","9","Microglia",TRUE,"Trem2_KO_5XFAD2_CTCGTCACACGTCTCT-1"
"Trem2_KO_5XFAD2",1659,1245,"GSM4173514","Trem2_KO_5XFAD2","Trem2_KO_5XFAD",2,"KO","5XFAD",0.120554550934298,"9","9","9","Microglia",TRUE,"Trem2_KO_5XFAD2_CTCTAATGTATATCCG-1"
"Trem2_KO_5XFAD2",1713,1298,"GSM4173514","Trem2_KO_5XFAD2","Trem2_KO_5XFAD",2,"KO","5XFAD",0.291885580852306,"9","9","9","Microglia",TRUE,"Trem2_KO_5XFAD2_CTCTAATTCCAGATCA-1"
"Trem2_KO_5XFAD2",737,611,"GSM4173514","Trem2_KO_5XFAD2","Trem2_KO_5XFAD",2,"KO","5XFAD",0,"9","9","9","Microglia",TRUE,"Trem2_KO_5XFAD2_CTGAAACAGATATGGT-1"
"Trem2_KO_5XFAD2",596,488,"GSM4173514","Trem2_KO_5XFAD2","Trem2_KO_5XFAD",2,"KO","5XFAD",0.167785234899329,"9","9","9","Microglia",TRUE,"Trem2_KO_5XFAD2_CTGAAACAGTTACCCA-1"
"Trem2_KO_5XFAD2",1595,1232,"GSM4173514","Trem2_KO_5XFAD2","Trem2_KO_5XFAD",2,"KO","5XFAD",0,"9","9","9","Microglia",TRUE,"Trem2_KO_5XFAD2_CTGATCCGTGACCAAG-1"
"Trem2_KO_5XFAD2",1786,1327,"GSM4173514","Trem2_KO_5XFAD2","Trem2_KO_5XFAD",2,"KO","5XFAD",0.0559910414333707,"9","9","9","Microglia",TRUE,"Trem2_KO_5XFAD2_CTGATCCTCATGTCTT-1"
"Trem2_KO_5XFAD2",1394,1042,"GSM4173514","Trem2_KO_5XFAD2","Trem2_KO_5XFAD",2,"KO","5XFAD",0.932568149210904,"9","9","9","Microglia",TRUE,"Trem2_KO_5XFAD2_CTGCTGTGTTCCACGG-1"
"Trem2_KO_5XFAD2",1093,864,"GSM4173514","Trem2_KO_5XFAD2","Trem2_KO_5XFAD",2,"KO","5XFAD",0,"9","9","9","Microglia",TRUE,"Trem2_KO_5XFAD2_CTGCTGTTCTTACCGC-1"
"Trem2_KO_5XFAD2",1012,815,"GSM4173514","Trem2_KO_5XFAD2","Trem2_KO_5XFAD",2,"KO","5XFAD",0.0988142292490119,"9","9","9","Microglia",TRUE,"Trem2_KO_5XFAD2_CTGTGCTAGAGGTAGA-1"
"Trem2_KO_5XFAD2",1076,862,"GSM4173514","Trem2_KO_5XFAD2","Trem2_KO_5XFAD",2,"KO","5XFAD",0.278810408921933,"9","9","9","Microglia",TRUE,"Trem2_KO_5XFAD2_CTTACCGCAGACAAGC-1"
"Trem2_KO_5XFAD2",1005,810,"GSM4173514","Trem2_KO_5XFAD2","Trem2_KO_5XFAD",2,"KO","5XFAD",0,"9","9","9","Microglia",TRUE,"Trem2_KO_5XFAD2_CTTAGGAGTCCTCCAT-1"
"Trem2_KO_5XFAD2",952,782,"GSM4173514","Trem2_KO_5XFAD2","Trem2_KO_5XFAD",2,"KO","5XFAD",0.735294117647059,"9","9","9","Microglia",TRUE,"Trem2_KO_5XFAD2_CTTAGGATCAACCATG-1"
"Trem2_KO_5XFAD2",1603,1187,"GSM4173514","Trem2_KO_5XFAD2","Trem2_KO_5XFAD",2,"KO","5XFAD",0.187149095446039,"9","9","9","Microglia",TRUE,"Trem2_KO_5XFAD2_CTTAGGATCACCTCGT-1"
"Trem2_KO_5XFAD2",1388,1080,"GSM4173514","Trem2_KO_5XFAD2","Trem2_KO_5XFAD",2,"KO","5XFAD",0.0720461095100865,"9","9","9","Microglia",TRUE,"Trem2_KO_5XFAD2_GAAGCAGCAACTGCGC-1"
"Trem2_KO_5XFAD2",1222,993,"GSM4173514","Trem2_KO_5XFAD2","Trem2_KO_5XFAD",2,"KO","5XFAD",0.16366612111293,"9","9","9","Microglia",TRUE,"Trem2_KO_5XFAD2_GAATAAGAGTTAGCGG-1"
"Trem2_KO_5XFAD2",1351,1040,"GSM4173514","Trem2_KO_5XFAD2","Trem2_KO_5XFAD",2,"KO","5XFAD",0.148038490007402,"9","9","9","Microglia",TRUE,"Trem2_KO_5XFAD2_GACACGCCATCGATGT-1"
"Trem2_KO_5XFAD2",1833,1287,"GSM4173514","Trem2_KO_5XFAD2","Trem2_KO_5XFAD",2,"KO","5XFAD",0.0545553737043099,"9","9","9","Microglia",TRUE,"Trem2_KO_5XFAD2_GACAGAGGTGCACCAC-1"
"Trem2_KO_5XFAD2",1093,833,"GSM4173514","Trem2_KO_5XFAD2","Trem2_KO_5XFAD",2,"KO","5XFAD",0.182982616651418,"9","9","9","Microglia",TRUE,"Trem2_KO_5XFAD2_GACCTGGTCATATCGG-1"
"Trem2_KO_5XFAD2",1318,1009,"GSM4173514","Trem2_KO_5XFAD2","Trem2_KO_5XFAD",2,"KO","5XFAD",0.0758725341426404,"9","9","9","Microglia",TRUE,"Trem2_KO_5XFAD2_GACCTGGTCGCGTTTC-1"
"Trem2_KO_5XFAD2",1064,820,"GSM4173514","Trem2_KO_5XFAD2","Trem2_KO_5XFAD",2,"KO","5XFAD",0,"9","9","9","Microglia",TRUE,"Trem2_KO_5XFAD2_GACGCGTCATTCCTGC-1"
"Trem2_KO_5XFAD2",1097,870,"GSM4173514","Trem2_KO_5XFAD2","Trem2_KO_5XFAD",2,"KO","5XFAD",0,"9","9","9","Microglia",TRUE,"Trem2_KO_5XFAD2_GACGTTAGTGTGAATA-1"
"Trem2_KO_5XFAD2",1360,1023,"GSM4173514","Trem2_KO_5XFAD2","Trem2_KO_5XFAD",2,"KO","5XFAD",0,"9","9","9","Microglia",TRUE,"Trem2_KO_5XFAD2_GACTACAAGGTAGCCA-1"
"Trem2_KO_5XFAD2",1390,1059,"GSM4173514","Trem2_KO_5XFAD2","Trem2_KO_5XFAD",2,"KO","5XFAD",0.287769784172662,"9","9","9","Microglia",TRUE,"Trem2_KO_5XFAD2_GACTGCGTCTTGAGGT-1"
"Trem2_KO_5XFAD2",1169,905,"GSM4173514","Trem2_KO_5XFAD2","Trem2_KO_5XFAD",2,"KO","5XFAD",0.513259195893926,"9","9","9","Microglia",TRUE,"Trem2_KO_5XFAD2_GAGCAGATCCTGCAGG-1"
"Trem2_KO_5XFAD2",1261,994,"GSM4173514","Trem2_KO_5XFAD2","Trem2_KO_5XFAD",2,"KO","5XFAD",0.237906423473434,"9","9","9","Microglia",TRUE,"Trem2_KO_5XFAD2_GAGTCCGTCTTCCTTC-1"
"Trem2_KO_5XFAD2",1373,1049,"GSM4173514","Trem2_KO_5XFAD2","Trem2_KO_5XFAD",2,"KO","5XFAD",0.21849963583394,"9","9","9","Microglia",TRUE,"Trem2_KO_5XFAD2_GATCTAGAGTTCGCAT-1"
"Trem2_KO_5XFAD2",1443,1097,"GSM4173514","Trem2_KO_5XFAD2","Trem2_KO_5XFAD",2,"KO","5XFAD",0.138600138600139,"9","9","9","Microglia",TRUE,"Trem2_KO_5XFAD2_GATCTAGGTCATTAGC-1"
"Trem2_KO_5XFAD2",1428,1063,"GSM4173514","Trem2_KO_5XFAD2","Trem2_KO_5XFAD",2,"KO","5XFAD",0,"9","9","9","Microglia",TRUE,"Trem2_KO_5XFAD2_GATCTAGTCAGCTCTC-1"
"Trem2_KO_5XFAD2",4534,2768,"GSM4173514","Trem2_KO_5XFAD2","Trem2_KO_5XFAD",2,"KO","5XFAD",0.0220555800617556,"9","9","9","Microglia",TRUE,"Trem2_KO_5XFAD2_GATGAGGGTAGCTTGT-1"
"Trem2_KO_5XFAD2",965,771,"GSM4173514","Trem2_KO_5XFAD2","Trem2_KO_5XFAD",2,"KO","5XFAD",0.103626943005181,"9","9","9","Microglia",TRUE,"Trem2_KO_5XFAD2_GATGAGGGTCGGCACT-1"
"Trem2_KO_5XFAD2",1500,1135,"GSM4173514","Trem2_KO_5XFAD2","Trem2_KO_5XFAD",2,"KO","5XFAD",0,"9","9","9","Microglia",TRUE,"Trem2_KO_5XFAD2_GATGAGGTCCTTGACC-1"
"Trem2_KO_5XFAD2",1137,906,"GSM4173514","Trem2_KO_5XFAD2","Trem2_KO_5XFAD",2,"KO","5XFAD",0.175901495162709,"9","9","9","Microglia",TRUE,"Trem2_KO_5XFAD2_GCACATATCAATACCG-1"
"Trem2_KO_5XFAD2",880,725,"GSM4173514","Trem2_KO_5XFAD2","Trem2_KO_5XFAD",2,"KO","5XFAD",0,"9","9","9","Microglia",TRUE,"Trem2_KO_5XFAD2_GCACATATCGAATCCA-1"
"Trem2_KO_5XFAD2",576,481,"GSM4173514","Trem2_KO_5XFAD2","Trem2_KO_5XFAD",2,"KO","5XFAD",0.347222222222222,"9","9","9","Microglia",TRUE,"Trem2_KO_5XFAD2_GCACTCTCATTCGACA-1"
"Trem2_KO_5XFAD2",1798,1301,"GSM4173514","Trem2_KO_5XFAD2","Trem2_KO_5XFAD",2,"KO","5XFAD",0.389321468298109,"9","9","9","Microglia",TRUE,"Trem2_KO_5XFAD2_GCAGCCAAGGTCATCT-1"
"Trem2_KO_5XFAD2",1604,1240,"GSM4173514","Trem2_KO_5XFAD2","Trem2_KO_5XFAD",2,"KO","5XFAD",0.0623441396508728,"9","9","9","Microglia",TRUE,"Trem2_KO_5XFAD2_GCAGTTAAGTATCTCG-1"
"Trem2_KO_5XFAD2",906,724,"GSM4173514","Trem2_KO_5XFAD2","Trem2_KO_5XFAD",2,"KO","5XFAD",0,"9","9","9","Microglia",TRUE,"Trem2_KO_5XFAD2_GCATACAAGAAGGTTT-1"
"Trem2_KO_5XFAD2",2104,1497,"GSM4173514","Trem2_KO_5XFAD2","Trem2_KO_5XFAD",2,"KO","5XFAD",0,"9","9","9","Microglia",TRUE,"Trem2_KO_5XFAD2_GCATACAAGCGTAATA-1"
"Trem2_KO_5XFAD2",1368,1056,"GSM4173514","Trem2_KO_5XFAD2","Trem2_KO_5XFAD",2,"KO","5XFAD",0.0730994152046784,"9","9","9","Microglia",TRUE,"Trem2_KO_5XFAD2_GCATGATTCCGAAGAG-1"
"Trem2_KO_5XFAD2",2917,1975,"GSM4173514","Trem2_KO_5XFAD2","Trem2_KO_5XFAD",2,"KO","5XFAD",0.308536167295166,"9","9","9","Microglia",TRUE,"Trem2_KO_5XFAD2_GCATGATTCGCCTGTT-1"
"Trem2_KO_5XFAD2",1547,1182,"GSM4173514","Trem2_KO_5XFAD2","Trem2_KO_5XFAD",2,"KO","5XFAD",0.129282482223659,"9","9","9","Microglia",TRUE,"Trem2_KO_5XFAD2_GCATGTACAGGACCCT-1"
"Trem2_KO_5XFAD2",1432,1112,"GSM4173514","Trem2_KO_5XFAD2","Trem2_KO_5XFAD",2,"KO","5XFAD",0.418994413407821,"9","9","9","Microglia",TRUE,"Trem2_KO_5XFAD2_GCCAAATAGATATGCA-1"
"Trem2_KO_5XFAD2",943,757,"GSM4173514","Trem2_KO_5XFAD2","Trem2_KO_5XFAD",2,"KO","5XFAD",0.31813361611877,"9","9","9","Microglia",TRUE,"Trem2_KO_5XFAD2_GCCAAATTCCTAGGGC-1"
"Trem2_KO_5XFAD2",1494,1142,"GSM4173514","Trem2_KO_5XFAD2","Trem2_KO_5XFAD",2,"KO","5XFAD",0.133868808567604,"9","9","9","Microglia",TRUE,"Trem2_KO_5XFAD2_GCCTCTAGTCTGCCAG-1"
"Trem2_KO_5XFAD2",1381,1006,"GSM4173514","Trem2_KO_5XFAD2","Trem2_KO_5XFAD",2,"KO","5XFAD",0,"9","9","9","Microglia",TRUE,"Trem2_KO_5XFAD2_GCGACCAAGGTAGCCA-1"
"Trem2_KO_5XFAD2",2671,1776,"GSM4173514","Trem2_KO_5XFAD2","Trem2_KO_5XFAD",2,"KO","5XFAD",0.0374391613627855,"9","9","9","Microglia",TRUE,"Trem2_KO_5XFAD2_GCGACCACATGCCTAA-1"
"Trem2_KO_5XFAD2",1104,882,"GSM4173514","Trem2_KO_5XFAD2","Trem2_KO_5XFAD",2,"KO","5XFAD",0.0905797101449275,"9","9","9","Microglia",TRUE,"Trem2_KO_5XFAD2_GCGAGAACACTACAGT-1"
"Trem2_KO_5XFAD2",1382,1082,"GSM4173514","Trem2_KO_5XFAD2","Trem2_KO_5XFAD",2,"KO","5XFAD",0,"9","9","9","Microglia",TRUE,"Trem2_KO_5XFAD2_GCGCAGTTCGTCACGG-1"
"Trem2_KO_5XFAD2",1367,995,"GSM4173514","Trem2_KO_5XFAD2","Trem2_KO_5XFAD",2,"KO","5XFAD",0,"9","9","9","Microglia",TRUE,"Trem2_KO_5XFAD2_GCGCGATTCAGGATCT-1"
"Trem2_KO_5XFAD2",1304,968,"GSM4173514","Trem2_KO_5XFAD2","Trem2_KO_5XFAD",2,"KO","5XFAD",0,"9","9","9","Microglia",TRUE,"Trem2_KO_5XFAD2_GCTCCTAAGGAGCGTT-1"
"Trem2_KO_5XFAD2",1120,864,"GSM4173514","Trem2_KO_5XFAD2","Trem2_KO_5XFAD",2,"KO","5XFAD",0.0892857142857143,"9","9","9","Microglia",TRUE,"Trem2_KO_5XFAD2_GCTCTGTCACCAGGCT-1"
"Trem2_KO_5XFAD2",1468,1135,"GSM4173514","Trem2_KO_5XFAD2","Trem2_KO_5XFAD",2,"KO","5XFAD",0.0681198910081744,"9","9","9","Microglia",TRUE,"Trem2_KO_5XFAD2_GCTCTGTTCTGTCCGT-1"
"Trem2_KO_5XFAD2",1667,1218,"GSM4173514","Trem2_KO_5XFAD2","Trem2_KO_5XFAD",2,"KO","5XFAD",0.299940011997601,"9","9","9","Microglia",TRUE,"Trem2_KO_5XFAD2_GCTGCGAAGGAGTTGC-1"
"Trem2_KO_5XFAD2",907,729,"GSM4173514","Trem2_KO_5XFAD2","Trem2_KO_5XFAD",2,"KO","5XFAD",0,"9","9","9","Microglia",TRUE,"Trem2_KO_5XFAD2_GCTGCGACAAGAAGAG-1"
"Trem2_KO_5XFAD2",1782,1275,"GSM4173514","Trem2_KO_5XFAD2","Trem2_KO_5XFAD",2,"KO","5XFAD",0,"9","9","9","Microglia",TRUE,"Trem2_KO_5XFAD2_GCTGCTTGTACCGCTG-1"
"Trem2_KO_5XFAD2",1565,1225,"GSM4173514","Trem2_KO_5XFAD2","Trem2_KO_5XFAD",2,"KO","5XFAD",0.0638977635782748,"9","9","9","Microglia",TRUE,"Trem2_KO_5XFAD2_GCTGGGTTCAAACAAG-1"
"Trem2_KO_5XFAD2",1187,968,"GSM4173514","Trem2_KO_5XFAD2","Trem2_KO_5XFAD",2,"KO","5XFAD",0.08424599831508,"9","9","9","Microglia",TRUE,"Trem2_KO_5XFAD2_GGAAAGCAGAACAATC-1"
"Trem2_KO_5XFAD2",1595,1209,"GSM4173514","Trem2_KO_5XFAD2","Trem2_KO_5XFAD",2,"KO","5XFAD",0,"9","9","9","Microglia",TRUE,"Trem2_KO_5XFAD2_GGAAAGCGTGACTACT-1"
"Trem2_KO_5XFAD2",1234,970,"GSM4173514","Trem2_KO_5XFAD2","Trem2_KO_5XFAD",2,"KO","5XFAD",0.810372771474878,"9","9","9","Microglia",TRUE,"Trem2_KO_5XFAD2_GGAACTTTCACTGGGC-1"
"Trem2_KO_5XFAD2",1125,886,"GSM4173514","Trem2_KO_5XFAD2","Trem2_KO_5XFAD",2,"KO","5XFAD",0,"9","9","9","Microglia",TRUE,"Trem2_KO_5XFAD2_GGAACTTTCTTACCTA-1"
"Trem2_KO_5XFAD2",2039,1533,"GSM4173514","Trem2_KO_5XFAD2","Trem2_KO_5XFAD",2,"KO","5XFAD",0.245218244237371,"9","9","9","Microglia",TRUE,"Trem2_KO_5XFAD2_GGACAAGAGTCCCACG-1"
"Trem2_KO_5XFAD2",1457,1085,"GSM4173514","Trem2_KO_5XFAD2","Trem2_KO_5XFAD",2,"KO","5XFAD",0,"9","9","9","Microglia",TRUE,"Trem2_KO_5XFAD2_GGACAAGTCAAGGTAA-1"
"Trem2_KO_5XFAD2",1323,1030,"GSM4173514","Trem2_KO_5XFAD2","Trem2_KO_5XFAD",2,"KO","5XFAD",0,"9","9","9","Microglia",TRUE,"Trem2_KO_5XFAD2_GGACATTTCTAACGGT-1"
"Trem2_KO_5XFAD2",1488,1143,"GSM4173514","Trem2_KO_5XFAD2","Trem2_KO_5XFAD",2,"KO","5XFAD",0.201612903225806,"9","9","9","Microglia",TRUE,"Trem2_KO_5XFAD2_GGCGACTGTCCCGACA-1"
"Trem2_KO_5XFAD2",1566,1195,"GSM4173514","Trem2_KO_5XFAD2","Trem2_KO_5XFAD",2,"KO","5XFAD",0.0638569604086845,"9","9","9","Microglia",TRUE,"Trem2_KO_5XFAD2_GGCTGGTAGGAGTTTA-1"
"Trem2_KO_5XFAD2",1189,934,"GSM4173514","Trem2_KO_5XFAD2","Trem2_KO_5XFAD",2,"KO","5XFAD",0.336417157275021,"9","9","9","Microglia",TRUE,"Trem2_KO_5XFAD2_GGGAGATCAGTACACT-1"
"Trem2_KO_5XFAD2",1346,1057,"GSM4173514","Trem2_KO_5XFAD2","Trem2_KO_5XFAD",2,"KO","5XFAD",0.148588410104012,"9","9","9","Microglia",TRUE,"Trem2_KO_5XFAD2_GGGTTGCTCAGGATCT-1"
"Trem2_KO_5XFAD2",1277,990,"GSM4173514","Trem2_KO_5XFAD2","Trem2_KO_5XFAD",2,"KO","5XFAD",0.0783085356303837,"9","9","9","Microglia",TRUE,"Trem2_KO_5XFAD2_GGTGCGTCACTTAACG-1"
"Trem2_KO_5XFAD2",1112,874,"GSM4173514","Trem2_KO_5XFAD2","Trem2_KO_5XFAD",2,"KO","5XFAD",0.179856115107914,"9","9","9","Microglia",TRUE,"Trem2_KO_5XFAD2_GGTGCGTGTACGACCC-1"
"Trem2_KO_5XFAD2",1561,1132,"GSM4173514","Trem2_KO_5XFAD2","Trem2_KO_5XFAD",2,"KO","5XFAD",0.0640614990390775,"9","9","9","Microglia",TRUE,"Trem2_KO_5XFAD2_GGTGTTATCCGAATGT-1"
"Trem2_KO_5XFAD2",1133,930,"GSM4173514","Trem2_KO_5XFAD2","Trem2_KO_5XFAD",2,"KO","5XFAD",0.088261253309797,"9","9","9","Microglia",TRUE,"Trem2_KO_5XFAD2_GTAACGTAGGCAGGTT-1"
"Trem2_KO_5XFAD2",1898,1395,"GSM4173514","Trem2_KO_5XFAD2","Trem2_KO_5XFAD",2,"KO","5XFAD",0.263435194942044,"9","9","9","Microglia",TRUE,"Trem2_KO_5XFAD2_GTACGTATCTGTTTGT-1"
"Trem2_KO_5XFAD2",1301,1062,"GSM4173514","Trem2_KO_5XFAD2","Trem2_KO_5XFAD",2,"KO","5XFAD",0,"9","9","9","Microglia",TRUE,"Trem2_KO_5XFAD2_GTCAAGTAGGCCCTCA-1"
"Trem2_KO_5XFAD2",1440,1039,"GSM4173514","Trem2_KO_5XFAD2","Trem2_KO_5XFAD",2,"KO","5XFAD",0.0694444444444444,"9","9","9","Microglia",TRUE,"Trem2_KO_5XFAD2_GTCATTTAGCCGCCTA-1"
"Trem2_KO_5XFAD2",1393,1069,"GSM4173514","Trem2_KO_5XFAD2","Trem2_KO_5XFAD",2,"KO","5XFAD",0,"9","9","9","Microglia",TRUE,"Trem2_KO_5XFAD2_GTCATTTAGTGCTGCC-1"
"Trem2_KO_5XFAD2",1270,916,"GSM4173514","Trem2_KO_5XFAD2","Trem2_KO_5XFAD",2,"KO","5XFAD",0.15748031496063,"9","9","9","Microglia",TRUE,"Trem2_KO_5XFAD2_GTCTCGTCAATGAATG-1"
"Trem2_KO_5XFAD2",1699,1230,"GSM4173514","Trem2_KO_5XFAD2","Trem2_KO_5XFAD",2,"KO","5XFAD",0,"9","9","9","Microglia",TRUE,"Trem2_KO_5XFAD2_GTCTCGTGTCAGAAGC-1"
"Trem2_KO_5XFAD2",1803,1332,"GSM4173514","Trem2_KO_5XFAD2","Trem2_KO_5XFAD",2,"KO","5XFAD",0.610094287298946,"9","9","9","Microglia",TRUE,"Trem2_KO_5XFAD2_GTGCGGTAGGCTCAGA-1"
"Trem2_KO_5XFAD2",964,795,"GSM4173514","Trem2_KO_5XFAD2","Trem2_KO_5XFAD",2,"KO","5XFAD",0.518672199170124,"9","9","9","Microglia",TRUE,"Trem2_KO_5XFAD2_GTGTGCGCAGATGGCA-1"
"Trem2_KO_5XFAD2",1269,961,"GSM4173514","Trem2_KO_5XFAD2","Trem2_KO_5XFAD",2,"KO","5XFAD",1.18203309692671,"9","9","9","Microglia",TRUE,"Trem2_KO_5XFAD2_GTGTTAGAGGACATTA-1"
"Trem2_KO_5XFAD2",1434,1089,"GSM4173514","Trem2_KO_5XFAD2","Trem2_KO_5XFAD",2,"KO","5XFAD",0.209205020920502,"9","9","9","Microglia",TRUE,"Trem2_KO_5XFAD2_GTTCATTAGCGTTTAC-1"
"Trem2_KO_5XFAD2",1436,1078,"GSM4173514","Trem2_KO_5XFAD2","Trem2_KO_5XFAD",2,"KO","5XFAD",0.835654596100279,"9","9","9","Microglia",TRUE,"Trem2_KO_5XFAD2_GTTCATTCAGCCACCA-1"
"Trem2_KO_5XFAD2",648,531,"GSM4173514","Trem2_KO_5XFAD2","Trem2_KO_5XFAD",2,"KO","5XFAD",0,"9","9","9","Microglia",TRUE,"Trem2_KO_5XFAD2_GTTCGGGAGGACGAAA-1"
"Trem2_KO_5XFAD2",1067,848,"GSM4173514","Trem2_KO_5XFAD2","Trem2_KO_5XFAD",2,"KO","5XFAD",0.0937207122774133,"9","9","9","Microglia",TRUE,"Trem2_KO_5XFAD2_GTTCTCGTCGATCCCT-1"
"Trem2_KO_5XFAD2",1158,904,"GSM4173514","Trem2_KO_5XFAD2","Trem2_KO_5XFAD",2,"KO","5XFAD",0.0863557858376511,"9","9","9","Microglia",TRUE,"Trem2_KO_5XFAD2_GTTTCTAGTAGCTGCC-1"
"Trem2_KO_5XFAD2",1143,871,"GSM4173514","Trem2_KO_5XFAD2","Trem2_KO_5XFAD",2,"KO","5XFAD",0.0874890638670166,"9","9","9","Microglia",TRUE,"Trem2_KO_5XFAD2_TAAACCGTCAGCACAT-1"
"Trem2_KO_5XFAD2",1011,808,"GSM4173514","Trem2_KO_5XFAD2","Trem2_KO_5XFAD",2,"KO","5XFAD",0.0989119683481701,"9","9","9","Microglia",TRUE,"Trem2_KO_5XFAD2_TAAGCGTAGAGTACCG-1"
"Trem2_KO_5XFAD2",1540,1129,"GSM4173514","Trem2_KO_5XFAD2","Trem2_KO_5XFAD",2,"KO","5XFAD",0.38961038961039,"9","9","9","Microglia",TRUE,"Trem2_KO_5XFAD2_TACAGTGAGTACATGA-1"
"Trem2_KO_5XFAD2",1499,1136,"GSM4173514","Trem2_KO_5XFAD2","Trem2_KO_5XFAD",2,"KO","5XFAD",0.066711140760507,"9","9","9","Microglia",TRUE,"Trem2_KO_5XFAD2_TACAGTGGTCCATGAT-1"
"Trem2_KO_5XFAD2",1257,907,"GSM4173514","Trem2_KO_5XFAD2","Trem2_KO_5XFAD",2,"KO","5XFAD",0,"9","9","9","Microglia",TRUE,"Trem2_KO_5XFAD2_TACGGGCGTCACCTAA-1"
"Trem2_KO_5XFAD2",1221,946,"GSM4173514","Trem2_KO_5XFAD2","Trem2_KO_5XFAD",2,"KO","5XFAD",0,"9","9","9","Microglia",TRUE,"Trem2_KO_5XFAD2_TACGGGCGTCATCGGC-1"
"Trem2_KO_5XFAD2",1125,927,"GSM4173514","Trem2_KO_5XFAD2","Trem2_KO_5XFAD",2,"KO","5XFAD",0.266666666666667,"9","9","9","Microglia",TRUE,"Trem2_KO_5XFAD2_TACTTACAGACAGGCT-1"
"Trem2_KO_5XFAD2",1622,1198,"GSM4173514","Trem2_KO_5XFAD2","Trem2_KO_5XFAD",2,"KO","5XFAD",1.23304562268804,"9","9","9","Microglia",TRUE,"Trem2_KO_5XFAD2_TAGAGCTCAGCTGTTA-1"
"Trem2_KO_5XFAD2",1310,1017,"GSM4173514","Trem2_KO_5XFAD2","Trem2_KO_5XFAD",2,"KO","5XFAD",0,"9","9","9","Microglia",TRUE,"Trem2_KO_5XFAD2_TAGCCGGAGACTCGGA-1"
"Trem2_KO_5XFAD2",1321,1012,"GSM4173514","Trem2_KO_5XFAD2","Trem2_KO_5XFAD",2,"KO","5XFAD",0,"9","9","9","Microglia",TRUE,"Trem2_KO_5XFAD2_TAGGCATGTTGACGTT-1"
"Trem2_KO_5XFAD2",1442,1115,"GSM4173514","Trem2_KO_5XFAD2","Trem2_KO_5XFAD",2,"KO","5XFAD",1.73370319001387,"9","9","9","Microglia",TRUE,"Trem2_KO_5XFAD2_TATCAGGAGCCACCTG-1"
"Trem2_KO_5XFAD2",1013,807,"GSM4173514","Trem2_KO_5XFAD2","Trem2_KO_5XFAD",2,"KO","5XFAD",0,"9","9","9","Microglia",TRUE,"Trem2_KO_5XFAD2_TATCAGGAGTTAGCGG-1"
"Trem2_KO_5XFAD2",1023,843,"GSM4173514","Trem2_KO_5XFAD2","Trem2_KO_5XFAD",2,"KO","5XFAD",0.293255131964809,"9","9","9","Microglia",TRUE,"Trem2_KO_5XFAD2_TATGCCCGTAGCGATG-1"
"Trem2_KO_5XFAD2",1056,807,"GSM4173514","Trem2_KO_5XFAD2","Trem2_KO_5XFAD",2,"KO","5XFAD",0.0946969696969697,"9","9","9","Microglia",TRUE,"Trem2_KO_5XFAD2_TATTACCCATGACGGA-1"
"Trem2_KO_5XFAD2",1779,1312,"GSM4173514","Trem2_KO_5XFAD2","Trem2_KO_5XFAD",2,"KO","5XFAD",0.0562113546936481,"9","9","9","Microglia",TRUE,"Trem2_KO_5XFAD2_TCAACGAGTTACAGAA-1"
"Trem2_KO_5XFAD2",1381,1066,"GSM4173514","Trem2_KO_5XFAD2","Trem2_KO_5XFAD",2,"KO","5XFAD",2.31716147719044,"9","9","9","Microglia",TRUE,"Trem2_KO_5XFAD2_TCAACGATCGTGACAT-1"
"Trem2_KO_5XFAD2",1131,896,"GSM4173514","Trem2_KO_5XFAD2","Trem2_KO_5XFAD",2,"KO","5XFAD",0.17683465959328,"9","9","9","Microglia",TRUE,"Trem2_KO_5XFAD2_TCAGATGAGCCCAACC-1"
"Trem2_KO_5XFAD2",1339,1011,"GSM4173514","Trem2_KO_5XFAD2","Trem2_KO_5XFAD",2,"KO","5XFAD",0,"9","9","9","Microglia",TRUE,"Trem2_KO_5XFAD2_TCAGATGGTAAGTAGT-1"
"Trem2_KO_5XFAD2",1229,972,"GSM4173514","Trem2_KO_5XFAD2","Trem2_KO_5XFAD",2,"KO","5XFAD",0.16273393002441,"9","9","9","Microglia",TRUE,"Trem2_KO_5XFAD2_TCAGCAAAGGAATCGC-1"
"Trem2_KO_5XFAD2",1518,1121,"GSM4173514","Trem2_KO_5XFAD2","Trem2_KO_5XFAD",2,"KO","5XFAD",0.856389986824769,"9","9","9","Microglia",TRUE,"Trem2_KO_5XFAD2_TCATTACAGCTGCAAG-1"
"Trem2_KO_5XFAD2",827,682,"GSM4173514","Trem2_KO_5XFAD2","Trem2_KO_5XFAD",2,"KO","5XFAD",0.120918984280532,"9","9","9","Microglia",TRUE,"Trem2_KO_5XFAD2_TCATTACCATCCCATC-1"
"Trem2_KO_5XFAD2",1344,1056,"GSM4173514","Trem2_KO_5XFAD2","Trem2_KO_5XFAD",2,"KO","5XFAD",0.297619047619048,"9","9","9","Microglia",TRUE,"Trem2_KO_5XFAD2_TCATTACCATGTCCTC-1"
"Trem2_KO_5XFAD2",1326,967,"GSM4173514","Trem2_KO_5XFAD2","Trem2_KO_5XFAD",2,"KO","5XFAD",0,"9","9","9","Microglia",TRUE,"Trem2_KO_5XFAD2_TCCCGATAGTGTCCAT-1"
"Trem2_KO_5XFAD2",590,487,"GSM4173514","Trem2_KO_5XFAD2","Trem2_KO_5XFAD",2,"KO","5XFAD",0,"9","9","9","Microglia",TRUE,"Trem2_KO_5XFAD2_TCGCGAGTCGCTTAGA-1"
"Trem2_KO_5XFAD2",1160,922,"GSM4173514","Trem2_KO_5XFAD2","Trem2_KO_5XFAD",2,"KO","5XFAD",0.0862068965517241,"9","9","9","Microglia",TRUE,"Trem2_KO_5XFAD2_TCGGTAATCTCGCTTG-1"
"Trem2_KO_5XFAD2",1379,1033,"GSM4173514","Trem2_KO_5XFAD2","Trem2_KO_5XFAD",2,"KO","5XFAD",0.0725163161711385,"9","9","9","Microglia",TRUE,"Trem2_KO_5XFAD2_TCTCTAAAGCGTGAGT-1"
"Trem2_KO_5XFAD2",1566,1161,"GSM4173514","Trem2_KO_5XFAD2","Trem2_KO_5XFAD",2,"KO","5XFAD",0.319284802043423,"9","9","9","Microglia",TRUE,"Trem2_KO_5XFAD2_TCTCTAAAGGACAGAA-1"
"Trem2_KO_5XFAD2",861,716,"GSM4173514","Trem2_KO_5XFAD2","Trem2_KO_5XFAD",2,"KO","5XFAD",0,"9","9","9","Microglia",TRUE,"Trem2_KO_5XFAD2_TCTGAGAAGACTAGGC-1"
"Trem2_KO_5XFAD2",1302,965,"GSM4173514","Trem2_KO_5XFAD2","Trem2_KO_5XFAD",2,"KO","5XFAD",0.0768049155145929,"9","9","9","Microglia",TRUE,"Trem2_KO_5XFAD2_TCTGGAAAGGTTCCTA-1"
"Trem2_KO_5XFAD2",869,675,"GSM4173514","Trem2_KO_5XFAD2","Trem2_KO_5XFAD",2,"KO","5XFAD",0.115074798619102,"9","9","9","Microglia",TRUE,"Trem2_KO_5XFAD2_TCTGGAATCCCATTTA-1"
"Trem2_KO_5XFAD2",1021,825,"GSM4173514","Trem2_KO_5XFAD2","Trem2_KO_5XFAD",2,"KO","5XFAD",0.0979431929480901,"9","9","9","Microglia",TRUE,"Trem2_KO_5XFAD2_TCTTCGGTCCGTCATC-1"
"Trem2_KO_5XFAD2",2818,1918,"GSM4173514","Trem2_KO_5XFAD2","Trem2_KO_5XFAD",2,"KO","5XFAD",0.177430801987225,"9","9","9","Microglia",TRUE,"Trem2_KO_5XFAD2_TGACGGCAGACACGAC-1"
"Trem2_KO_5XFAD2",1298,1021,"GSM4173514","Trem2_KO_5XFAD2","Trem2_KO_5XFAD",2,"KO","5XFAD",0.154083204930663,"9","9","9","Microglia",TRUE,"Trem2_KO_5XFAD2_TGACGGCGTAAGAGAG-1"
"Trem2_KO_5XFAD2",1383,1065,"GSM4173514","Trem2_KO_5XFAD2","Trem2_KO_5XFAD",2,"KO","5XFAD",0,"9","9","9","Microglia",TRUE,"Trem2_KO_5XFAD2_TGACGGCTCAGTTTGG-1"
"Trem2_KO_5XFAD2",997,800,"GSM4173514","Trem2_KO_5XFAD2","Trem2_KO_5XFAD",2,"KO","5XFAD",2.00601805416249,"9","9","9","Microglia",TRUE,"Trem2_KO_5XFAD2_TGACTAGCAGTGAGTG-1"
"Trem2_KO_5XFAD2",1303,1024,"GSM4173514","Trem2_KO_5XFAD2","Trem2_KO_5XFAD",2,"KO","5XFAD",0.0767459708365311,"9","9","9","Microglia",TRUE,"Trem2_KO_5XFAD2_TGAGCCGTCTCTGTCG-1"
"Trem2_KO_5XFAD2",1176,934,"GSM4173514","Trem2_KO_5XFAD2","Trem2_KO_5XFAD",2,"KO","5XFAD",0,"9","9","9","Microglia",TRUE,"Trem2_KO_5XFAD2_TGAGCCGTCTTGTTTG-1"
"Trem2_KO_5XFAD2",1018,853,"GSM4173514","Trem2_KO_5XFAD2","Trem2_KO_5XFAD",2,"KO","5XFAD",0,"9","9","9","Microglia",TRUE,"Trem2_KO_5XFAD2_TGAGGGACACCACCAG-1"
"Trem2_KO_5XFAD2",1503,1112,"GSM4173514","Trem2_KO_5XFAD2","Trem2_KO_5XFAD",2,"KO","5XFAD",0,"9","9","9","Microglia",TRUE,"Trem2_KO_5XFAD2_TGCACCTTCATGTAGC-1"
"Trem2_KO_5XFAD2",1048,844,"GSM4173514","Trem2_KO_5XFAD2","Trem2_KO_5XFAD",2,"KO","5XFAD",0,"9","9","9","Microglia",TRUE,"Trem2_KO_5XFAD2_TGCCCATAGGCGCTCT-1"
"Trem2_KO_5XFAD2",1188,954,"GSM4173514","Trem2_KO_5XFAD2","Trem2_KO_5XFAD",2,"KO","5XFAD",0,"9","9","9","Microglia",TRUE,"Trem2_KO_5XFAD2_TGCCCTACAAGACACG-1"
"Trem2_KO_5XFAD2",1294,1011,"GSM4173514","Trem2_KO_5XFAD2","Trem2_KO_5XFAD",2,"KO","5XFAD",0.154559505409583,"9","9","9","Microglia",TRUE,"Trem2_KO_5XFAD2_TGCGTGGAGCCTATGT-1"
"Trem2_KO_5XFAD2",608,499,"GSM4173514","Trem2_KO_5XFAD2","Trem2_KO_5XFAD",2,"KO","5XFAD",0.164473684210526,"9","9","9","Microglia",TRUE,"Trem2_KO_5XFAD2_TGGACGCTCCCAACGG-1"
"Trem2_KO_5XFAD2",1102,879,"GSM4173514","Trem2_KO_5XFAD2","Trem2_KO_5XFAD",2,"KO","5XFAD",0.907441016333938,"9","9","9","Microglia",TRUE,"Trem2_KO_5XFAD2_TGGCGCAAGGCAGTCA-1"
"Trem2_KO_5XFAD2",1245,985,"GSM4173514","Trem2_KO_5XFAD2","Trem2_KO_5XFAD",2,"KO","5XFAD",0,"9","9","9","Microglia",TRUE,"Trem2_KO_5XFAD2_TGGCGCACATGTCCTC-1"
"Trem2_KO_5XFAD2",1212,998,"GSM4173514","Trem2_KO_5XFAD2","Trem2_KO_5XFAD",2,"KO","5XFAD",0.412541254125412,"9","9","9","Microglia",TRUE,"Trem2_KO_5XFAD2_TGGCTGGAGACTACAA-1"
"Trem2_KO_5XFAD2",3153,2058,"GSM4173514","Trem2_KO_5XFAD2","Trem2_KO_5XFAD",2,"KO","5XFAD",0.0634316523945449,"9","9","9","Microglia",TRUE,"Trem2_KO_5XFAD2_TGGCTGGTCACGGTTA-1"
"Trem2_KO_5XFAD2",1117,854,"GSM4173514","Trem2_KO_5XFAD2","Trem2_KO_5XFAD",2,"KO","5XFAD",0.26857654431513,"9","9","9","Microglia",TRUE,"Trem2_KO_5XFAD2_TGGTTAGTCCGCGTTT-1"
"Trem2_KO_5XFAD2",1065,843,"GSM4173514","Trem2_KO_5XFAD2","Trem2_KO_5XFAD",2,"KO","5XFAD",0.0938967136150235,"9","9","9","Microglia",TRUE,"Trem2_KO_5XFAD2_TGTCCCATCAGCTCTC-1"
"Trem2_KO_5XFAD2",1316,1017,"GSM4173514","Trem2_KO_5XFAD2","Trem2_KO_5XFAD",2,"KO","5XFAD",0.0759878419452888,"9","9","9","Microglia",TRUE,"Trem2_KO_5XFAD2_TGTGTTTCATTCCTGC-1"
"Trem2_KO_5XFAD2",1093,882,"GSM4173514","Trem2_KO_5XFAD2","Trem2_KO_5XFAD",2,"KO","5XFAD",0.0914913083257091,"9","9","9","Microglia",TRUE,"Trem2_KO_5XFAD2_TTAACTCTCTGACCTC-1"
"Trem2_KO_5XFAD2",1251,970,"GSM4173514","Trem2_KO_5XFAD2","Trem2_KO_5XFAD",2,"KO","5XFAD",0.0799360511590727,"9","9","9","Microglia",TRUE,"Trem2_KO_5XFAD2_TTAGGACAGCGATAGC-1"
"Trem2_KO_5XFAD2",1307,1023,"GSM4173514","Trem2_KO_5XFAD2","Trem2_KO_5XFAD",2,"KO","5XFAD",0.994644223412395,"9","9","9","Microglia",TRUE,"Trem2_KO_5XFAD2_TTAGGCACACATGTGT-1"
"Trem2_KO_5XFAD2",1089,787,"GSM4173514","Trem2_KO_5XFAD2","Trem2_KO_5XFAD",2,"KO","5XFAD",0.0918273645546373,"9","9","9","Microglia",TRUE,"Trem2_KO_5XFAD2_TTCCCAGCAAATTGCC-1"
"Trem2_KO_5XFAD2",603,510,"GSM4173514","Trem2_KO_5XFAD2","Trem2_KO_5XFAD",2,"KO","5XFAD",0.165837479270315,"9","9","9","Microglia",TRUE,"Trem2_KO_5XFAD2_TTCCCAGGTTTGACTG-1"
"Trem2_KO_5XFAD2",1315,968,"GSM4173514","Trem2_KO_5XFAD2","Trem2_KO_5XFAD",2,"KO","5XFAD",0.228136882129278,"9","9","9","Microglia",TRUE,"Trem2_KO_5XFAD2_TTCGAAGCAGGATCGA-1"
"Trem2_KO_5XFAD2",1030,784,"GSM4173514","Trem2_KO_5XFAD2","Trem2_KO_5XFAD",2,"KO","5XFAD",0.194174757281553,"9","9","9","Microglia",TRUE,"Trem2_KO_5XFAD2_TTCGGTCGTAGCGTAG-1"
"Trem2_KO_5XFAD2",1596,1210,"GSM4173514","Trem2_KO_5XFAD2","Trem2_KO_5XFAD",2,"KO","5XFAD",0.68922305764411,"9","9","9","Microglia",TRUE,"Trem2_KO_5XFAD2_TTCTACACATGTCGAT-1"
"Trem2_KO_5XFAD2",1152,885,"GSM4173514","Trem2_KO_5XFAD2","Trem2_KO_5XFAD",2,"KO","5XFAD",0,"9","9","9","Microglia",TRUE,"Trem2_KO_5XFAD2_TTCTCAACAGGTGCCT-1"
"Trem2_KO_5XFAD2",632,534,"GSM4173514","Trem2_KO_5XFAD2","Trem2_KO_5XFAD",2,"KO","5XFAD",0,"9","9","9","Microglia",TRUE,"Trem2_KO_5XFAD2_TTCTCCTCATCACGAT-1"
"Trem2_KO_5XFAD2",1463,1118,"GSM4173514","Trem2_KO_5XFAD2","Trem2_KO_5XFAD",2,"KO","5XFAD",0.341763499658236,"9","9","9","Microglia",TRUE,"Trem2_KO_5XFAD2_TTCTCCTGTCGAATCT-1"
"Trem2_KO_5XFAD2",1277,974,"GSM4173514","Trem2_KO_5XFAD2","Trem2_KO_5XFAD",2,"KO","5XFAD",0,"9","9","9","Microglia",TRUE,"Trem2_KO_5XFAD2_TTGACTTCAATCTACG-1"
"Trem2_KO_5XFAD2",1518,1135,"GSM4173514","Trem2_KO_5XFAD2","Trem2_KO_5XFAD",2,"KO","5XFAD",0.197628458498024,"9","9","9","Microglia",TRUE,"Trem2_KO_5XFAD2_TTGGCAAGTAAAGTCA-1"
"Trem2_KO_5XFAD2",1290,979,"GSM4173514","Trem2_KO_5XFAD2","Trem2_KO_5XFAD",2,"KO","5XFAD",0.310077519379845,"9","9","9","Microglia",TRUE,"Trem2_KO_5XFAD2_TTTACTGAGGATCGCA-1"
"Trem2_KO_5XFAD2",1800,1233,"GSM4173514","Trem2_KO_5XFAD2","Trem2_KO_5XFAD",2,"KO","5XFAD",0.166666666666667,"9","9","9","Microglia",TRUE,"Trem2_KO_5XFAD2_TTTCCTCCACCAACCG-1"
"Trem2_KO_5XFAD2",1430,1082,"GSM4173514","Trem2_KO_5XFAD2","Trem2_KO_5XFAD",2,"KO","5XFAD",0,"9","9","9","Microglia",TRUE,"Trem2_KO_5XFAD2_TTTGTCAGTTGGTAAA-1"
"Trem2_KO_5XFAD3",1059,849,"GSM4173515","Trem2_KO_5XFAD3","Trem2_KO_5XFAD",3,"KO","5XFAD",0.28328611898017,"9","9","9","Microglia",TRUE,"Trem2_KO_5XFAD3_AAACGGGCATCCCACT-1"
"Trem2_KO_5XFAD3",597,512,"GSM4173515","Trem2_KO_5XFAD3","Trem2_KO_5XFAD",3,"KO","5XFAD",0.33500837520938,"9","9","9","Microglia",TRUE,"Trem2_KO_5XFAD3_AAATGCCGTCCAGTTA-1"
"Trem2_KO_5XFAD3",1370,1100,"GSM4173515","Trem2_KO_5XFAD3","Trem2_KO_5XFAD",3,"KO","5XFAD",0.218978102189781,"9","9","9","Microglia",TRUE,"Trem2_KO_5XFAD3_AACACGTAGACGCTTT-1"
"Trem2_KO_5XFAD3",1459,1142,"GSM4173515","Trem2_KO_5XFAD3","Trem2_KO_5XFAD",3,"KO","5XFAD",0.47978067169294,"9","9","9","Microglia",TRUE,"Trem2_KO_5XFAD3_AACCGCGAGTAGGTGC-1"
"Trem2_KO_5XFAD3",905,781,"GSM4173515","Trem2_KO_5XFAD3","Trem2_KO_5XFAD",3,"KO","5XFAD",0.331491712707182,"9","9","9","Microglia",TRUE,"Trem2_KO_5XFAD3_AACTCTTTCTGAGGGA-1"
"Trem2_KO_5XFAD3",913,733,"GSM4173515","Trem2_KO_5XFAD3","Trem2_KO_5XFAD",3,"KO","5XFAD",0.109529025191676,"9","9","9","Microglia",TRUE,"Trem2_KO_5XFAD3_AAGCCGCAGCCCAACC-1"
"Trem2_KO_5XFAD3",645,550,"GSM4173515","Trem2_KO_5XFAD3","Trem2_KO_5XFAD",3,"KO","5XFAD",0.465116279069767,"9","9","9","Microglia",TRUE,"Trem2_KO_5XFAD3_AATCGGTTCATCGGAT-1"
"Trem2_KO_5XFAD3",1815,1332,"GSM4173515","Trem2_KO_5XFAD3","Trem2_KO_5XFAD",3,"KO","5XFAD",0,"9","9","9","Microglia",TRUE,"Trem2_KO_5XFAD3_ACAGCTAAGGAATGGA-1"
"Trem2_KO_5XFAD3",1681,1259,"GSM4173515","Trem2_KO_5XFAD3","Trem2_KO_5XFAD",3,"KO","5XFAD",0.951814396192742,"9","9","9","Microglia",TRUE,"Trem2_KO_5XFAD3_ACATGGTCAACGATGG-1"
"Trem2_KO_5XFAD3",1219,919,"GSM4173515","Trem2_KO_5XFAD3","Trem2_KO_5XFAD",3,"KO","5XFAD",5.08613617719442,"9","9","9","Microglia",TRUE,"Trem2_KO_5XFAD3_ACATGGTGTGATGTGG-1"
"Trem2_KO_5XFAD3",1224,1005,"GSM4173515","Trem2_KO_5XFAD3","Trem2_KO_5XFAD",3,"KO","5XFAD",0,"9","9","9","Microglia",TRUE,"Trem2_KO_5XFAD3_ACCTTTAAGCGATTCT-1"
"Trem2_KO_5XFAD3",566,487,"GSM4173515","Trem2_KO_5XFAD3","Trem2_KO_5XFAD",3,"KO","5XFAD",0.530035335689046,"9","9","9","Microglia",TRUE,"Trem2_KO_5XFAD3_ACGATACTCAACACGT-1"
"Trem2_KO_5XFAD3",1302,1029,"GSM4173515","Trem2_KO_5XFAD3","Trem2_KO_5XFAD",3,"KO","5XFAD",0.384024577572965,"9","9","9","Microglia",TRUE,"Trem2_KO_5XFAD3_ACGGAGAGTCTCTTAT-1"
"Trem2_KO_5XFAD3",923,749,"GSM4173515","Trem2_KO_5XFAD3","Trem2_KO_5XFAD",3,"KO","5XFAD",0.325027085590466,"9","9","9","Microglia",TRUE,"Trem2_KO_5XFAD3_ACGGGTCGTGGGTCAA-1"
"Trem2_KO_5XFAD3",1388,1072,"GSM4173515","Trem2_KO_5XFAD3","Trem2_KO_5XFAD",3,"KO","5XFAD",0.0720461095100865,"9","9","9","Microglia",TRUE,"Trem2_KO_5XFAD3_ACGGGTCTCGATAGAA-1"
"Trem2_KO_5XFAD3",1235,975,"GSM4173515","Trem2_KO_5XFAD3","Trem2_KO_5XFAD",3,"KO","5XFAD",0.161943319838057,"9","9","9","Microglia",TRUE,"Trem2_KO_5XFAD3_ACTATCTAGTGAAGTT-1"
"Trem2_KO_5XFAD3",1407,1113,"GSM4173515","Trem2_KO_5XFAD3","Trem2_KO_5XFAD",3,"KO","5XFAD",0.142146410803127,"9","9","9","Microglia",TRUE,"Trem2_KO_5XFAD3_ACTGAACGTGCCTGTG-1"
"Trem2_KO_5XFAD3",1339,1024,"GSM4173515","Trem2_KO_5XFAD3","Trem2_KO_5XFAD",3,"KO","5XFAD",0.522778192681105,"9","9","9","Microglia",TRUE,"Trem2_KO_5XFAD3_ACTGAGTGTCCTCCAT-1"
"Trem2_KO_5XFAD3",1093,893,"GSM4173515","Trem2_KO_5XFAD3","Trem2_KO_5XFAD",3,"KO","5XFAD",0.0914913083257091,"9","9","9","Microglia",TRUE,"Trem2_KO_5XFAD3_ACTGATGAGGCTAGGT-1"
"Trem2_KO_5XFAD3",2148,1481,"GSM4173515","Trem2_KO_5XFAD3","Trem2_KO_5XFAD",3,"KO","5XFAD",0.186219739292365,"9","9","9","Microglia",TRUE,"Trem2_KO_5XFAD3_ACTGCTCTCACGCATA-1"
"Trem2_KO_5XFAD3",530,447,"GSM4173515","Trem2_KO_5XFAD3","Trem2_KO_5XFAD",3,"KO","5XFAD",0,"9","9","9","Microglia",TRUE,"Trem2_KO_5XFAD3_ACTGTCCCAGCAGTTT-1"
"Trem2_KO_5XFAD3",1311,1007,"GSM4173515","Trem2_KO_5XFAD3","Trem2_KO_5XFAD",3,"KO","5XFAD",0.15255530129672,"9","9","9","Microglia",TRUE,"Trem2_KO_5XFAD3_ACTTGTTAGCCAGTTT-1"
"Trem2_KO_5XFAD3",900,718,"GSM4173515","Trem2_KO_5XFAD3","Trem2_KO_5XFAD",3,"KO","5XFAD",0.111111111111111,"9","9","9","Microglia",TRUE,"Trem2_KO_5XFAD3_ACTTTCACAAGTCATC-1"
"Trem2_KO_5XFAD3",1285,1037,"GSM4173515","Trem2_KO_5XFAD3","Trem2_KO_5XFAD",3,"KO","5XFAD",0.233463035019455,"9","9","9","Microglia",TRUE,"Trem2_KO_5XFAD3_AGACGTTAGACTAGGC-1"
"Trem2_KO_5XFAD3",854,678,"GSM4173515","Trem2_KO_5XFAD3","Trem2_KO_5XFAD",3,"KO","5XFAD",0.117096018735363,"9","9","9","Microglia",TRUE,"Trem2_KO_5XFAD3_AGAGCGAAGAGGTACC-1"
"Trem2_KO_5XFAD3",1146,924,"GSM4173515","Trem2_KO_5XFAD3","Trem2_KO_5XFAD",3,"KO","5XFAD",1.13438045375218,"9","9","9","Microglia",TRUE,"Trem2_KO_5XFAD3_AGAGCTTGTTTGCATG-1"
"Trem2_KO_5XFAD3",945,781,"GSM4173515","Trem2_KO_5XFAD3","Trem2_KO_5XFAD",3,"KO","5XFAD",0.105820105820106,"9","9","9","Microglia",TRUE,"Trem2_KO_5XFAD3_AGATCTGAGTTTGCGT-1"
"Trem2_KO_5XFAD3",846,698,"GSM4173515","Trem2_KO_5XFAD3","Trem2_KO_5XFAD",3,"KO","5XFAD",0.236406619385343,"9","9","9","Microglia",TRUE,"Trem2_KO_5XFAD3_AGATTGCAGCATCATC-1"
"Trem2_KO_5XFAD3",1783,1212,"GSM4173515","Trem2_KO_5XFAD3","Trem2_KO_5XFAD",3,"KO","5XFAD",0.280426247896803,"9","9","9","Microglia",TRUE,"Trem2_KO_5XFAD3_AGCATACAGTAGCGGT-1"
"Trem2_KO_5XFAD3",1037,842,"GSM4173515","Trem2_KO_5XFAD3","Trem2_KO_5XFAD",3,"KO","5XFAD",0.289296046287367,"9","9","9","Microglia",TRUE,"Trem2_KO_5XFAD3_AGCCTAAAGTGTACCT-1"
"Trem2_KO_5XFAD3",1402,1116,"GSM4173515","Trem2_KO_5XFAD3","Trem2_KO_5XFAD",3,"KO","5XFAD",0.14265335235378,"9","9","9","Microglia",TRUE,"Trem2_KO_5XFAD3_AGCTTGATCATTGCGA-1"
"Trem2_KO_5XFAD3",1137,900,"GSM4173515","Trem2_KO_5XFAD3","Trem2_KO_5XFAD",3,"KO","5XFAD",0.0879507475813544,"9","9","9","Microglia",TRUE,"Trem2_KO_5XFAD3_AGGCCGTGTAATTGGA-1"
"Trem2_KO_5XFAD3",1103,874,"GSM4173515","Trem2_KO_5XFAD3","Trem2_KO_5XFAD",3,"KO","5XFAD",0.634632819582956,"9","9","9","Microglia",TRUE,"Trem2_KO_5XFAD3_AGGGAGTCACGTTGGC-1"
"Trem2_KO_5XFAD3",1002,835,"GSM4173515","Trem2_KO_5XFAD3","Trem2_KO_5XFAD",3,"KO","5XFAD",0,"9","9","9","Microglia",TRUE,"Trem2_KO_5XFAD3_AGGGAGTCAGGGTACA-1"
"Trem2_KO_5XFAD3",1175,926,"GSM4173515","Trem2_KO_5XFAD3","Trem2_KO_5XFAD",3,"KO","5XFAD",0.0851063829787234,"9","9","9","Microglia",TRUE,"Trem2_KO_5XFAD3_AGGGAGTTCTGCGTAA-1"
"Trem2_KO_5XFAD3",822,705,"GSM4173515","Trem2_KO_5XFAD3","Trem2_KO_5XFAD",3,"KO","5XFAD",0,"9","9","9","Microglia",TRUE,"Trem2_KO_5XFAD3_AGGGTGACAACTGCTA-1"
"Trem2_KO_5XFAD3",1084,895,"GSM4173515","Trem2_KO_5XFAD3","Trem2_KO_5XFAD",3,"KO","5XFAD",0.830258302583026,"9","9","9","Microglia",TRUE,"Trem2_KO_5XFAD3_AGGGTGAGTTTGGGCC-1"
"Trem2_KO_5XFAD3",925,750,"GSM4173515","Trem2_KO_5XFAD3","Trem2_KO_5XFAD",3,"KO","5XFAD",0.216216216216216,"9","9","9","Microglia",TRUE,"Trem2_KO_5XFAD3_AGGTCCGCACATCTTT-1"
"Trem2_KO_5XFAD3",1170,927,"GSM4173515","Trem2_KO_5XFAD3","Trem2_KO_5XFAD",3,"KO","5XFAD",0,"9","9","9","Microglia",TRUE,"Trem2_KO_5XFAD3_AGGTCCGTCTCGTATT-1"
"Trem2_KO_5XFAD3",1120,898,"GSM4173515","Trem2_KO_5XFAD3","Trem2_KO_5XFAD",3,"KO","5XFAD",0.0892857142857143,"9","9","9","Microglia",TRUE,"Trem2_KO_5XFAD3_AGTGAGGTCGCCTGAG-1"
"Trem2_KO_5XFAD3",730,620,"GSM4173515","Trem2_KO_5XFAD3","Trem2_KO_5XFAD",3,"KO","5XFAD",0.684931506849315,"9","9","9","Microglia",TRUE,"Trem2_KO_5XFAD3_AGTGGGAAGAGTTGGC-1"
"Trem2_KO_5XFAD3",885,720,"GSM4173515","Trem2_KO_5XFAD3","Trem2_KO_5XFAD",3,"KO","5XFAD",0.112994350282486,"9","9","9","Microglia",TRUE,"Trem2_KO_5XFAD3_ATAACGCGTGAGGGAG-1"
"Trem2_KO_5XFAD3",1057,843,"GSM4173515","Trem2_KO_5XFAD3","Trem2_KO_5XFAD",3,"KO","5XFAD",0,"9","9","9","Microglia",TRUE,"Trem2_KO_5XFAD3_ATCATGGTCACCGGGT-1"
"Trem2_KO_5XFAD3",897,740,"GSM4173515","Trem2_KO_5XFAD3","Trem2_KO_5XFAD",3,"KO","5XFAD",0,"9","9","9","Microglia",TRUE,"Trem2_KO_5XFAD3_ATCCACCTCATCGATG-1"
"Trem2_KO_5XFAD3",1253,987,"GSM4173515","Trem2_KO_5XFAD3","Trem2_KO_5XFAD",3,"KO","5XFAD",0,"9","9","9","Microglia",TRUE,"Trem2_KO_5XFAD3_ATCTGCCTCAGTTCGA-1"
"Trem2_KO_5XFAD3",1780,1355,"GSM4173515","Trem2_KO_5XFAD3","Trem2_KO_5XFAD",3,"KO","5XFAD",0.168539325842697,"9","9","9","Microglia",TRUE,"Trem2_KO_5XFAD3_ATGTGTGCACTGAAGG-1"
"Trem2_KO_5XFAD3",1047,857,"GSM4173515","Trem2_KO_5XFAD3","Trem2_KO_5XFAD",3,"KO","5XFAD",0.0955109837631328,"9","9","9","Microglia",TRUE,"Trem2_KO_5XFAD3_ATTATCCTCGTACGGC-1"
"Trem2_KO_5XFAD3",708,591,"GSM4173515","Trem2_KO_5XFAD3","Trem2_KO_5XFAD",3,"KO","5XFAD",0.141242937853107,"9","9","9","Microglia",TRUE,"Trem2_KO_5XFAD3_CAACCTCTCCAGATCA-1"
"Trem2_KO_5XFAD3",1300,1047,"GSM4173515","Trem2_KO_5XFAD3","Trem2_KO_5XFAD",3,"KO","5XFAD",0.307692307692308,"9","9","9","Microglia",TRUE,"Trem2_KO_5XFAD3_CAACTAGCATCACAAC-1"
"Trem2_KO_5XFAD3",1051,847,"GSM4173515","Trem2_KO_5XFAD3","Trem2_KO_5XFAD",3,"KO","5XFAD",0.0951474785918173,"9","9","9","Microglia",TRUE,"Trem2_KO_5XFAD3_CAAGGCCAGGGATACC-1"
"Trem2_KO_5XFAD3",686,597,"GSM4173515","Trem2_KO_5XFAD3","Trem2_KO_5XFAD",3,"KO","5XFAD",0.145772594752187,"9","9","9","Microglia",TRUE,"Trem2_KO_5XFAD3_CAAGGCCGTAAATGAC-1"
"Trem2_KO_5XFAD3",1288,1021,"GSM4173515","Trem2_KO_5XFAD3","Trem2_KO_5XFAD",3,"KO","5XFAD",0.15527950310559,"9","9","9","Microglia",TRUE,"Trem2_KO_5XFAD3_CAAGTTGCAGGGTACA-1"
"Trem2_KO_5XFAD3",1130,892,"GSM4173515","Trem2_KO_5XFAD3","Trem2_KO_5XFAD",3,"KO","5XFAD",0.265486725663717,"9","9","9","Microglia",TRUE,"Trem2_KO_5XFAD3_CAAGTTGGTTTGGCGC-1"
"Trem2_KO_5XFAD3",588,497,"GSM4173515","Trem2_KO_5XFAD3","Trem2_KO_5XFAD",3,"KO","5XFAD",0,"9","9","9","Microglia",TRUE,"Trem2_KO_5XFAD3_CACATAGAGCTGTCTA-1"
"Trem2_KO_5XFAD3",1146,921,"GSM4173515","Trem2_KO_5XFAD3","Trem2_KO_5XFAD",3,"KO","5XFAD",0,"9","9","9","Microglia",TRUE,"Trem2_KO_5XFAD3_CACCTTGAGATGTCGG-1"
"Trem2_KO_5XFAD3",1390,1109,"GSM4173515","Trem2_KO_5XFAD3","Trem2_KO_5XFAD",3,"KO","5XFAD",0.647482014388489,"9","9","9","Microglia",TRUE,"Trem2_KO_5XFAD3_CAGCATACAGATCTGT-1"
"Trem2_KO_5XFAD3",1246,1016,"GSM4173515","Trem2_KO_5XFAD3","Trem2_KO_5XFAD",3,"KO","5XFAD",0.321027287319422,"9","9","9","Microglia",TRUE,"Trem2_KO_5XFAD3_CAGCTAATCGCGATCG-1"
"Trem2_KO_5XFAD3",626,519,"GSM4173515","Trem2_KO_5XFAD3","Trem2_KO_5XFAD",3,"KO","5XFAD",0,"9","9","9","Microglia",TRUE,"Trem2_KO_5XFAD3_CAGTAACAGTTCGATC-1"
"Trem2_KO_5XFAD3",1151,934,"GSM4173515","Trem2_KO_5XFAD3","Trem2_KO_5XFAD",3,"KO","5XFAD",0.0868809730668983,"9","9","9","Microglia",TRUE,"Trem2_KO_5XFAD3_CAGTAACGTTACCAGT-1"
"Trem2_KO_5XFAD3",779,639,"GSM4173515","Trem2_KO_5XFAD3","Trem2_KO_5XFAD",3,"KO","5XFAD",0.256739409499358,"9","9","9","Microglia",TRUE,"Trem2_KO_5XFAD3_CAGTCCTCAGCTCCGA-1"
"Trem2_KO_5XFAD3",1241,904,"GSM4173515","Trem2_KO_5XFAD3","Trem2_KO_5XFAD",3,"KO","5XFAD",0.16116035455278,"9","9","9","Microglia",TRUE,"Trem2_KO_5XFAD3_CATCAAGGTCCGACGT-1"
"Trem2_KO_5XFAD3",2123,1523,"GSM4173515","Trem2_KO_5XFAD3","Trem2_KO_5XFAD",3,"KO","5XFAD",3.06170513424399,"9","9","9","Microglia",TRUE,"Trem2_KO_5XFAD3_CATCAGACACGACGAA-1"
"Trem2_KO_5XFAD3",901,747,"GSM4173515","Trem2_KO_5XFAD3","Trem2_KO_5XFAD",3,"KO","5XFAD",0.221975582685905,"9","9","9","Microglia",TRUE,"Trem2_KO_5XFAD3_CATCAGAGTTGGACCC-1"
"Trem2_KO_5XFAD3",1561,1173,"GSM4173515","Trem2_KO_5XFAD3","Trem2_KO_5XFAD",3,"KO","5XFAD",1.1531069827034,"9","9","9","Microglia",TRUE,"Trem2_KO_5XFAD3_CATCCACTCGTCCGTT-1"
"Trem2_KO_5XFAD3",1434,1115,"GSM4173515","Trem2_KO_5XFAD3","Trem2_KO_5XFAD",3,"KO","5XFAD",0.488145048814505,"9","9","9","Microglia",TRUE,"Trem2_KO_5XFAD3_CATCGAACACAACTGT-1"
"Trem2_KO_5XFAD3",651,542,"GSM4173515","Trem2_KO_5XFAD3","Trem2_KO_5XFAD",3,"KO","5XFAD",0.614439324116744,"9","9","9","Microglia",TRUE,"Trem2_KO_5XFAD3_CATGACAGTCGCGGTT-1"
"Trem2_KO_5XFAD3",956,791,"GSM4173515","Trem2_KO_5XFAD3","Trem2_KO_5XFAD",3,"KO","5XFAD",0.104602510460251,"9","9","9","Microglia",TRUE,"Trem2_KO_5XFAD3_CATTATCGTGTGACCC-1"
"Trem2_KO_5XFAD3",1191,903,"GSM4173515","Trem2_KO_5XFAD3","Trem2_KO_5XFAD",3,"KO","5XFAD",0.419815281276238,"9","9","9","Microglia",TRUE,"Trem2_KO_5XFAD3_CATTCGCCAAGAAGAG-1"
"Trem2_KO_5XFAD3",1347,1058,"GSM4173515","Trem2_KO_5XFAD3","Trem2_KO_5XFAD",3,"KO","5XFAD",0.148478099480327,"9","9","9","Microglia",TRUE,"Trem2_KO_5XFAD3_CCAATCCAGGTAGCTG-1"
"Trem2_KO_5XFAD3",1378,1098,"GSM4173515","Trem2_KO_5XFAD3","Trem2_KO_5XFAD",3,"KO","5XFAD",0,"9","9","9","Microglia",TRUE,"Trem2_KO_5XFAD3_CCAATCCAGTCGATAA-1"
"Trem2_KO_5XFAD3",611,524,"GSM4173515","Trem2_KO_5XFAD3","Trem2_KO_5XFAD",3,"KO","5XFAD",0,"9","9","9","Microglia",TRUE,"Trem2_KO_5XFAD3_CCAATCCCATCCAACA-1"
"Trem2_KO_5XFAD3",1231,997,"GSM4173515","Trem2_KO_5XFAD3","Trem2_KO_5XFAD",3,"KO","5XFAD",0.974817221770918,"9","9","9","Microglia",TRUE,"Trem2_KO_5XFAD3_CCATTCGGTGCAGACA-1"
"Trem2_KO_5XFAD3",528,444,"GSM4173515","Trem2_KO_5XFAD3","Trem2_KO_5XFAD",3,"KO","5XFAD",4.92424242424242,"9","9","9","Microglia",TRUE,"Trem2_KO_5XFAD3_CCCAATCGTACACCGC-1"
"Trem2_KO_5XFAD3",888,721,"GSM4173515","Trem2_KO_5XFAD3","Trem2_KO_5XFAD",3,"KO","5XFAD",0,"9","9","9","Microglia",TRUE,"Trem2_KO_5XFAD3_CCCAATCGTCCCTTGT-1"
"Trem2_KO_5XFAD3",1096,931,"GSM4173515","Trem2_KO_5XFAD3","Trem2_KO_5XFAD",3,"KO","5XFAD",0.273722627737226,"9","9","9","Microglia",TRUE,"Trem2_KO_5XFAD3_CCGGTAGCAAGTTAAG-1"
"Trem2_KO_5XFAD3",1147,904,"GSM4173515","Trem2_KO_5XFAD3","Trem2_KO_5XFAD",3,"KO","5XFAD",0,"9","9","9","Microglia",TRUE,"Trem2_KO_5XFAD3_CCGGTAGCACCACCAG-1"
"Trem2_KO_5XFAD3",908,730,"GSM4173515","Trem2_KO_5XFAD3","Trem2_KO_5XFAD",3,"KO","5XFAD",1.98237885462555,"9","9","9","Microglia",TRUE,"Trem2_KO_5XFAD3_CCGGTAGGTACAAGTA-1"
"Trem2_KO_5XFAD3",1082,869,"GSM4173515","Trem2_KO_5XFAD3","Trem2_KO_5XFAD",3,"KO","5XFAD",0.184842883548983,"9","9","9","Microglia",TRUE,"Trem2_KO_5XFAD3_CCGTGGATCAGGCGAA-1"
"Trem2_KO_5XFAD3",963,793,"GSM4173515","Trem2_KO_5XFAD3","Trem2_KO_5XFAD",3,"KO","5XFAD",0,"9","9","9","Microglia",TRUE,"Trem2_KO_5XFAD3_CCTAAAGGTAATCGTC-1"
"Trem2_KO_5XFAD3",800,626,"GSM4173515","Trem2_KO_5XFAD3","Trem2_KO_5XFAD",3,"KO","5XFAD",0.125,"9","9","9","Microglia",TRUE,"Trem2_KO_5XFAD3_CCTACACGTGCGGTAA-1"
"Trem2_KO_5XFAD3",1191,954,"GSM4173515","Trem2_KO_5XFAD3","Trem2_KO_5XFAD",3,"KO","5XFAD",0.419815281276238,"9","9","9","Microglia",TRUE,"Trem2_KO_5XFAD3_CCTAGCTTCCATGAGT-1"
"Trem2_KO_5XFAD3",1128,911,"GSM4173515","Trem2_KO_5XFAD3","Trem2_KO_5XFAD",3,"KO","5XFAD",0.177304964539007,"9","9","9","Microglia",TRUE,"Trem2_KO_5XFAD3_CCTCAGTTCCGTAGGC-1"
"Trem2_KO_5XFAD3",1601,1160,"GSM4173515","Trem2_KO_5XFAD3","Trem2_KO_5XFAD",3,"KO","5XFAD",0.0624609618988132,"9","9","9","Microglia",TRUE,"Trem2_KO_5XFAD3_CCTCTGACATTATCTC-1"
"Trem2_KO_5XFAD3",767,651,"GSM4173515","Trem2_KO_5XFAD3","Trem2_KO_5XFAD",3,"KO","5XFAD",0,"9","9","9","Microglia",TRUE,"Trem2_KO_5XFAD3_CCTTCCCTCCTGTACC-1"
"Trem2_KO_5XFAD3",1313,1064,"GSM4173515","Trem2_KO_5XFAD3","Trem2_KO_5XFAD",3,"KO","5XFAD",0.0761614623000762,"9","9","9","Microglia",TRUE,"Trem2_KO_5XFAD3_CCTTTCTAGACTTTCG-1"
"Trem2_KO_5XFAD3",1475,1140,"GSM4173515","Trem2_KO_5XFAD3","Trem2_KO_5XFAD",3,"KO","5XFAD",0.271186440677966,"9","9","9","Microglia",TRUE,"Trem2_KO_5XFAD3_CGACCTTGTCGACTGC-1"
"Trem2_KO_5XFAD3",1346,1031,"GSM4173515","Trem2_KO_5XFAD3","Trem2_KO_5XFAD",3,"KO","5XFAD",1.1887072808321,"9","9","9","Microglia",TRUE,"Trem2_KO_5XFAD3_CGACCTTTCGCGTTTC-1"
"Trem2_KO_5XFAD3",1396,1047,"GSM4173515","Trem2_KO_5XFAD3","Trem2_KO_5XFAD",3,"KO","5XFAD",0,"9","9","9","Microglia",TRUE,"Trem2_KO_5XFAD3_CGACCTTTCGTATCAG-1"
"Trem2_KO_5XFAD3",1886,1352,"GSM4173515","Trem2_KO_5XFAD3","Trem2_KO_5XFAD",3,"KO","5XFAD",0.63626723223754,"9","9","9","Microglia",TRUE,"Trem2_KO_5XFAD3_CGACTTCTCTACTCAT-1"
"Trem2_KO_5XFAD3",1058,854,"GSM4173515","Trem2_KO_5XFAD3","Trem2_KO_5XFAD",3,"KO","5XFAD",0.661625708884688,"9","9","9","Microglia",TRUE,"Trem2_KO_5XFAD3_CGATCGGGTCGAGATG-1"
"Trem2_KO_5XFAD3",1331,954,"GSM4173515","Trem2_KO_5XFAD3","Trem2_KO_5XFAD",3,"KO","5XFAD",0.0751314800901578,"9","9","9","Microglia",TRUE,"Trem2_KO_5XFAD3_CGATGTAAGACCTTTG-1"
"Trem2_KO_5XFAD3",806,650,"GSM4173515","Trem2_KO_5XFAD3","Trem2_KO_5XFAD",3,"KO","5XFAD",0,"9","9","9","Microglia",TRUE,"Trem2_KO_5XFAD3_CGATTGAAGGGTTCCC-1"
"Trem2_KO_5XFAD3",1171,928,"GSM4173515","Trem2_KO_5XFAD3","Trem2_KO_5XFAD",3,"KO","5XFAD",0.085397096498719,"9","9","9","Microglia",TRUE,"Trem2_KO_5XFAD3_CGATTGATCCGTCATC-1"
"Trem2_KO_5XFAD3",1214,916,"GSM4173515","Trem2_KO_5XFAD3","Trem2_KO_5XFAD",3,"KO","5XFAD",0.0823723228995058,"9","9","9","Microglia",TRUE,"Trem2_KO_5XFAD3_CGCGGTAAGTGGCACA-1"
"Trem2_KO_5XFAD3",987,818,"GSM4173515","Trem2_KO_5XFAD3","Trem2_KO_5XFAD",3,"KO","5XFAD",0.202634245187437,"9","9","9","Microglia",TRUE,"Trem2_KO_5XFAD3_CGCTATCCACACAGAG-1"
"Trem2_KO_5XFAD3",1197,968,"GSM4173515","Trem2_KO_5XFAD3","Trem2_KO_5XFAD",3,"KO","5XFAD",0,"9","9","9","Microglia",TRUE,"Trem2_KO_5XFAD3_CGCTGGACAAGCCATT-1"
"Trem2_KO_5XFAD3",1333,1041,"GSM4173515","Trem2_KO_5XFAD3","Trem2_KO_5XFAD",3,"KO","5XFAD",0.225056264066016,"9","9","9","Microglia",TRUE,"Trem2_KO_5XFAD3_CGCTGGAGTAGGCTGA-1"
"Trem2_KO_5XFAD3",1155,934,"GSM4173515","Trem2_KO_5XFAD3","Trem2_KO_5XFAD",3,"KO","5XFAD",0.432900432900433,"9","9","9","Microglia",TRUE,"Trem2_KO_5XFAD3_CGGACACAGCTACCGC-1"
"Trem2_KO_5XFAD3",976,804,"GSM4173515","Trem2_KO_5XFAD3","Trem2_KO_5XFAD",3,"KO","5XFAD",0.614754098360656,"9","9","9","Microglia",TRUE,"Trem2_KO_5XFAD3_CGGACACCAAGCCGTC-1"
"Trem2_KO_5XFAD3",1658,1275,"GSM4173515","Trem2_KO_5XFAD3","Trem2_KO_5XFAD",3,"KO","5XFAD",0,"9","9","9","Microglia",TRUE,"Trem2_KO_5XFAD3_CGGACGTAGACGCACA-1"
"Trem2_KO_5XFAD3",1854,1407,"GSM4173515","Trem2_KO_5XFAD3","Trem2_KO_5XFAD",3,"KO","5XFAD",0.107874865156419,"9","9","9","Microglia",TRUE,"Trem2_KO_5XFAD3_CGGACTGAGCCACGCT-1"
"Trem2_KO_5XFAD3",2238,1614,"GSM4173515","Trem2_KO_5XFAD3","Trem2_KO_5XFAD",3,"KO","5XFAD",0.223413762287757,"9","9","9","Microglia",TRUE,"Trem2_KO_5XFAD3_CGGACTGTCATGTAGC-1"
"Trem2_KO_5XFAD3",1235,1022,"GSM4173515","Trem2_KO_5XFAD3","Trem2_KO_5XFAD",3,"KO","5XFAD",0.728744939271255,"9","9","9","Microglia",TRUE,"Trem2_KO_5XFAD3_CGGACTGTCTACGAGT-1"
"Trem2_KO_5XFAD3",1104,920,"GSM4173515","Trem2_KO_5XFAD3","Trem2_KO_5XFAD",3,"KO","5XFAD",0.181159420289855,"9","9","9","Microglia",TRUE,"Trem2_KO_5XFAD3_CGGAGCTAGGCCCTCA-1"
"Trem2_KO_5XFAD3",1040,847,"GSM4173515","Trem2_KO_5XFAD3","Trem2_KO_5XFAD",3,"KO","5XFAD",0,"9","9","9","Microglia",TRUE,"Trem2_KO_5XFAD3_CGTAGCGAGGAATGGA-1"
"Trem2_KO_5XFAD3",1440,1113,"GSM4173515","Trem2_KO_5XFAD3","Trem2_KO_5XFAD",3,"KO","5XFAD",0.0694444444444444,"9","9","9","Microglia",TRUE,"Trem2_KO_5XFAD3_CGTAGCGTCCTAGGGC-1"
"Trem2_KO_5XFAD3",1012,835,"GSM4173515","Trem2_KO_5XFAD3","Trem2_KO_5XFAD",3,"KO","5XFAD",0.197628458498024,"9","9","9","Microglia",TRUE,"Trem2_KO_5XFAD3_CGTAGGCAGATCTGCT-1"
"Trem2_KO_5XFAD3",614,520,"GSM4173515","Trem2_KO_5XFAD3","Trem2_KO_5XFAD",3,"KO","5XFAD",0,"9","9","9","Microglia",TRUE,"Trem2_KO_5XFAD3_CGTAGGCGTCCGTGAC-1"
"Trem2_KO_5XFAD3",1695,1285,"GSM4173515","Trem2_KO_5XFAD3","Trem2_KO_5XFAD",3,"KO","5XFAD",0.353982300884956,"9","9","9","Microglia",TRUE,"Trem2_KO_5XFAD3_CGTCACTGTCGAATCT-1"
"Trem2_KO_5XFAD3",1105,885,"GSM4173515","Trem2_KO_5XFAD3","Trem2_KO_5XFAD",3,"KO","5XFAD",0,"9","9","9","Microglia",TRUE,"Trem2_KO_5XFAD3_CGTCAGGCATTATCTC-1"
"Trem2_KO_5XFAD3",1079,806,"GSM4173515","Trem2_KO_5XFAD3","Trem2_KO_5XFAD",3,"KO","5XFAD",0.278035217794254,"9","9","9","Microglia",TRUE,"Trem2_KO_5XFAD3_CGTGAGCAGGACCACA-1"
"Trem2_KO_5XFAD3",1206,976,"GSM4173515","Trem2_KO_5XFAD3","Trem2_KO_5XFAD",3,"KO","5XFAD",1.07794361525705,"9","9","9","Microglia",TRUE,"Trem2_KO_5XFAD3_CGTGAGCCACGCGAAA-1"
"Trem2_KO_5XFAD3",1211,908,"GSM4173515","Trem2_KO_5XFAD3","Trem2_KO_5XFAD",3,"KO","5XFAD",0.165152766308836,"9","9","9","Microglia",TRUE,"Trem2_KO_5XFAD3_CTACATTGTGATGTCT-1"
"Trem2_KO_5XFAD3",1778,1302,"GSM4173515","Trem2_KO_5XFAD3","Trem2_KO_5XFAD",3,"KO","5XFAD",0.168728908886389,"9","9","9","Microglia",TRUE,"Trem2_KO_5XFAD3_CTACATTTCATGGTCA-1"
"Trem2_KO_5XFAD3",884,744,"GSM4173515","Trem2_KO_5XFAD3","Trem2_KO_5XFAD",3,"KO","5XFAD",0.226244343891403,"9","9","9","Microglia",TRUE,"Trem2_KO_5XFAD3_CTACGTCTCTTAGCCC-1"
"Trem2_KO_5XFAD3",1199,941,"GSM4173515","Trem2_KO_5XFAD3","Trem2_KO_5XFAD",3,"KO","5XFAD",0.166805671392827,"9","9","9","Microglia",TRUE,"Trem2_KO_5XFAD3_CTAGAGTTCACGATGT-1"
"Trem2_KO_5XFAD3",746,638,"GSM4173515","Trem2_KO_5XFAD3","Trem2_KO_5XFAD",3,"KO","5XFAD",0.536193029490617,"9","9","9","Microglia",TRUE,"Trem2_KO_5XFAD3_CTCGGAGAGCAGGTCA-1"
"Trem2_KO_5XFAD3",1370,1048,"GSM4173515","Trem2_KO_5XFAD3","Trem2_KO_5XFAD",3,"KO","5XFAD",0,"9","9","9","Microglia",TRUE,"Trem2_KO_5XFAD3_CTCGTACAGCTCTCGG-1"
"Trem2_KO_5XFAD3",1427,1083,"GSM4173515","Trem2_KO_5XFAD3","Trem2_KO_5XFAD",3,"KO","5XFAD",0.140154169586545,"9","9","9","Microglia",TRUE,"Trem2_KO_5XFAD3_CTCGTACCAATAACGA-1"
"Trem2_KO_5XFAD3",1746,1335,"GSM4173515","Trem2_KO_5XFAD3","Trem2_KO_5XFAD",3,"KO","5XFAD",0.286368843069874,"9","9","9","Microglia",TRUE,"Trem2_KO_5XFAD3_CTGAAGTAGACCTAGG-1"
"Trem2_KO_5XFAD3",1348,1055,"GSM4173515","Trem2_KO_5XFAD3","Trem2_KO_5XFAD",3,"KO","5XFAD",0.0741839762611276,"9","9","9","Microglia",TRUE,"Trem2_KO_5XFAD3_CTGCCTAGTTAGAACA-1"
"Trem2_KO_5XFAD3",1408,1049,"GSM4173515","Trem2_KO_5XFAD3","Trem2_KO_5XFAD",3,"KO","5XFAD",0.923295454545455,"9","9","9","Microglia",TRUE,"Trem2_KO_5XFAD3_CTGCGGACACCTTGTC-1"
"Trem2_KO_5XFAD3",1387,992,"GSM4173515","Trem2_KO_5XFAD3","Trem2_KO_5XFAD",3,"KO","5XFAD",0.360490266762797,"9","9","9","Microglia",TRUE,"Trem2_KO_5XFAD3_CTGCTGTCATGGGACA-1"
"Trem2_KO_5XFAD3",1336,1048,"GSM4173515","Trem2_KO_5XFAD3","Trem2_KO_5XFAD",3,"KO","5XFAD",0.149700598802395,"9","9","9","Microglia",TRUE,"Trem2_KO_5XFAD3_CTGTTTAAGGAGTACC-1"
"Trem2_KO_5XFAD3",1350,1058,"GSM4173515","Trem2_KO_5XFAD3","Trem2_KO_5XFAD",3,"KO","5XFAD",0.296296296296296,"9","9","9","Microglia",TRUE,"Trem2_KO_5XFAD3_CTTAACTAGTGTACGG-1"
"Trem2_KO_5XFAD3",1315,1042,"GSM4173515","Trem2_KO_5XFAD3","Trem2_KO_5XFAD",3,"KO","5XFAD",0.228136882129278,"9","9","9","Microglia",TRUE,"Trem2_KO_5XFAD3_CTTCTCTAGGGTATCG-1"
"Trem2_KO_5XFAD3",1378,1075,"GSM4173515","Trem2_KO_5XFAD3","Trem2_KO_5XFAD",3,"KO","5XFAD",0.507982583454282,"9","9","9","Microglia",TRUE,"Trem2_KO_5XFAD3_CTTGGCTAGGATATAC-1"
"Trem2_KO_5XFAD3",594,516,"GSM4173515","Trem2_KO_5XFAD3","Trem2_KO_5XFAD",3,"KO","5XFAD",0,"9","9","9","Microglia",TRUE,"Trem2_KO_5XFAD3_CTTGGCTTCCCTGACT-1"
"Trem2_KO_5XFAD3",1218,931,"GSM4173515","Trem2_KO_5XFAD3","Trem2_KO_5XFAD",3,"KO","5XFAD",4.35139573070608,"9","9","9","Microglia",TRUE,"Trem2_KO_5XFAD3_CTTTGCGCATCCGTGG-1"
"Trem2_KO_5XFAD3",1222,967,"GSM4173515","Trem2_KO_5XFAD3","Trem2_KO_5XFAD",3,"KO","5XFAD",0.409165302782324,"9","9","9","Microglia",TRUE,"Trem2_KO_5XFAD3_GAAACTCGTAAGCACG-1"
"Trem2_KO_5XFAD3",979,701,"GSM4173515","Trem2_KO_5XFAD3","Trem2_KO_5XFAD",3,"KO","5XFAD",9.49948927477017,"9","9","9","Microglia",TRUE,"Trem2_KO_5XFAD3_GAACATCAGGCACATG-1"
"Trem2_KO_5XFAD3",1653,1202,"GSM4173515","Trem2_KO_5XFAD3","Trem2_KO_5XFAD",3,"KO","5XFAD",2.23835450695705,"9","9","9","Microglia",TRUE,"Trem2_KO_5XFAD3_GAAGCAGTCTCAAACG-1"
"Trem2_KO_5XFAD3",1359,1073,"GSM4173515","Trem2_KO_5XFAD3","Trem2_KO_5XFAD",3,"KO","5XFAD",0,"9","9","9","Microglia",TRUE,"Trem2_KO_5XFAD3_GACCAATAGCCACGTC-1"
"Trem2_KO_5XFAD3",1473,1142,"GSM4173515","Trem2_KO_5XFAD3","Trem2_KO_5XFAD",3,"KO","5XFAD",0.135777325186694,"9","9","9","Microglia",TRUE,"Trem2_KO_5XFAD3_GACCTGGAGCTACCGC-1"
"Trem2_KO_5XFAD3",1335,1047,"GSM4173515","Trem2_KO_5XFAD3","Trem2_KO_5XFAD",3,"KO","5XFAD",0.149812734082397,"9","9","9","Microglia",TRUE,"Trem2_KO_5XFAD3_GACGTTACACGTGAGA-1"
"Trem2_KO_5XFAD3",934,760,"GSM4173515","Trem2_KO_5XFAD3","Trem2_KO_5XFAD",3,"KO","5XFAD",0.107066381156317,"9","9","9","Microglia",TRUE,"Trem2_KO_5XFAD3_GATCGATGTTACCGAT-1"
"Trem2_KO_5XFAD3",1027,827,"GSM4173515","Trem2_KO_5XFAD3","Trem2_KO_5XFAD",3,"KO","5XFAD",0.194741966893866,"9","9","9","Microglia",TRUE,"Trem2_KO_5XFAD3_GATCGTAGTCTTGCGG-1"
"Trem2_KO_5XFAD3",1054,863,"GSM4173515","Trem2_KO_5XFAD3","Trem2_KO_5XFAD",3,"KO","5XFAD",0.47438330170778,"9","9","9","Microglia",TRUE,"Trem2_KO_5XFAD3_GATCTAGGTTGCGCAC-1"
"Trem2_KO_5XFAD3",1303,1040,"GSM4173515","Trem2_KO_5XFAD3","Trem2_KO_5XFAD",3,"KO","5XFAD",0.383729854182655,"9","9","9","Microglia",TRUE,"Trem2_KO_5XFAD3_GATGCTACACGTGAGA-1"
"Trem2_KO_5XFAD3",1159,900,"GSM4173515","Trem2_KO_5XFAD3","Trem2_KO_5XFAD",3,"KO","5XFAD",0.0862812769628991,"9","9","9","Microglia",TRUE,"Trem2_KO_5XFAD3_GCAATCAAGGAGCGAG-1"
"Trem2_KO_5XFAD3",1026,830,"GSM4173515","Trem2_KO_5XFAD3","Trem2_KO_5XFAD",3,"KO","5XFAD",0,"9","9","9","Microglia",TRUE,"Trem2_KO_5XFAD3_GCAATCAGTGGCGAAT-1"
"Trem2_KO_5XFAD3",1346,1070,"GSM4173515","Trem2_KO_5XFAD3","Trem2_KO_5XFAD",3,"KO","5XFAD",0.520059435364042,"9","9","9","Microglia",TRUE,"Trem2_KO_5XFAD3_GCAGCCAAGACCACGA-1"
"Trem2_KO_5XFAD3",1661,1259,"GSM4173515","Trem2_KO_5XFAD3","Trem2_KO_5XFAD",3,"KO","5XFAD",1.68573148705599,"9","9","9","Microglia",TRUE,"Trem2_KO_5XFAD3_GCATGTATCTACTATC-1"
"Trem2_KO_5XFAD3",824,660,"GSM4173515","Trem2_KO_5XFAD3","Trem2_KO_5XFAD",3,"KO","5XFAD",0.485436893203883,"9","9","9","Microglia",TRUE,"Trem2_KO_5XFAD3_GCGCGATCATGTTCCC-1"
"Trem2_KO_5XFAD3",1254,1000,"GSM4173515","Trem2_KO_5XFAD3","Trem2_KO_5XFAD",3,"KO","5XFAD",0.159489633173844,"9","9","9","Microglia",TRUE,"Trem2_KO_5XFAD3_GCGGGTTGTAGTGAAT-1"
"Trem2_KO_5XFAD3",955,776,"GSM4173515","Trem2_KO_5XFAD3","Trem2_KO_5XFAD",3,"KO","5XFAD",0,"9","9","9","Microglia",TRUE,"Trem2_KO_5XFAD3_GCGGGTTGTGTTAAGA-1"
"Trem2_KO_5XFAD3",1010,820,"GSM4173515","Trem2_KO_5XFAD3","Trem2_KO_5XFAD",3,"KO","5XFAD",0.198019801980198,"9","9","9","Microglia",TRUE,"Trem2_KO_5XFAD3_GCTGCTTCAATGGTCT-1"
"Trem2_KO_5XFAD3",1375,1074,"GSM4173515","Trem2_KO_5XFAD3","Trem2_KO_5XFAD",3,"KO","5XFAD",0,"9","9","9","Microglia",TRUE,"Trem2_KO_5XFAD3_GCTGGGTCAAGTTGTC-1"
"Trem2_KO_5XFAD3",1086,903,"GSM4173515","Trem2_KO_5XFAD3","Trem2_KO_5XFAD",3,"KO","5XFAD",0,"9","9","9","Microglia",TRUE,"Trem2_KO_5XFAD3_GCTTCCATCCGTTGCT-1"
"Trem2_KO_5XFAD3",1206,993,"GSM4173515","Trem2_KO_5XFAD3","Trem2_KO_5XFAD",3,"KO","5XFAD",0.0829187396351575,"9","9","9","Microglia",TRUE,"Trem2_KO_5XFAD3_GGACAAGGTCGGATCC-1"
"Trem2_KO_5XFAD3",1423,1038,"GSM4173515","Trem2_KO_5XFAD3","Trem2_KO_5XFAD",3,"KO","5XFAD",0.632466619817287,"9","9","9","Microglia",TRUE,"Trem2_KO_5XFAD3_GGACGTCTCCTACAGA-1"
"Trem2_KO_5XFAD3",1284,990,"GSM4173515","Trem2_KO_5XFAD3","Trem2_KO_5XFAD",3,"KO","5XFAD",0.778816199376947,"9","9","9","Microglia",TRUE,"Trem2_KO_5XFAD3_GGATGTTAGAGCTATA-1"
"Trem2_KO_5XFAD3",1056,850,"GSM4173515","Trem2_KO_5XFAD3","Trem2_KO_5XFAD",3,"KO","5XFAD",0.189393939393939,"9","9","9","Microglia",TRUE,"Trem2_KO_5XFAD3_GGATGTTTCGACAGCC-1"
"Trem2_KO_5XFAD3",1383,1082,"GSM4173515","Trem2_KO_5XFAD3","Trem2_KO_5XFAD",3,"KO","5XFAD",0.289226319595083,"9","9","9","Microglia",TRUE,"Trem2_KO_5XFAD3_GGATGTTTCGACGGAA-1"
"Trem2_KO_5XFAD3",1653,1268,"GSM4173515","Trem2_KO_5XFAD3","Trem2_KO_5XFAD",3,"KO","5XFAD",0.362976406533575,"9","9","9","Microglia",TRUE,"Trem2_KO_5XFAD3_GGATTACTCACATAGC-1"
"Trem2_KO_5XFAD3",1409,1043,"GSM4173515","Trem2_KO_5XFAD3","Trem2_KO_5XFAD",3,"KO","5XFAD",0.28388928317956,"9","9","9","Microglia",TRUE,"Trem2_KO_5XFAD3_GGCAATTTCAGCTCTC-1"
"Trem2_KO_5XFAD3",986,795,"GSM4173515","Trem2_KO_5XFAD3","Trem2_KO_5XFAD",3,"KO","5XFAD",0.304259634888438,"9","9","9","Microglia",TRUE,"Trem2_KO_5XFAD3_GGCGTGTTCGGCGCTA-1"
"Trem2_KO_5XFAD3",1085,862,"GSM4173515","Trem2_KO_5XFAD3","Trem2_KO_5XFAD",3,"KO","5XFAD",0.184331797235023,"9","9","9","Microglia",TRUE,"Trem2_KO_5XFAD3_GGGACCTTCACATACG-1"
"Trem2_KO_5XFAD3",1396,1047,"GSM4173515","Trem2_KO_5XFAD3","Trem2_KO_5XFAD",3,"KO","5XFAD",0,"9","9","9","Microglia",TRUE,"Trem2_KO_5XFAD3_GGGAGATTCGGTGTTA-1"
"Trem2_KO_5XFAD3",1091,857,"GSM4173515","Trem2_KO_5XFAD3","Trem2_KO_5XFAD",3,"KO","5XFAD",0.366636113657195,"9","9","9","Microglia",TRUE,"Trem2_KO_5XFAD3_GGGATGACACAGCCCA-1"
"Trem2_KO_5XFAD3",1207,928,"GSM4173515","Trem2_KO_5XFAD3","Trem2_KO_5XFAD",3,"KO","5XFAD",0.0828500414250207,"9","9","9","Microglia",TRUE,"Trem2_KO_5XFAD3_GGGATGAGTCGATTGT-1"
"Trem2_KO_5XFAD3",1267,962,"GSM4173515","Trem2_KO_5XFAD3","Trem2_KO_5XFAD",3,"KO","5XFAD",0.15785319652723,"9","9","9","Microglia",TRUE,"Trem2_KO_5XFAD3_GGGCATCTCATCGCTC-1"
"Trem2_KO_5XFAD3",981,789,"GSM4173515","Trem2_KO_5XFAD3","Trem2_KO_5XFAD",3,"KO","5XFAD",0,"9","9","9","Microglia",TRUE,"Trem2_KO_5XFAD3_GGTATTGCATTTGCCC-1"
"Trem2_KO_5XFAD3",1385,1050,"GSM4173515","Trem2_KO_5XFAD3","Trem2_KO_5XFAD",3,"KO","5XFAD",0,"9","9","9","Microglia",TRUE,"Trem2_KO_5XFAD3_GGTGAAGAGACGCACA-1"
"Trem2_KO_5XFAD3",1404,1110,"GSM4173515","Trem2_KO_5XFAD3","Trem2_KO_5XFAD",3,"KO","5XFAD",0.213675213675214,"9","9","9","Microglia",TRUE,"Trem2_KO_5XFAD3_GGTGAAGAGTAGATGT-1"
"Trem2_KO_5XFAD3",1240,985,"GSM4173515","Trem2_KO_5XFAD3","Trem2_KO_5XFAD",3,"KO","5XFAD",0.645161290322581,"9","9","9","Microglia",TRUE,"Trem2_KO_5XFAD3_GTAACTGAGCATCATC-1"
"Trem2_KO_5XFAD3",1775,1329,"GSM4173515","Trem2_KO_5XFAD3","Trem2_KO_5XFAD",3,"KO","5XFAD",0.507042253521127,"9","9","9","Microglia",TRUE,"Trem2_KO_5XFAD3_GTACTCCTCACTCCTG-1"
"Trem2_KO_5XFAD3",976,800,"GSM4173515","Trem2_KO_5XFAD3","Trem2_KO_5XFAD",3,"KO","5XFAD",0.307377049180328,"9","9","9","Microglia",TRUE,"Trem2_KO_5XFAD3_GTAGTCAAGCTACCTA-1"
"Trem2_KO_5XFAD3",1262,1015,"GSM4173515","Trem2_KO_5XFAD3","Trem2_KO_5XFAD",3,"KO","5XFAD",0.0792393026941363,"9","9","9","Microglia",TRUE,"Trem2_KO_5XFAD3_GTATCTTTCCGTTGCT-1"
"Trem2_KO_5XFAD3",1269,1010,"GSM4173515","Trem2_KO_5XFAD3","Trem2_KO_5XFAD",3,"KO","5XFAD",0.157604412923562,"9","9","9","Microglia",TRUE,"Trem2_KO_5XFAD3_GTATCTTTCTTGTTTG-1"
"Trem2_KO_5XFAD3",1724,1220,"GSM4173515","Trem2_KO_5XFAD3","Trem2_KO_5XFAD",3,"KO","5XFAD",0.348027842227378,"9","9","9","Microglia",TRUE,"Trem2_KO_5XFAD3_GTCAAGTTCCATGAGT-1"
"Trem2_KO_5XFAD3",4357,2678,"GSM4173515","Trem2_KO_5XFAD3","Trem2_KO_5XFAD",3,"KO","5XFAD",0.25246729400964,"9","9","9","Microglia",TRUE,"Trem2_KO_5XFAD3_GTCATTTCATGCTAGT-1"
"Trem2_KO_5XFAD3",1184,878,"GSM4173515","Trem2_KO_5XFAD3","Trem2_KO_5XFAD",3,"KO","5XFAD",0.253378378378378,"9","9","9","Microglia",TRUE,"Trem2_KO_5XFAD3_GTCGGGTTCACCAGGC-1"
"Trem2_KO_5XFAD3",1110,884,"GSM4173515","Trem2_KO_5XFAD3","Trem2_KO_5XFAD",3,"KO","5XFAD",0,"9","9","9","Microglia",TRUE,"Trem2_KO_5XFAD3_GTCTCGTTCTGGCGAC-1"
"Trem2_KO_5XFAD3",629,533,"GSM4173515","Trem2_KO_5XFAD3","Trem2_KO_5XFAD",3,"KO","5XFAD",0.476947535771065,"9","9","9","Microglia",TRUE,"Trem2_KO_5XFAD3_GTCTTCGTCTCCTATA-1"
"Trem2_KO_5XFAD3",1715,1283,"GSM4173515","Trem2_KO_5XFAD3","Trem2_KO_5XFAD",3,"KO","5XFAD",1.80758017492711,"9","9","9","Microglia",TRUE,"Trem2_KO_5XFAD3_GTGCAGCTCAATCACG-1"
"Trem2_KO_5XFAD3",1338,1063,"GSM4173515","Trem2_KO_5XFAD3","Trem2_KO_5XFAD",3,"KO","5XFAD",0.149476831091181,"9","9","9","Microglia",TRUE,"Trem2_KO_5XFAD3_GTGCTTCCAGAAGCAC-1"
"Trem2_KO_5XFAD3",1546,1192,"GSM4173515","Trem2_KO_5XFAD3","Trem2_KO_5XFAD",3,"KO","5XFAD",0,"9","9","9","Microglia",TRUE,"Trem2_KO_5XFAD3_GTGCTTCGTTCTCATT-1"
"Trem2_KO_5XFAD3",1392,1044,"GSM4173515","Trem2_KO_5XFAD3","Trem2_KO_5XFAD",3,"KO","5XFAD",0.14367816091954,"9","9","9","Microglia",TRUE,"Trem2_KO_5XFAD3_GTGTTAGGTGGCTCCA-1"
"Trem2_KO_5XFAD3",1189,935,"GSM4173515","Trem2_KO_5XFAD3","Trem2_KO_5XFAD",3,"KO","5XFAD",1.00925147182506,"9","9","9","Microglia",TRUE,"Trem2_KO_5XFAD3_GTGTTAGTCTACTATC-1"
"Trem2_KO_5XFAD3",1237,968,"GSM4173515","Trem2_KO_5XFAD3","Trem2_KO_5XFAD",3,"KO","5XFAD",0.242522231204527,"9","9","9","Microglia",TRUE,"Trem2_KO_5XFAD3_GTTACAGGTACCGAGA-1"
"Trem2_KO_5XFAD3",1159,932,"GSM4173515","Trem2_KO_5XFAD3","Trem2_KO_5XFAD",3,"KO","5XFAD",0.0862812769628991,"9","9","9","Microglia",TRUE,"Trem2_KO_5XFAD3_GTTCATTTCGATAGAA-1"
"Trem2_KO_5XFAD3",659,566,"GSM4173515","Trem2_KO_5XFAD3","Trem2_KO_5XFAD",3,"KO","5XFAD",0.151745068285281,"9","9","9","Microglia",TRUE,"Trem2_KO_5XFAD3_GTTCGGGAGTGTACTC-1"
"Trem2_KO_5XFAD3",688,547,"GSM4173515","Trem2_KO_5XFAD3","Trem2_KO_5XFAD",3,"KO","5XFAD",6.1046511627907,"9","9","9","Microglia",TRUE,"Trem2_KO_5XFAD3_TAAACCGAGAGGTAGA-1"
"Trem2_KO_5XFAD3",1008,798,"GSM4173515","Trem2_KO_5XFAD3","Trem2_KO_5XFAD",3,"KO","5XFAD",2.08333333333333,"9","9","9","Microglia",TRUE,"Trem2_KO_5XFAD3_TAAGAGAGTAACGTTC-1"
"Trem2_KO_5XFAD3",957,788,"GSM4173515","Trem2_KO_5XFAD3","Trem2_KO_5XFAD",3,"KO","5XFAD",0.83594566353187,"9","9","9","Microglia",TRUE,"Trem2_KO_5XFAD3_TACAGTGTCTCGATGA-1"
"Trem2_KO_5XFAD3",1093,885,"GSM4173515","Trem2_KO_5XFAD3","Trem2_KO_5XFAD",3,"KO","5XFAD",0,"9","9","9","Microglia",TRUE,"Trem2_KO_5XFAD3_TACCTTATCCTTCAAT-1"
"Trem2_KO_5XFAD3",923,737,"GSM4173515","Trem2_KO_5XFAD3","Trem2_KO_5XFAD",3,"KO","5XFAD",0.216684723726977,"9","9","9","Microglia",TRUE,"Trem2_KO_5XFAD3_TACGGATCACAGGCCT-1"
"Trem2_KO_5XFAD3",1675,1234,"GSM4173515","Trem2_KO_5XFAD3","Trem2_KO_5XFAD",3,"KO","5XFAD",0.238805970149254,"9","9","9","Microglia",TRUE,"Trem2_KO_5XFAD3_TACGGGCTCGGCCGAT-1"
"Trem2_KO_5XFAD3",1162,940,"GSM4173515","Trem2_KO_5XFAD3","Trem2_KO_5XFAD",3,"KO","5XFAD",0.0860585197934596,"9","9","9","Microglia",TRUE,"Trem2_KO_5XFAD3_TACGGTAGTGCGAAAC-1"
"Trem2_KO_5XFAD3",596,481,"GSM4173515","Trem2_KO_5XFAD3","Trem2_KO_5XFAD",3,"KO","5XFAD",0.335570469798658,"9","9","9","Microglia",TRUE,"Trem2_KO_5XFAD3_TAGAGCTAGCGGATCA-1"
"Trem2_KO_5XFAD3",1382,1082,"GSM4173515","Trem2_KO_5XFAD3","Trem2_KO_5XFAD",3,"KO","5XFAD",0.144717800289436,"9","9","9","Microglia",TRUE,"Trem2_KO_5XFAD3_TAGCCGGTCGTTGCCT-1"
"Trem2_KO_5XFAD3",1763,1330,"GSM4173515","Trem2_KO_5XFAD3","Trem2_KO_5XFAD",3,"KO","5XFAD",0.0567214974475326,"9","9","9","Microglia",TRUE,"Trem2_KO_5XFAD3_TAGTGGTTCCTACAGA-1"
"Trem2_KO_5XFAD3",973,810,"GSM4173515","Trem2_KO_5XFAD3","Trem2_KO_5XFAD",3,"KO","5XFAD",0.411099691675231,"9","9","9","Microglia",TRUE,"Trem2_KO_5XFAD3_TAGTTGGCAACGATCT-1"
"Trem2_KO_5XFAD3",1082,863,"GSM4173515","Trem2_KO_5XFAD3","Trem2_KO_5XFAD",3,"KO","5XFAD",0,"9","9","9","Microglia",TRUE,"Trem2_KO_5XFAD3_TAGTTGGCAGCCAATT-1"
"Trem2_KO_5XFAD3",1245,1015,"GSM4173515","Trem2_KO_5XFAD3","Trem2_KO_5XFAD",3,"KO","5XFAD",0.160642570281124,"9","9","9","Microglia",TRUE,"Trem2_KO_5XFAD3_TATCTCATCTTGCATT-1"
"Trem2_KO_5XFAD3",6922,3561,"GSM4173515","Trem2_KO_5XFAD3","Trem2_KO_5XFAD",3,"KO","5XFAD",0.0866801502455938,"9","9","9","Microglia",TRUE,"Trem2_KO_5XFAD3_TCAACGAAGCGCCTCA-1"
"Trem2_KO_5XFAD3",1052,873,"GSM4173515","Trem2_KO_5XFAD3","Trem2_KO_5XFAD",3,"KO","5XFAD",0.285171102661597,"9","9","9","Microglia",TRUE,"Trem2_KO_5XFAD3_TCAACGACATAAAGGT-1"
"Trem2_KO_5XFAD3",2751,1811,"GSM4173515","Trem2_KO_5XFAD3","Trem2_KO_5XFAD",3,"KO","5XFAD",0.145401672119229,"9","9","9","Microglia",TRUE,"Trem2_KO_5XFAD3_TCACAAGTCCGTAGTA-1"
"Trem2_KO_5XFAD3",870,700,"GSM4173515","Trem2_KO_5XFAD3","Trem2_KO_5XFAD",3,"KO","5XFAD",0.459770114942529,"9","9","9","Microglia",TRUE,"Trem2_KO_5XFAD3_TCACGAATCGGATGGA-1"
"Trem2_KO_5XFAD3",1277,1006,"GSM4173515","Trem2_KO_5XFAD3","Trem2_KO_5XFAD",3,"KO","5XFAD",0,"9","9","9","Microglia",TRUE,"Trem2_KO_5XFAD3_TCAGCTCTCACAGGCC-1"
"Trem2_KO_5XFAD3",1385,1062,"GSM4173515","Trem2_KO_5XFAD3","Trem2_KO_5XFAD",3,"KO","5XFAD",0.0722021660649819,"9","9","9","Microglia",TRUE,"Trem2_KO_5XFAD3_TCAGGTAGTTGCCTCT-1"
"Trem2_KO_5XFAD3",985,790,"GSM4173515","Trem2_KO_5XFAD3","Trem2_KO_5XFAD",3,"KO","5XFAD",0.304568527918782,"9","9","9","Microglia",TRUE,"Trem2_KO_5XFAD3_TCGAGGCGTCGAATCT-1"
"Trem2_KO_5XFAD3",1282,984,"GSM4173515","Trem2_KO_5XFAD3","Trem2_KO_5XFAD",3,"KO","5XFAD",0.078003120124805,"9","9","9","Microglia",TRUE,"Trem2_KO_5XFAD3_TCGCGAGAGCGTAATA-1"
"Trem2_KO_5XFAD3",1521,1186,"GSM4173515","Trem2_KO_5XFAD3","Trem2_KO_5XFAD",3,"KO","5XFAD",0.131492439184747,"9","9","9","Microglia",TRUE,"Trem2_KO_5XFAD3_TCGCGAGCATACAGCT-1"
"Trem2_KO_5XFAD3",1276,1021,"GSM4173515","Trem2_KO_5XFAD3","Trem2_KO_5XFAD",3,"KO","5XFAD",0.0783699059561128,"9","9","9","Microglia",TRUE,"Trem2_KO_5XFAD3_TCGCGAGGTGAGTATA-1"
"Trem2_KO_5XFAD3",1022,783,"GSM4173515","Trem2_KO_5XFAD3","Trem2_KO_5XFAD",3,"KO","5XFAD",7.53424657534247,"9","9","9","Microglia",TRUE,"Trem2_KO_5XFAD3_TCGGGACGTAGCGTCC-1"
"Trem2_KO_5XFAD3",1037,795,"GSM4173515","Trem2_KO_5XFAD3","Trem2_KO_5XFAD",3,"KO","5XFAD",0.38572806171649,"9","9","9","Microglia",TRUE,"Trem2_KO_5XFAD3_TCGTAGATCGCCCTTA-1"
"Trem2_KO_5XFAD3",1687,1236,"GSM4173515","Trem2_KO_5XFAD3","Trem2_KO_5XFAD",3,"KO","5XFAD",0.1778304682869,"9","9","9","Microglia",TRUE,"Trem2_KO_5XFAD3_TCTCATAAGTACTTGC-1"
"Trem2_KO_5XFAD3",1233,1006,"GSM4173515","Trem2_KO_5XFAD3","Trem2_KO_5XFAD",3,"KO","5XFAD",0.08110300081103,"9","9","9","Microglia",TRUE,"Trem2_KO_5XFAD3_TCTCATACATATGGTC-1"
"Trem2_KO_5XFAD3",1294,965,"GSM4173515","Trem2_KO_5XFAD3","Trem2_KO_5XFAD",3,"KO","5XFAD",0.231839258114374,"9","9","9","Microglia",TRUE,"Trem2_KO_5XFAD3_TCTCTAACAATACGCT-1"
"Trem2_KO_5XFAD3",936,758,"GSM4173515","Trem2_KO_5XFAD3","Trem2_KO_5XFAD",3,"KO","5XFAD",0.32051282051282,"9","9","9","Microglia",TRUE,"Trem2_KO_5XFAD3_TCTTCGGTCTTGTACT-1"
"Trem2_KO_5XFAD3",913,740,"GSM4173515","Trem2_KO_5XFAD3","Trem2_KO_5XFAD",3,"KO","5XFAD",0.547645125958379,"9","9","9","Microglia",TRUE,"Trem2_KO_5XFAD3_TGAAAGAAGAAGGGTA-1"
"Trem2_KO_5XFAD3",700,610,"GSM4173515","Trem2_KO_5XFAD3","Trem2_KO_5XFAD",3,"KO","5XFAD",0.142857142857143,"9","9","9","Microglia",TRUE,"Trem2_KO_5XFAD3_TGAAAGAGTGTCCTCT-1"
"Trem2_KO_5XFAD3",1218,977,"GSM4173515","Trem2_KO_5XFAD3","Trem2_KO_5XFAD",3,"KO","5XFAD",0.328407224958949,"9","9","9","Microglia",TRUE,"Trem2_KO_5XFAD3_TGAAAGATCTGCTGTC-1"
"Trem2_KO_5XFAD3",1120,868,"GSM4173515","Trem2_KO_5XFAD3","Trem2_KO_5XFAD",3,"KO","5XFAD",0,"9","9","9","Microglia",TRUE,"Trem2_KO_5XFAD3_TGACGGCAGAAGGCCT-1"
"Trem2_KO_5XFAD3",1166,948,"GSM4173515","Trem2_KO_5XFAD3","Trem2_KO_5XFAD",3,"KO","5XFAD",0.428816466552316,"9","9","9","Microglia",TRUE,"Trem2_KO_5XFAD3_TGACTAGGTAACGTTC-1"
"Trem2_KO_5XFAD3",1629,1241,"GSM4173515","Trem2_KO_5XFAD3","Trem2_KO_5XFAD",3,"KO","5XFAD",0.245549416820135,"9","9","9","Microglia",TRUE,"Trem2_KO_5XFAD3_TGAGCCGAGTGAAGTT-1"
"Trem2_KO_5XFAD3",775,646,"GSM4173515","Trem2_KO_5XFAD3","Trem2_KO_5XFAD",3,"KO","5XFAD",0.129032258064516,"9","9","9","Microglia",TRUE,"Trem2_KO_5XFAD3_TGAGGGAAGGCGCTCT-1"
"Trem2_KO_5XFAD3",714,619,"GSM4173515","Trem2_KO_5XFAD3","Trem2_KO_5XFAD",3,"KO","5XFAD",0,"9","9","9","Microglia",TRUE,"Trem2_KO_5XFAD3_TGAGGGACAATTGCTG-1"
"Trem2_KO_5XFAD3",857,735,"GSM4173515","Trem2_KO_5XFAD3","Trem2_KO_5XFAD",3,"KO","5XFAD",0.233372228704784,"9","9","9","Microglia",TRUE,"Trem2_KO_5XFAD3_TGAGGGATCCGCATAA-1"
"Trem2_KO_5XFAD3",1547,1196,"GSM4173515","Trem2_KO_5XFAD3","Trem2_KO_5XFAD",3,"KO","5XFAD",0.129282482223659,"9","9","9","Microglia",TRUE,"Trem2_KO_5XFAD3_TGCACCTCACGTCTCT-1"
"Trem2_KO_5XFAD3",1010,840,"GSM4173515","Trem2_KO_5XFAD3","Trem2_KO_5XFAD",3,"KO","5XFAD",0,"9","9","9","Microglia",TRUE,"Trem2_KO_5XFAD3_TGCCCTACAATCTACG-1"
"Trem2_KO_5XFAD3",619,544,"GSM4173515","Trem2_KO_5XFAD3","Trem2_KO_5XFAD",3,"KO","5XFAD",0.161550888529887,"9","9","9","Microglia",TRUE,"Trem2_KO_5XFAD3_TGCGTGGTCCAGTAGT-1"
"Trem2_KO_5XFAD3",1818,1382,"GSM4173515","Trem2_KO_5XFAD3","Trem2_KO_5XFAD",3,"KO","5XFAD",0.44004400440044,"9","9","9","Microglia",TRUE,"Trem2_KO_5XFAD3_TGGACGCAGATGTGTA-1"
"Trem2_KO_5XFAD3",1304,1040,"GSM4173515","Trem2_KO_5XFAD3","Trem2_KO_5XFAD",3,"KO","5XFAD",0.0766871165644172,"9","9","9","Microglia",TRUE,"Trem2_KO_5XFAD3_TGGACGCGTAACGACG-1"
"Trem2_KO_5XFAD3",927,759,"GSM4173515","Trem2_KO_5XFAD3","Trem2_KO_5XFAD",3,"KO","5XFAD",0.215749730312837,"9","9","9","Microglia",TRUE,"Trem2_KO_5XFAD3_TGGCGCAGTTGGGACA-1"
"Trem2_KO_5XFAD3",638,546,"GSM4173515","Trem2_KO_5XFAD3","Trem2_KO_5XFAD",3,"KO","5XFAD",0.156739811912226,"9","9","9","Microglia",TRUE,"Trem2_KO_5XFAD3_TGGGAAGAGTGAAGAG-1"
"Trem2_KO_5XFAD3",1400,1090,"GSM4173515","Trem2_KO_5XFAD3","Trem2_KO_5XFAD",3,"KO","5XFAD",0.714285714285714,"9","9","9","Microglia",TRUE,"Trem2_KO_5XFAD3_TGGGCGTAGAGCCTAG-1"
"Trem2_KO_5XFAD3",1213,937,"GSM4173515","Trem2_KO_5XFAD3","Trem2_KO_5XFAD",3,"KO","5XFAD",0.412201154163232,"9","9","9","Microglia",TRUE,"Trem2_KO_5XFAD3_TGGGCGTAGAGTCGGT-1"
"Trem2_KO_5XFAD3",1123,886,"GSM4173515","Trem2_KO_5XFAD3","Trem2_KO_5XFAD",3,"KO","5XFAD",0.356188780053428,"9","9","9","Microglia",TRUE,"Trem2_KO_5XFAD3_TGGTTAGCAGATGGCA-1"
"Trem2_KO_5XFAD3",1150,921,"GSM4173515","Trem2_KO_5XFAD3","Trem2_KO_5XFAD",3,"KO","5XFAD",1.65217391304348,"9","9","9","Microglia",TRUE,"Trem2_KO_5XFAD3_TGTATTCCACTAGTAC-1"
"Trem2_KO_5XFAD3",1550,1204,"GSM4173515","Trem2_KO_5XFAD3","Trem2_KO_5XFAD",3,"KO","5XFAD",0.129032258064516,"9","9","9","Microglia",TRUE,"Trem2_KO_5XFAD3_TGTATTCTCCTTGACC-1"
"Trem2_KO_5XFAD3",1453,1102,"GSM4173515","Trem2_KO_5XFAD3","Trem2_KO_5XFAD",3,"KO","5XFAD",0.825877494838266,"9","9","9","Microglia",TRUE,"Trem2_KO_5XFAD3_TGTCCCAAGAATGTGT-1"
"Trem2_KO_5XFAD3",1050,850,"GSM4173515","Trem2_KO_5XFAD3","Trem2_KO_5XFAD",3,"KO","5XFAD",0.476190476190476,"9","9","9","Microglia",TRUE,"Trem2_KO_5XFAD3_TGTCCCAGTTCCAACA-1"
"Trem2_KO_5XFAD3",1385,1047,"GSM4173515","Trem2_KO_5XFAD3","Trem2_KO_5XFAD",3,"KO","5XFAD",0,"9","9","9","Microglia",TRUE,"Trem2_KO_5XFAD3_TGTTCCGAGCGCCTTG-1"
"Trem2_KO_5XFAD3",1383,1096,"GSM4173515","Trem2_KO_5XFAD3","Trem2_KO_5XFAD",3,"KO","5XFAD",0.144613159797542,"9","9","9","Microglia",TRUE,"Trem2_KO_5XFAD3_TTAGGACCAATACGCT-1"
"Trem2_KO_5XFAD3",1259,1017,"GSM4173515","Trem2_KO_5XFAD3","Trem2_KO_5XFAD",3,"KO","5XFAD",0.079428117553614,"9","9","9","Microglia",TRUE,"Trem2_KO_5XFAD3_TTAGGACCATAGGATA-1"
"Trem2_KO_5XFAD3",1436,1128,"GSM4173515","Trem2_KO_5XFAD3","Trem2_KO_5XFAD",3,"KO","5XFAD",0.0696378830083565,"9","9","9","Microglia",TRUE,"Trem2_KO_5XFAD3_TTAGTTCTCTACTTAC-1"
"Trem2_KO_5XFAD3",1488,1137,"GSM4173515","Trem2_KO_5XFAD3","Trem2_KO_5XFAD",3,"KO","5XFAD",0,"9","9","9","Microglia",TRUE,"Trem2_KO_5XFAD3_TTCCCAGTCCTGCTTG-1"
"Trem2_KO_5XFAD3",1273,1010,"GSM4173515","Trem2_KO_5XFAD3","Trem2_KO_5XFAD",3,"KO","5XFAD",0.471327572663001,"9","9","9","Microglia",TRUE,"Trem2_KO_5XFAD3_TTCGAAGAGCAGATCG-1"
"Trem2_KO_5XFAD3",649,541,"GSM4173515","Trem2_KO_5XFAD3","Trem2_KO_5XFAD",3,"KO","5XFAD",0.462249614791988,"9","9","9","Microglia",TRUE,"Trem2_KO_5XFAD3_TTCTCAACAGTAACGG-1"
"Trem2_KO_5XFAD3",1235,1001,"GSM4173515","Trem2_KO_5XFAD3","Trem2_KO_5XFAD",3,"KO","5XFAD",0,"9","9","9","Microglia",TRUE,"Trem2_KO_5XFAD3_TTCTTAGGTCTAGCGC-1"
"Trem2_KO_5XFAD3",985,843,"GSM4173515","Trem2_KO_5XFAD3","Trem2_KO_5XFAD",3,"KO","5XFAD",0,"9","9","9","Microglia",TRUE,"Trem2_KO_5XFAD3_TTTATGCCAACACGCC-1"
"Trem2_KO_5XFAD3",881,728,"GSM4173515","Trem2_KO_5XFAD3","Trem2_KO_5XFAD",3,"KO","5XFAD",0.113507377979569,"9","9","9","Microglia",TRUE,"Trem2_KO_5XFAD3_TTTGCGCTCCACGTTC-1"
